timestamp,Q
1911-01-01,536.86
1911-01-02,547.62
1911-01-03,550.90
1911-01-04,536.86
1911-01-05,426.00
1911-01-06,408.52
1911-01-07,318.75
1911-01-08,408.52
1911-01-09,287.78
1911-01-10,411.72
1911-01-11,572.51
1911-01-12,512.31
1911-01-13,463.68
1911-01-14,345.18
1911-01-15,302.46
1911-01-16,274.75
1911-01-17,207.86
1911-01-18,221.65
1911-01-19,232.40
1911-01-20,204.78
1911-01-21,227.25
1911-01-22,221.65
1911-01-23,204.78
1911-01-24,202.32
1911-01-25,180.07
1911-01-26,171.56
1911-01-27,230.34
1911-01-28,260.74
1911-01-29,281.53
1911-01-30,223.71
1911-01-31,221.65
1911-02-01,195.15
1911-02-02,162.41
1911-02-03,162.41
1911-02-04,185.56
1911-02-05,162.41
1911-02-06,155.98
1911-02-07,160.04
1911-02-08,151.92
1911-02-09,151.92
1911-02-10,141.48
1911-02-11,133.10
1911-02-12,126.77
1911-02-13,133.10
1911-02-14,126.77
1911-02-15,126.77
1911-02-16,133.10
1911-02-17,114.44
1911-02-18,158.01
1911-02-19,158.01
1911-02-20,238.02
1911-02-21,274.75
1911-02-22,221.65
1911-02-23,260.74
1911-02-24,287.78
1911-02-25,446.00
1911-02-26,480.62
1911-02-27,621.40
1911-02-28,580.08
1911-03-01,583.37
1911-03-02,681.36
1911-03-03,757.08
1911-03-04,784.33
1911-03-05,789.88
1911-03-06,700.41
1911-03-07,555.12
1911-03-08,512.31
1911-03-09,442.79
1911-03-10,377.76
1911-03-11,334.04
1911-03-12,260.74
1911-03-13,274.75
1911-03-14,519.69
1911-03-15,555.12
1911-03-16,601.87
1911-03-17,515.55
1911-03-18,446.00
1911-03-19,442.79
1911-03-20,480.62
1911-03-21,450.00
1911-03-22,415.65
1911-03-23,308.74
1911-03-24,340.97
1911-03-25,328.79
1911-03-26,308.74
1911-03-27,302.46
1911-03-28,530.34
1911-03-29,558.41
1911-03-30,565.94
1911-03-31,530.34
1911-04-01,460.46
1911-04-02,348.98
1911-04-03,260.74
1911-04-04,296.67
1911-04-05,248.84
1911-04-06,189.64
1911-04-07,189.64
1911-04-08,192.71
1911-04-09,180.07
1911-04-10,185.56
1911-04-11,180.07
1911-04-12,174.98
1911-04-13,164.44
1911-04-14,122.74
1911-04-15,147.55
1911-04-16,135.12
1911-04-17,135.12
1911-04-18,106.18
1911-04-19,122.74
1911-04-20,120.73
1911-04-21,108.17
1911-04-22,108.17
1911-04-23,104.18
1911-04-24,87.77
1911-04-25,104.18
1911-04-26,95.96
1911-04-27,95.96
1911-04-28,108.17
1911-04-29,238.02
1911-04-30,185.56
1911-05-01,200.27
1911-05-02,195.15
1911-05-03,160.04
1911-05-04,116.45
1911-05-05,143.50
1911-05-06,149.57
1911-05-07,122.74
1911-05-08,116.45
1911-05-09,118.45
1911-05-10,104.18
1911-05-11,108.17
1911-05-12,116.45
1911-05-13,137.13
1911-05-14,133.10
1911-05-15,110.43
1911-05-16,110.43
1911-05-17,116.45
1911-05-18,200.27
1911-05-19,145.53
1911-05-20,122.74
1911-05-21,114.44
1911-05-22,108.17
1911-05-23,87.77
1911-05-24,87.77
1911-05-25,93.96
1911-05-26,78.65
1911-05-27,78.65
1911-05-28,72.72
1911-05-29,76.67
1911-05-30,54.67
1911-05-31,74.69
1911-06-01,70.74
1911-06-02,70.74
1911-06-03,72.72
1911-06-04,72.72
1911-06-05,95.96
1911-06-06,110.43
1911-06-07,78.65
1911-06-08,61.70
1911-06-09,67.60
1911-06-10,61.70
1911-06-11,60.72
1911-06-12,51.74
1911-06-13,56.63
1911-06-14,47.69
1911-06-15,65.63
1911-06-16,162.41
1911-06-17,70.74
1911-06-18,70.74
1911-06-19,63.67
1911-06-20,209.91
1911-06-21,95.96
1911-06-22,76.67
1911-06-23,85.79
1911-06-24,61.70
1911-06-25,58.59
1911-06-26,69.76
1911-06-27,61.70
1911-06-28,81.82
1911-06-29,39.92
1911-06-30,47.69
1911-07-01,43.80
1911-07-02,45.74
1911-07-03,47.69
1911-07-04,54.67
1911-07-05,54.67
1911-07-06,15.64
1911-07-07,32.06
1911-07-08,27.15
1911-07-09,23.33
1911-07-10,10.00
1911-07-11,10.00
1911-07-12,10.00
1911-07-13,10.00
1911-07-14,10.00
1911-07-15,10.00
1911-07-16,10.00
1911-07-17,10.00
1911-07-18,21.42
1911-07-19,24.28
1911-07-20,15.64
1911-07-21,18.47
1911-07-22,15.64
1911-07-23,10.00
1911-07-24,10.00
1911-07-25,15.64
1911-07-26,15.64
1911-07-27,15.64
1911-07-28,23.33
1911-07-29,18.47
1911-07-30,15.64
1911-07-31,15.64
1911-08-01,11.87
1911-08-02,10.00
1911-08-03,10.00
1911-08-04,12.81
1911-08-05,12.81
1911-08-06,11.87
1911-08-07,10.00
1911-08-08,11.87
1911-08-09,10.00
1911-08-10,10.00
1911-08-11,11.87
1911-08-12,10.00
1911-08-13,10.00
1911-08-14,10.00
1911-08-15,10.00
1911-08-16,10.00
1911-08-17,10.00
1911-08-18,10.00
1911-08-19,10.00
1911-08-20,10.00
1911-08-21,10.00
1911-08-22,10.00
1911-08-23,10.00
1911-08-24,10.00
1911-08-25,10.00
1911-08-26,10.00
1911-08-27,10.00
1911-08-28,10.00
1911-08-29,10.00
1911-08-30,10.00
1911-08-31,10.00
1911-09-01,10.00
1911-09-02,10.00
1911-09-03,10.00
1911-09-04,10.00
1911-09-05,10.00
1911-09-06,10.00
1911-09-07,10.00
1911-09-08,10.00
1911-09-09,10.00
1911-09-10,10.00
1911-09-11,10.00
1911-09-12,10.00
1911-09-13,10.00
1911-09-14,10.00
1911-09-15,10.00
1911-09-16,10.00
1911-09-17,10.00
1911-09-18,10.00
1911-09-19,10.00
1911-09-20,10.00
1911-09-21,10.00
1911-09-22,10.00
1911-09-23,14.69
1911-09-24,10.00
1911-09-25,10.00
1911-09-26,10.00
1911-09-27,10.00
1911-09-28,10.00
1911-09-29,10.00
1911-09-30,10.00
1911-10-01,10.00
1911-10-02,39.92
1911-10-03,21.42
1911-10-04,26.19
1911-10-05,14.69
1911-10-06,29.06
1911-10-07,21.42
1911-10-08,14.69
1911-10-09,14.69
1911-10-10,10.00
1911-10-11,10.00
1911-10-12,10.00
1911-10-13,10.00
1911-10-14,11.87
1911-10-15,10.00
1911-10-16,10.00
1911-10-17,14.69
1911-10-18,10.00
1911-10-19,10.00
1911-10-20,10.00
1911-10-21,10.00
1911-10-22,10.00
1911-10-23,10.00
1911-10-24,11.87
1911-10-25,23.33
1911-10-26,21.42
1911-10-27,39.92
1911-10-28,32.06
1911-10-29,39.92
1911-10-30,32.06
1911-10-31,30.14
1911-11-01,33.99
1911-11-02,30.14
1911-11-03,27.15
1911-11-04,23.33
1911-11-05,23.33
1911-11-06,23.33
1911-11-07,39.92
1911-11-08,39.92
1911-11-09,36.88
1911-11-10,33.99
1911-11-11,32.06
1911-11-12,27.15
1911-11-13,61.70
1911-11-14,118.45
1911-11-15,110.43
1911-11-16,74.69
1911-11-17,83.81
1911-11-18,70.74
1911-11-19,151.92
1911-11-20,171.56
1911-11-21,512.31
1911-11-22,439.59
1911-11-23,287.78
1911-11-24,212.99
1911-11-25,164.44
1911-11-26,160.04
1911-11-27,139.15
1911-11-28,95.96
1911-11-29,162.41
1911-11-30,162.41
1911-12-01,151.92
1911-12-02,122.74
1911-12-03,122.74
1911-12-04,122.74
1911-12-05,143.50
1911-12-06,162.41
1911-12-07,151.92
1911-12-08,133.10
1911-12-09,141.48
1911-12-10,171.56
1911-12-11,209.91
1911-12-12,334.04
1911-12-13,426.00
1911-12-14,374.58
1911-12-15,296.67
1911-12-16,248.84
1911-12-17,232.40
1911-12-18,232.40
1911-12-19,185.56
1911-12-20,185.56
1911-12-21,391.86
1911-12-22,700.41
1911-12-23,1044.22
1911-12-24,1247.83
1911-12-25,1159.96
1911-12-26,1126.82
1911-12-27,1055.01
1911-12-28,1044.22
1911-12-29,911.61
1911-12-30,885.16
1911-12-31,766.22
1912-01-01,673.38
1912-01-02,594.26
1912-01-03,522.94
1912-01-04,501.71
1912-01-05,550.90
1912-01-06,673.38
1912-01-07,938.40
1912-01-08,1264.48
1912-01-09,1137.86
1912-01-10,991.42
1912-01-11,895.82
1912-01-12,802.84
1912-01-13,720.84
1912-01-14,720.84
1912-01-15,693.78
1912-01-16,641.73
1912-01-17,601.87
1912-01-18,530.34
1912-01-19,381.62
1912-01-20,318.75
1912-01-21,302.46
1912-01-22,274.75
1912-01-23,232.40
1912-01-24,260.74
1912-01-25,302.46
1912-01-26,318.75
1912-01-27,287.78
1912-01-28,235.50
1912-01-29,216.51
1912-01-30,177.02
1912-01-31,171.56
1912-02-01,185.56
1912-02-02,162.41
1912-02-03,166.48
1912-02-04,143.50
1912-02-05,137.13
1912-02-06,102.18
1912-02-07,122.74
1912-02-08,162.41
1912-02-09,133.10
1912-02-10,185.56
1912-02-11,180.07
1912-02-12,182.11
1912-02-13,195.15
1912-02-14,197.20
1912-02-15,260.74
1912-02-16,241.12
1912-02-17,216.51
1912-02-18,200.27
1912-02-19,171.56
1912-02-20,166.48
1912-02-21,185.56
1912-02-22,171.56
1912-02-23,177.02
1912-02-24,272.67
1912-02-25,466.90
1912-02-26,575.80
1912-02-27,649.69
1912-02-28,555.12
1912-02-29,512.31
1912-03-01,408.52
1912-03-02,345.18
1912-03-03,384.80
1912-03-04,442.79
1912-03-05,501.71
1912-03-06,618.09
1912-03-07,583.37
1912-03-08,583.37
1912-03-09,565.94
1912-03-10,530.34
1912-03-11,480.62
1912-03-12,466.90
1912-03-13,391.86
1912-03-14,318.75
1912-03-15,348.98
1912-03-16,287.78
1912-03-17,274.75
1912-03-18,315.60
1912-03-19,345.18
1912-03-20,583.37
1912-03-21,618.09
1912-03-22,700.41
1912-03-23,885.16
1912-03-24,770.65
1912-03-25,826.16
1912-03-26,835.02
1912-03-27,720.84
1912-03-28,626.04
1912-03-29,565.94
1912-03-30,487.92
1912-03-31,429.20
1912-04-01,418.85
1912-04-02,365.45
1912-04-03,348.98
1912-04-04,302.46
1912-04-05,246.29
1912-04-06,241.12
1912-04-07,232.40
1912-04-08,207.86
1912-04-09,195.15
1912-04-10,189.64
1912-04-11,202.32
1912-04-12,207.86
1912-04-13,200.27
1912-04-14,177.02
1912-04-15,162.41
1912-04-16,160.04
1912-04-17,153.95
1912-04-18,145.53
1912-04-19,131.08
1912-04-20,116.45
1912-04-21,122.74
1912-04-22,128.78
1912-04-23,120.73
1912-04-24,104.18
1912-04-25,95.96
1912-04-26,89.98
1912-04-27,74.69
1912-04-28,87.77
1912-04-29,85.79
1912-04-30,85.79
1912-05-01,81.82
1912-05-02,78.65
1912-05-03,70.74
1912-05-04,70.74
1912-05-05,70.74
1912-05-06,69.76
1912-05-07,67.60
1912-05-08,69.76
1912-05-09,74.69
1912-05-10,79.84
1912-05-11,74.69
1912-05-12,72.72
1912-05-13,70.74
1912-05-14,65.63
1912-05-15,63.67
1912-05-16,54.67
1912-05-17,58.59
1912-05-18,54.67
1912-05-19,61.70
1912-05-20,58.59
1912-05-21,54.67
1912-05-22,58.59
1912-05-23,78.65
1912-05-24,74.69
1912-05-25,70.74
1912-05-26,70.74
1912-05-27,58.59
1912-05-28,54.67
1912-05-29,33.99
1912-05-30,54.67
1912-05-31,51.74
1912-06-01,47.69
1912-06-02,51.74
1912-06-03,51.74
1912-06-04,54.67
1912-06-05,54.67
1912-06-06,87.77
1912-06-07,67.60
1912-06-08,74.69
1912-06-09,61.70
1912-06-10,47.69
1912-06-11,47.69
1912-06-12,47.69
1912-06-13,51.74
1912-06-14,49.79
1912-06-15,43.80
1912-06-16,38.82
1912-06-17,39.92
1912-06-18,47.69
1912-06-19,45.74
1912-06-20,49.79
1912-06-21,39.92
1912-06-22,36.88
1912-06-23,34.95
1912-06-24,39.92
1912-06-25,36.88
1912-06-26,36.88
1912-06-27,24.28
1912-06-28,32.06
1912-06-29,29.06
1912-06-30,36.88
1912-07-01,36.88
1912-07-02,38.82
1912-07-03,38.82
1912-07-04,51.74
1912-07-05,51.74
1912-07-06,47.69
1912-07-07,39.92
1912-07-08,36.88
1912-07-09,34.95
1912-07-10,32.06
1912-07-11,32.06
1912-07-12,32.06
1912-07-13,32.06
1912-07-14,23.33
1912-07-15,21.42
1912-07-16,15.64
1912-07-17,10.00
1912-07-18,10.00
1912-07-19,10.00
1912-07-20,15.64
1912-07-21,15.64
1912-07-22,10.00
1912-07-23,10.00
1912-07-24,17.53
1912-07-25,23.33
1912-07-26,23.33
1912-07-27,26.19
1912-07-28,17.53
1912-07-29,15.64
1912-07-30,15.64
1912-07-31,15.64
1912-08-01,15.64
1912-08-02,15.64
1912-08-03,15.64
1912-08-04,15.64
1912-08-05,17.53
1912-08-06,15.64
1912-08-07,15.64
1912-08-08,15.64
1912-08-09,15.64
1912-08-10,15.64
1912-08-11,17.53
1912-08-12,15.64
1912-08-13,15.64
1912-08-14,26.19
1912-08-15,21.42
1912-08-16,27.15
1912-08-17,27.15
1912-08-18,27.15
1912-08-19,20.47
1912-08-20,27.15
1912-08-21,15.64
1912-08-22,12.81
1912-08-23,17.53
1912-08-24,32.06
1912-08-25,104.18
1912-08-26,49.79
1912-08-27,78.65
1912-08-28,153.95
1912-08-29,102.18
1912-08-30,85.79
1912-08-31,104.18
1912-09-01,133.10
1912-09-02,100.18
1912-09-03,106.18
1912-09-04,145.53
1912-09-05,91.97
1912-09-06,137.13
1912-09-07,133.10
1912-09-08,120.73
1912-09-09,432.40
1912-09-10,398.24
1912-09-11,391.86
1912-09-12,470.12
1912-09-13,381.62
1912-09-14,287.78
1912-09-15,241.12
1912-09-16,162.41
1912-09-17,166.48
1912-09-18,141.48
1912-09-19,133.10
1912-09-20,118.45
1912-09-21,106.18
1912-09-22,104.18
1912-09-23,70.74
1912-09-24,78.65
1912-09-25,74.69
1912-09-26,70.74
1912-09-27,39.92
1912-09-28,61.70
1912-09-29,58.59
1912-09-30,54.67
1912-10-01,54.67
1912-10-02,185.56
1912-10-03,221.65
1912-10-04,151.92
1912-10-05,118.45
1912-10-06,104.18
1912-10-07,74.69
1912-10-08,78.65
1912-10-09,69.76
1912-10-10,65.63
1912-10-11,63.67
1912-10-12,60.72
1912-10-13,47.69
1912-10-14,54.67
1912-10-15,47.69
1912-10-16,47.69
1912-10-17,47.69
1912-10-18,54.67
1912-10-19,58.59
1912-10-20,70.74
1912-10-21,61.70
1912-10-22,61.70
1912-10-23,61.70
1912-10-24,87.77
1912-10-25,70.74
1912-10-26,78.65
1912-10-27,95.96
1912-10-28,108.17
1912-10-29,104.18
1912-10-30,114.44
1912-10-31,133.10
1912-11-01,442.79
1912-11-02,530.34
1912-11-03,460.46
1912-11-04,411.72
1912-11-05,274.75
1912-11-06,269.55
1912-11-07,315.60
1912-11-08,265.92
1912-11-09,189.64
1912-11-10,185.56
1912-11-11,166.48
1912-11-12,232.40
1912-11-13,512.31
1912-11-14,519.69
1912-11-15,466.90
1912-11-16,371.41
1912-11-17,334.04
1912-11-18,318.75
1912-11-19,334.04
1912-11-20,334.04
1912-11-21,260.74
1912-11-22,274.75
1912-11-23,246.29
1912-11-24,212.99
1912-11-25,195.15
1912-11-26,189.64
1912-11-27,248.84
1912-11-28,405.33
1912-11-29,460.46
1912-11-30,484.69
1912-12-01,512.31
1912-12-02,621.40
1912-12-03,964.73
1912-12-04,700.41
1912-12-05,621.40
1912-12-06,530.34
1912-12-07,426.00
1912-12-08,405.33
1912-12-09,381.62
1912-12-10,371.41
1912-12-11,274.75
1912-12-12,302.46
1912-12-13,293.54
1912-12-14,311.88
1912-12-15,365.45
1912-12-16,460.46
1912-12-17,668.71
1912-12-18,660.98
1912-12-19,609.58
1912-12-20,590.96
1912-12-21,572.51
1912-12-22,495.24
1912-12-23,453.22
1912-12-24,426.00
1912-12-25,418.85
1912-12-26,429.20
1912-12-27,700.41
1912-12-28,766.22
1912-12-29,789.88
1912-12-30,720.84
1912-12-31,613.68
1913-01-01,540.13
1913-01-02,470.12
1913-01-03,442.79
1913-01-04,374.58
1913-01-05,321.89
1913-01-06,302.46
1913-01-07,315.60
1913-01-08,321.89
1913-01-09,315.60
1913-01-10,281.53
1913-01-11,221.65
1913-01-12,221.65
1913-01-13,287.78
1913-01-14,374.58
1913-01-15,308.74
1913-01-16,302.46
1913-01-17,374.58
1913-01-18,526.18
1913-01-19,583.37
1913-01-20,583.37
1913-01-21,597.56
1913-01-22,1002.00
1913-01-23,1143.35
1913-01-24,1182.06
1913-01-25,1088.13
1913-01-26,1143.35
1913-01-27,991.42
1913-01-28,858.27
1913-01-29,734.39
1913-01-30,660.98
1913-01-31,569.22
1913-02-01,868.96
1913-02-02,927.77
1913-02-03,1154.40
1913-02-04,1148.91
1913-02-05,1038.73
1913-02-06,938.40
1913-02-07,802.84
1913-02-08,720.84
1913-02-09,711.73
1913-02-10,660.98
1913-02-11,583.37
1913-02-12,460.46
1913-02-13,401.42
1913-02-14,371.41
1913-02-15,348.98
1913-02-16,311.88
1913-02-17,302.46
1913-02-18,260.74
1913-02-19,246.29
1913-02-20,195.15
1913-02-21,195.15
1913-02-22,162.41
1913-02-23,174.98
1913-02-24,166.48
1913-02-25,155.98
1913-02-26,151.92
1913-02-27,128.78
1913-02-28,147.55
1913-03-01,137.13
1913-03-02,149.57
1913-03-03,145.53
1913-03-04,137.13
1913-03-05,137.13
1913-03-06,141.48
1913-03-07,141.48
1913-03-08,232.40
1913-03-09,381.62
1913-03-10,274.75
1913-03-11,287.78
1913-03-12,232.40
1913-03-13,200.27
1913-03-14,180.07
1913-03-15,171.56
1913-03-16,158.01
1913-03-17,166.48
1913-03-18,223.71
1913-03-19,223.71
1913-03-20,207.86
1913-03-21,232.40
1913-03-22,209.91
1913-03-23,251.95
1913-03-24,232.40
1913-03-25,202.32
1913-03-26,202.32
1913-03-27,195.15
1913-03-28,195.15
1913-03-29,185.56
1913-03-30,182.11
1913-03-31,185.56
1913-04-01,177.02
1913-04-02,174.98
1913-04-03,169.53
1913-04-04,133.10
1913-04-05,164.44
1913-04-06,164.44
1913-04-07,202.32
1913-04-08,153.95
1913-04-09,153.95
1913-04-10,108.17
1913-04-11,139.15
1913-04-12,143.50
1913-04-13,155.98
1913-04-14,160.04
1913-04-15,160.04
1913-04-16,185.56
1913-04-17,258.66
1913-04-18,251.95
1913-04-19,369.29
1913-04-20,512.31
1913-04-21,544.34
1913-04-22,522.94
1913-04-23,418.85
1913-04-24,391.86
1913-04-25,321.89
1913-04-26,305.60
1913-04-27,274.75
1913-04-28,241.12
1913-04-29,164.44
1913-04-30,185.56
1913-05-01,166.48
1913-05-02,155.98
1913-05-03,160.04
1913-05-04,145.53
1913-05-05,145.53
1913-05-06,162.41
1913-05-07,164.44
1913-05-08,182.11
1913-05-09,177.02
1913-05-10,232.40
1913-05-11,708.41
1913-05-12,547.62
1913-05-13,426.00
1913-05-14,340.97
1913-05-15,262.81
1913-05-16,209.91
1913-05-17,200.27
1913-05-18,180.07
1913-05-19,164.44
1913-05-20,166.48
1913-05-21,158.01
1913-05-22,155.98
1913-05-23,145.53
1913-05-24,124.76
1913-05-25,141.48
1913-05-26,102.18
1913-05-27,120.73
1913-05-28,104.18
1913-05-29,100.18
1913-05-30,87.77
1913-05-31,78.65
1913-06-01,91.97
1913-06-02,122.74
1913-06-03,124.76
1913-06-04,110.43
1913-06-05,104.18
1913-06-06,122.74
1913-06-07,143.50
1913-06-08,133.10
1913-06-09,133.10
1913-06-10,143.50
1913-06-11,137.13
1913-06-12,108.17
1913-06-13,106.18
1913-06-14,81.82
1913-06-15,83.81
1913-06-16,83.81
1913-06-17,106.18
1913-06-18,47.69
1913-06-19,118.45
1913-06-20,118.45
1913-06-21,74.69
1913-06-22,87.77
1913-06-23,83.81
1913-06-24,74.69
1913-06-25,69.76
1913-06-26,67.60
1913-06-27,54.67
1913-06-28,63.67
1913-06-29,70.74
1913-06-30,70.74
1913-07-01,70.74
1913-07-02,61.70
1913-07-03,61.70
1913-07-04,43.80
1913-07-05,52.72
1913-07-06,58.59
1913-07-07,58.59
1913-07-08,63.67
1913-07-09,63.67
1913-07-10,70.74
1913-07-11,61.70
1913-07-12,70.74
1913-07-13,61.70
1913-07-14,58.59
1913-07-15,58.59
1913-07-16,70.74
1913-07-17,95.96
1913-07-18,81.82
1913-07-19,89.98
1913-07-20,104.18
1913-07-21,108.17
1913-07-22,91.97
1913-07-23,227.25
1913-07-24,429.20
1913-07-25,287.78
1913-07-26,182.11
1913-07-27,153.95
1913-07-28,164.44
1913-07-29,137.13
1913-07-30,114.44
1913-07-31,104.18
1913-08-01,70.74
1913-08-02,78.65
1913-08-03,70.74
1913-08-04,67.60
1913-08-05,51.74
1913-08-06,49.79
1913-08-07,52.72
1913-08-08,52.72
1913-08-09,47.69
1913-08-10,52.72
1913-08-11,54.67
1913-08-12,47.69
1913-08-13,54.67
1913-08-14,51.74
1913-08-15,52.72
1913-08-16,34.95
1913-08-17,41.86
1913-08-18,41.86
1913-08-19,39.92
1913-08-20,39.92
1913-08-21,39.92
1913-08-22,36.88
1913-08-23,36.88
1913-08-24,33.99
1913-08-25,32.06
1913-08-26,26.19
1913-08-27,24.28
1913-08-28,24.28
1913-08-29,24.28
1913-08-30,23.33
1913-08-31,38.82
1913-09-01,52.72
1913-09-02,43.80
1913-09-03,33.99
1913-09-04,49.79
1913-09-05,41.86
1913-09-06,39.92
1913-09-07,315.60
1913-09-08,411.72
1913-09-09,200.27
1913-09-10,158.01
1913-09-11,145.53
1913-09-12,87.77
1913-09-13,95.96
1913-09-14,81.82
1913-09-15,74.69
1913-09-16,67.60
1913-09-17,67.60
1913-09-18,74.69
1913-09-19,100.18
1913-09-20,104.18
1913-09-21,87.77
1913-09-22,74.69
1913-09-23,87.77
1913-09-24,87.77
1913-09-25,74.69
1913-09-26,54.67
1913-09-27,61.70
1913-09-28,58.59
1913-09-29,49.79
1913-09-30,33.99
1913-10-01,51.74
1913-10-02,39.92
1913-10-03,47.69
1913-10-04,43.80
1913-10-05,43.80
1913-10-06,33.99
1913-10-07,54.67
1913-10-08,41.86
1913-10-09,65.63
1913-10-10,104.18
1913-10-11,78.65
1913-10-12,70.74
1913-10-13,79.84
1913-10-14,70.74
1913-10-15,58.59
1913-10-16,70.74
1913-10-17,74.69
1913-10-18,70.74
1913-10-19,61.70
1913-10-20,61.70
1913-10-21,39.92
1913-10-22,56.63
1913-10-23,74.69
1913-10-24,87.77
1913-10-25,74.69
1913-10-26,74.69
1913-10-27,69.76
1913-10-28,67.60
1913-10-29,51.74
1913-10-30,67.60
1913-10-31,61.70
1913-11-01,61.70
1913-11-02,67.60
1913-11-03,95.96
1913-11-04,112.44
1913-11-05,95.96
1913-11-06,118.45
1913-11-07,221.65
1913-11-08,212.99
1913-11-09,209.91
1913-11-10,218.56
1913-11-11,260.74
1913-11-12,269.55
1913-11-13,284.65
1913-11-14,302.46
1913-11-15,547.62
1913-11-16,558.41
1913-11-17,621.40
1913-11-18,613.68
1913-11-19,605.17
1913-11-20,646.14
1913-11-21,586.66
1913-11-22,495.24
1913-11-23,411.72
1913-11-24,340.97
1913-11-25,302.46
1913-11-26,246.29
1913-11-27,230.34
1913-11-28,204.78
1913-11-29,195.15
1913-11-30,162.41
1913-12-01,182.11
1913-12-02,187.60
1913-12-03,204.78
1913-12-04,204.78
1913-12-05,302.46
1913-12-06,411.72
1913-12-07,460.46
1913-12-08,384.80
1913-12-09,296.67
1913-12-10,296.67
1913-12-11,302.46
1913-12-12,325.64
1913-12-13,315.60
1913-12-14,296.67
1913-12-15,287.78
1913-12-16,195.15
1913-12-17,251.95
1913-12-18,277.87
1913-12-19,260.74
1913-12-20,232.40
1913-12-21,189.64
1913-12-22,166.48
1913-12-23,160.04
1913-12-24,162.41
1913-12-25,162.41
1913-12-26,162.41
1913-12-27,158.01
1913-12-28,302.46
1913-12-29,435.61
1913-12-30,466.90
1913-12-31,405.33
1914-01-01,340.97
1914-01-02,274.75
1914-01-03,258.66
1914-01-04,302.46
1914-01-05,460.46
1914-01-06,757.08
1914-01-07,943.51
1914-01-08,835.02
1914-01-09,729.96
1914-01-10,1627.88
1914-01-11,1612.00
1914-01-12,1566.45
1914-01-13,1275.81
1914-01-14,1044.22
1914-01-15,858.27
1914-01-16,629.35
1914-01-17,547.62
1914-01-18,504.95
1914-01-19,470.12
1914-01-20,477.39
1914-01-21,463.68
1914-01-22,348.98
1914-01-23,274.75
1914-01-24,221.65
1914-01-25,204.78
1914-01-26,195.15
1914-01-27,204.78
1914-01-28,232.40
1914-01-29,221.65
1914-01-30,241.12
1914-01-31,251.95
1914-02-01,221.65
1914-02-02,164.44
1914-02-03,164.44
1914-02-04,171.56
1914-02-05,102.18
1914-02-06,97.95
1914-02-07,139.15
1914-02-08,137.13
1914-02-09,162.41
1914-02-10,182.11
1914-02-11,195.15
1914-02-12,182.11
1914-02-13,232.40
1914-02-14,262.81
1914-02-15,426.00
1914-02-16,487.92
1914-02-17,477.39
1914-02-18,442.79
1914-02-19,384.80
1914-02-20,565.94
1914-02-21,775.37
1914-02-22,858.27
1914-02-23,1038.73
1914-02-24,1104.72
1914-02-25,922.26
1914-02-26,766.22
1914-02-27,641.73
1914-02-28,512.31
1914-03-01,477.39
1914-03-02,391.86
1914-03-03,391.86
1914-03-04,337.81
1914-03-05,442.79
1914-03-06,660.98
1914-03-07,1066.05
1914-03-08,996.50
1914-03-09,980.83
1914-03-10,848.68
1914-03-11,757.08
1914-03-12,660.98
1914-03-13,711.73
1914-03-14,879.64
1914-03-15,943.51
1914-03-16,1071.60
1914-03-17,1383.76
1914-03-18,1412.00
1914-03-19,1275.81
1914-03-20,1099.17
1914-03-21,1066.05
1914-03-22,1071.60
1914-03-23,1071.60
1914-03-24,970.24
1914-03-25,975.33
1914-03-26,1099.17
1914-03-27,1260.32
1914-03-28,1247.83
1914-03-29,1143.35
1914-03-30,1028.19
1914-03-31,879.64
1914-04-01,743.51
1914-04-02,681.36
1914-04-03,654.11
1914-04-04,654.11
1914-04-05,533.60
1914-04-06,519.69
1914-04-07,621.40
1914-04-08,629.35
1914-04-09,660.98
1914-04-10,601.87
1914-04-11,547.62
1914-04-12,565.94
1914-04-13,477.39
1914-04-14,442.79
1914-04-15,408.52
1914-04-16,348.98
1914-04-17,296.67
1914-04-18,274.75
1914-04-19,232.40
1914-04-20,195.15
1914-04-21,195.15
1914-04-22,185.56
1914-04-23,171.56
1914-04-24,171.56
1914-04-25,171.56
1914-04-26,143.50
1914-04-27,151.92
1914-04-28,147.55
1914-04-29,143.50
1914-04-30,104.18
1914-05-01,141.48
1914-05-02,204.78
1914-05-03,160.04
1914-05-04,143.50
1914-05-05,145.53
1914-05-06,311.88
1914-05-07,345.18
1914-05-08,305.60
1914-05-09,345.18
1914-05-10,328.79
1914-05-11,308.74
1914-05-12,274.75
1914-05-13,238.02
1914-05-14,221.65
1914-05-15,232.40
1914-05-16,202.32
1914-05-17,164.44
1914-05-18,162.41
1914-05-19,151.92
1914-05-20,145.53
1914-05-21,118.45
1914-05-22,120.73
1914-05-23,91.97
1914-05-24,106.18
1914-05-25,114.44
1914-05-26,100.18
1914-05-27,104.18
1914-05-28,104.18
1914-05-29,100.18
1914-05-30,87.77
1914-05-31,91.97
1914-06-01,100.18
1914-06-02,87.77
1914-06-03,89.98
1914-06-04,89.98
1914-06-05,85.79
1914-06-06,81.82
1914-06-07,83.81
1914-06-08,78.65
1914-06-09,114.44
1914-06-10,118.45
1914-06-11,110.43
1914-06-12,91.97
1914-06-13,104.18
1914-06-14,100.18
1914-06-15,274.75
1914-06-16,296.67
1914-06-17,251.95
1914-06-18,218.56
1914-06-19,187.60
1914-06-20,232.40
1914-06-21,143.50
1914-06-22,133.10
1914-06-23,141.48
1914-06-24,160.04
1914-06-25,202.32
1914-06-26,185.56
1914-06-27,166.48
1914-06-28,155.98
1914-06-29,133.10
1914-06-30,120.73
1914-07-01,104.18
1914-07-02,110.43
1914-07-03,91.97
1914-07-04,67.60
1914-07-05,65.63
1914-07-06,81.82
1914-07-07,91.97
1914-07-08,74.69
1914-07-09,39.92
1914-07-10,39.92
1914-07-11,11.87
1914-07-12,15.64
1914-07-13,58.59
1914-07-14,52.72
1914-07-15,30.14
1914-07-16,58.59
1914-07-17,67.60
1914-07-18,60.72
1914-07-19,58.59
1914-07-20,43.80
1914-07-21,51.74
1914-07-22,51.74
1914-07-23,56.63
1914-07-24,51.74
1914-07-25,56.63
1914-07-26,56.63
1914-07-27,60.72
1914-07-28,67.60
1914-07-29,87.77
1914-07-30,100.18
1914-07-31,79.84
1914-08-01,70.74
1914-08-02,65.63
1914-08-03,58.59
1914-08-04,67.60
1914-08-05,70.74
1914-08-06,70.74
1914-08-07,74.69
1914-08-08,91.97
1914-08-09,93.96
1914-08-10,87.77
1914-08-11,78.65
1914-08-12,72.72
1914-08-13,67.60
1914-08-14,58.59
1914-08-15,51.74
1914-08-16,56.63
1914-08-17,39.92
1914-08-18,81.82
1914-08-19,65.63
1914-08-20,58.59
1914-08-21,65.63
1914-08-22,47.69
1914-08-23,43.80
1914-08-24,51.74
1914-08-25,39.92
1914-08-26,43.80
1914-08-27,41.86
1914-08-28,49.79
1914-08-29,63.67
1914-08-30,51.74
1914-08-31,45.74
1914-09-01,51.74
1914-09-02,51.74
1914-09-03,41.86
1914-09-04,41.86
1914-09-05,38.82
1914-09-06,43.80
1914-09-07,38.82
1914-09-08,34.95
1914-09-09,58.59
1914-09-10,27.15
1914-09-11,26.19
1914-09-12,32.06
1914-09-13,33.99
1914-09-14,45.74
1914-09-15,58.59
1914-09-16,70.74
1914-09-17,76.67
1914-09-18,87.77
1914-09-19,67.60
1914-09-20,74.69
1914-09-21,221.65
1914-09-22,187.60
1914-09-23,192.71
1914-09-24,160.04
1914-09-25,133.10
1914-09-26,118.45
1914-09-27,102.18
1914-09-28,100.18
1914-09-29,100.18
1914-09-30,106.18
1914-10-01,114.44
1914-10-02,110.43
1914-10-03,114.44
1914-10-04,95.96
1914-10-05,87.77
1914-10-06,70.74
1914-10-07,97.95
1914-10-08,83.81
1914-10-09,74.69
1914-10-10,51.74
1914-10-11,70.74
1914-10-12,58.59
1914-10-13,52.72
1914-10-14,63.67
1914-10-15,63.67
1914-10-16,63.67
1914-10-17,39.92
1914-10-18,38.82
1914-10-19,51.74
1914-10-20,52.72
1914-10-21,49.79
1914-10-22,45.74
1914-10-23,67.60
1914-10-24,51.74
1914-10-25,32.06
1914-10-26,34.95
1914-10-27,51.74
1914-10-28,39.92
1914-10-29,70.74
1914-10-30,87.77
1914-10-31,76.67
1914-11-01,67.60
1914-11-02,51.74
1914-11-03,58.59
1914-11-04,58.59
1914-11-05,81.82
1914-11-06,26.19
1914-11-07,41.86
1914-11-08,52.72
1914-11-09,29.06
1914-11-10,30.14
1914-11-11,43.80
1914-11-12,38.82
1914-11-13,93.96
1914-11-14,118.45
1914-11-15,120.73
1914-11-16,124.76
1914-11-17,269.55
1914-11-18,325.64
1914-11-19,302.46
1914-11-20,246.29
1914-11-21,202.32
1914-11-22,164.44
1914-11-23,160.04
1914-11-24,145.53
1914-11-25,110.43
1914-11-26,141.48
1914-11-27,124.76
1914-11-28,91.97
1914-11-29,122.74
1914-11-30,93.96
1914-12-01,139.15
1914-12-02,133.10
1914-12-03,122.74
1914-12-04,139.15
1914-12-05,155.98
1914-12-06,160.04
1914-12-07,164.44
1914-12-08,200.27
1914-12-09,446.00
1914-12-10,522.94
1914-12-11,477.39
1914-12-12,432.40
1914-12-13,418.85
1914-12-14,439.59
1914-12-15,509.07
1914-12-16,466.90
1914-12-17,657.42
1914-12-18,660.98
1914-12-19,601.87
1914-12-20,547.62
1914-12-21,660.98
1914-12-22,720.84
1914-12-23,681.36
1914-12-24,594.26
1914-12-25,495.24
1914-12-26,422.04
1914-12-27,348.98
1914-12-28,325.64
1914-12-29,360.17
1914-12-30,580.08
1914-12-31,597.56
1915-01-01,533.60
1915-01-02,509.07
1915-01-03,586.66
1915-01-04,720.84
1915-01-05,681.36
1915-01-06,660.98
1915-01-07,621.40
1915-01-08,848.68
1915-01-09,1264.48
1915-01-10,1292.86
1915-01-11,1199.71
1915-01-12,1199.71
1915-01-13,1242.84
1915-01-14,1199.71
1915-01-15,1115.77
1915-01-16,1044.22
1915-01-17,1044.22
1915-01-18,1044.22
1915-01-19,911.61
1915-01-20,812.46
1915-01-21,789.88
1915-01-22,743.51
1915-01-23,890.30
1915-01-24,890.30
1915-01-25,743.51
1915-01-26,689.10
1915-01-27,575.80
1915-01-28,477.39
1915-01-29,460.46
1915-01-30,360.17
1915-01-31,318.75
1915-02-01,334.04
1915-02-02,302.46
1915-02-03,318.75
1915-02-04,360.17
1915-02-05,374.58
1915-02-06,374.58
1915-02-07,401.42
1915-02-08,435.61
1915-02-09,540.13
1915-02-10,575.80
1915-02-11,629.35
1915-02-12,555.12
1915-02-13,540.13
1915-02-14,547.62
1915-02-15,729.96
1915-02-16,812.46
1915-02-17,798.40
1915-02-18,720.84
1915-02-19,681.36
1915-02-20,629.35
1915-02-21,601.87
1915-02-22,575.80
1915-02-23,547.62
1915-02-24,540.13
1915-02-25,426.00
1915-02-26,426.00
1915-02-27,360.17
1915-02-28,334.04
1915-03-01,348.98
1915-03-02,348.98
1915-03-03,348.98
1915-03-04,348.98
1915-03-05,391.86
1915-03-06,391.86
1915-03-07,477.39
1915-03-08,477.39
1915-03-09,495.24
1915-03-10,460.46
1915-03-11,422.04
1915-03-12,401.42
1915-03-13,426.00
1915-03-14,426.00
1915-03-15,348.98
1915-03-16,360.17
1915-03-17,274.75
1915-03-18,287.78
1915-03-19,274.75
1915-03-20,311.88
1915-03-21,207.86
1915-03-22,185.56
1915-03-23,185.56
1915-03-24,171.56
1915-03-25,162.41
1915-03-26,162.41
1915-03-27,162.41
1915-03-28,158.01
1915-03-29,158.01
1915-03-30,158.01
1915-03-31,151.92
1915-04-01,151.92
1915-04-02,151.92
1915-04-03,104.18
1915-04-04,93.96
1915-04-05,114.44
1915-04-06,200.27
1915-04-07,381.62
1915-04-08,641.73
1915-04-09,621.40
1915-04-10,601.87
1915-04-11,609.58
1915-04-12,601.87
1915-04-13,463.68
1915-04-14,374.58
1915-04-15,374.58
1915-04-16,360.17
1915-04-17,334.04
1915-04-18,287.78
1915-04-19,287.78
1915-04-20,246.29
1915-04-21,164.44
1915-04-22,164.44
1915-04-23,162.41
1915-04-24,158.01
1915-04-25,158.01
1915-04-26,160.04
1915-04-27,160.04
1915-04-28,160.04
1915-04-29,118.45
1915-04-30,114.44
1915-05-01,114.44
1915-05-02,133.10
1915-05-03,133.10
1915-05-04,114.44
1915-05-05,133.10
1915-05-06,133.10
1915-05-07,143.50
1915-05-08,408.52
1915-05-09,287.78
1915-05-10,287.78
1915-05-11,195.15
1915-05-12,131.08
1915-05-13,118.45
1915-05-14,112.44
1915-05-15,122.74
1915-05-16,122.74
1915-05-17,122.74
1915-05-18,139.15
1915-05-19,126.77
1915-05-20,126.77
1915-05-21,104.18
1915-05-22,104.18
1915-05-23,95.96
1915-05-24,95.96
1915-05-25,78.65
1915-05-26,78.65
1915-05-27,70.74
1915-05-28,70.74
1915-05-29,58.59
1915-05-30,61.70
1915-05-31,58.59
1915-06-01,58.59
1915-06-02,47.69
1915-06-03,47.69
1915-06-04,47.69
1915-06-05,47.69
1915-06-06,54.67
1915-06-07,54.67
1915-06-08,47.69
1915-06-09,47.69
1915-06-10,54.67
1915-06-11,54.67
1915-06-12,54.67
1915-06-13,54.67
1915-06-14,54.67
1915-06-15,49.79
1915-06-16,47.69
1915-06-17,39.92
1915-06-18,36.88
1915-06-19,36.88
1915-06-20,32.06
1915-06-21,39.92
1915-06-22,32.06
1915-06-23,32.06
1915-06-24,41.86
1915-06-25,34.95
1915-06-26,51.74
1915-06-27,47.69
1915-06-28,47.69
1915-06-29,47.69
1915-06-30,39.92
1915-07-01,39.92
1915-07-02,39.92
1915-07-03,32.06
1915-07-04,33.99
1915-07-05,33.99
1915-07-06,33.99
1915-07-07,30.14
1915-07-08,24.28
1915-07-09,18.47
1915-07-10,24.28
1915-07-11,21.42
1915-07-12,21.42
1915-07-13,21.42
1915-07-14,36.88
1915-07-15,54.67
1915-07-16,61.70
1915-07-17,61.70
1915-07-18,51.74
1915-07-19,61.70
1915-07-20,61.70
1915-07-21,51.74
1915-07-22,39.92
1915-07-23,39.92
1915-07-24,32.06
1915-07-25,39.92
1915-07-26,45.74
1915-07-27,39.92
1915-07-28,45.74
1915-07-29,45.74
1915-07-30,45.74
1915-07-31,39.92
1915-08-01,34.95
1915-08-02,34.95
1915-08-03,32.06
1915-08-04,27.15
1915-08-05,32.06
1915-08-06,32.06
1915-08-07,34.95
1915-08-08,32.06
1915-08-09,32.06
1915-08-10,32.06
1915-08-11,32.06
1915-08-12,32.06
1915-08-13,27.15
1915-08-14,27.15
1915-08-15,43.80
1915-08-16,61.70
1915-08-17,61.70
1915-08-18,54.67
1915-08-19,58.59
1915-08-20,67.60
1915-08-21,61.70
1915-08-22,58.59
1915-08-23,61.70
1915-08-24,61.70
1915-08-25,43.80
1915-08-26,43.80
1915-08-27,32.06
1915-08-28,30.14
1915-08-29,30.14
1915-08-30,61.70
1915-08-31,95.96
1915-09-01,78.65
1915-09-02,61.70
1915-09-03,51.74
1915-09-04,78.65
1915-09-05,61.70
1915-09-06,51.74
1915-09-07,51.74
1915-09-08,39.92
1915-09-09,39.92
1915-09-10,34.95
1915-09-11,34.95
1915-09-12,34.95
1915-09-13,34.95
1915-09-14,34.95
1915-09-15,34.95
1915-09-16,21.42
1915-09-17,10.00
1915-09-18,27.15
1915-09-19,34.95
1915-09-20,27.15
1915-09-21,24.28
1915-09-22,24.28
1915-09-23,24.28
1915-09-24,21.42
1915-09-25,21.42
1915-09-26,21.42
1915-09-27,23.33
1915-09-28,26.19
1915-09-29,27.15
1915-09-30,51.74
1915-10-01,70.74
1915-10-02,61.70
1915-10-03,54.67
1915-10-04,54.67
1915-10-05,39.92
1915-10-06,32.06
1915-10-07,32.06
1915-10-08,51.74
1915-10-09,24.28
1915-10-10,24.28
1915-10-11,24.28
1915-10-12,21.42
1915-10-13,21.42
1915-10-14,21.42
1915-10-15,21.42
1915-10-16,21.42
1915-10-17,17.53
1915-10-18,21.42
1915-10-19,17.53
1915-10-20,15.64
1915-10-21,15.64
1915-10-22,10.00
1915-10-23,10.00
1915-10-24,10.00
1915-10-25,15.64
1915-10-26,15.64
1915-10-27,15.64
1915-10-28,15.64
1915-10-29,15.64
1915-10-30,15.64
1915-10-31,15.64
1915-11-01,15.64
1915-11-02,15.64
1915-11-03,70.74
1915-11-04,149.57
1915-11-05,104.18
1915-11-06,83.81
1915-11-07,58.59
1915-11-08,47.69
1915-11-09,54.67
1915-11-10,51.74
1915-11-11,58.59
1915-11-12,58.59
1915-11-13,145.53
1915-11-14,530.34
1915-11-15,484.69
1915-11-16,348.98
1915-11-17,232.40
1915-11-18,195.15
1915-11-19,158.01
1915-11-20,78.65
1915-11-21,102.18
1915-11-22,104.18
1915-11-23,102.18
1915-11-24,102.18
1915-11-25,102.18
1915-11-26,102.18
1915-11-27,108.17
1915-11-28,108.17
1915-11-29,85.79
1915-11-30,102.18
1915-12-01,435.61
1915-12-02,621.40
1915-12-03,708.41
1915-12-04,858.27
1915-12-05,1148.91
1915-12-06,1071.60
1915-12-07,885.16
1915-12-08,789.88
1915-12-09,789.88
1915-12-10,858.27
1915-12-11,1242.84
1915-12-12,1566.45
1915-12-13,1891.00
1915-12-14,1852.29
1915-12-15,1545.25
1915-12-16,1264.48
1915-12-17,1165.45
1915-12-18,1002.00
1915-12-19,826.16
1915-12-20,693.78
1915-12-21,547.62
1915-12-22,540.13
1915-12-23,629.35
1915-12-24,789.88
1915-12-25,1394.69
1915-12-26,1566.45
1915-12-27,1577.49
1915-12-28,1511.19
1915-12-29,1322.42
1915-12-30,1154.40
1915-12-31,964.73
1916-01-01,812.46
1916-01-02,812.46
1916-01-03,747.94
1916-01-04,734.39
1916-01-05,660.98
1916-01-06,660.98
1916-01-07,583.37
1916-01-08,575.80
1916-01-09,689.10
1916-01-10,665.40
1916-01-11,637.31
1916-01-12,697.09
1916-01-13,641.73
1916-01-14,700.41
1916-01-15,700.41
1916-01-16,708.41
1916-01-17,665.40
1916-01-18,621.40
1916-01-19,601.87
1916-01-20,565.94
1916-01-21,641.73
1916-01-22,641.73
1916-01-23,641.73
1916-01-24,583.37
1916-01-25,540.13
1916-01-26,509.07
1916-01-27,477.39
1916-01-28,374.58
1916-01-29,398.24
1916-01-30,374.58
1916-01-31,343.07
1916-02-01,287.78
1916-02-02,277.87
1916-02-03,274.75
1916-02-04,207.86
1916-02-05,230.34
1916-02-06,246.29
1916-02-07,246.29
1916-02-08,238.02
1916-02-09,255.05
1916-02-10,246.29
1916-02-11,260.74
1916-02-12,274.75
1916-02-13,293.54
1916-02-14,365.45
1916-02-15,547.62
1916-02-16,734.39
1916-02-17,1371.25
1916-02-18,1477.37
1916-02-19,1412.00
1916-02-20,1559.00
1916-02-21,1358.59
1916-02-22,1165.45
1916-02-23,991.42
1916-02-24,885.16
1916-02-25,802.84
1916-02-26,729.96
1916-02-27,681.36
1916-02-28,632.66
1916-02-29,583.37
1916-03-01,512.31
1916-03-02,495.24
1916-03-03,460.46
1916-03-04,411.72
1916-03-05,381.62
1916-03-06,398.24
1916-03-07,351.08
1916-03-08,345.18
1916-03-09,318.75
1916-03-10,302.46
1916-03-11,293.54
1916-03-12,281.53
1916-03-13,348.98
1916-03-14,391.86
1916-03-15,348.98
1916-03-16,293.54
1916-03-17,274.75
1916-03-18,232.40
1916-03-19,207.86
1916-03-20,185.56
1916-03-21,171.56
1916-03-22,171.56
1916-03-23,171.56
1916-03-24,202.32
1916-03-25,328.79
1916-03-26,374.58
1916-03-27,387.98
1916-03-28,391.86
1916-03-29,415.65
1916-03-30,442.79
1916-03-31,391.86
1916-04-01,408.52
1916-04-02,360.17
1916-04-03,302.46
1916-04-04,232.40
1916-04-05,232.40
1916-04-06,207.86
1916-04-07,202.32
1916-04-08,202.32
1916-04-09,195.15
1916-04-10,171.56
1916-04-11,162.41
1916-04-12,151.92
1916-04-13,162.41
1916-04-14,343.07
1916-04-15,435.61
1916-04-16,495.24
1916-04-17,530.34
1916-04-18,512.31
1916-04-19,657.42
1916-04-20,835.02
1916-04-21,911.61
1916-04-22,820.98
1916-04-23,812.46
1916-04-24,848.68
1916-04-25,729.96
1916-04-26,641.73
1916-04-27,547.62
1916-04-28,477.39
1916-04-29,408.52
1916-04-30,343.07
1916-05-01,318.75
1916-05-02,265.92
1916-05-03,238.02
1916-05-04,232.40
1916-05-05,204.78
1916-05-06,164.44
1916-05-07,169.53
1916-05-08,166.48
1916-05-09,180.07
1916-05-10,180.07
1916-05-11,162.41
1916-05-12,145.53
1916-05-13,137.13
1916-05-14,149.57
1916-05-15,325.64
1916-05-16,246.29
1916-05-17,246.29
1916-05-18,187.60
1916-05-19,151.92
1916-05-20,143.50
1916-05-21,133.10
1916-05-22,108.17
1916-05-23,114.44
1916-05-24,118.45
1916-05-25,114.44
1916-05-26,110.43
1916-05-27,122.74
1916-05-28,137.13
1916-05-29,137.13
1916-05-30,122.74
1916-05-31,118.45
1916-06-01,116.45
1916-06-02,122.74
1916-06-03,87.77
1916-06-04,95.96
1916-06-05,95.96
1916-06-06,95.96
1916-06-07,100.18
1916-06-08,118.45
1916-06-09,124.76
1916-06-10,162.41
1916-06-11,192.71
1916-06-12,158.01
1916-06-13,171.56
1916-06-14,238.02
1916-06-15,519.69
1916-06-16,480.62
1916-06-17,377.76
1916-06-18,281.53
1916-06-19,227.25
1916-06-20,204.78
1916-06-21,162.41
1916-06-22,158.01
1916-06-23,126.77
1916-06-24,139.15
1916-06-25,143.50
1916-06-26,131.08
1916-06-27,133.10
1916-06-28,166.48
1916-06-29,232.40
1916-06-30,216.51
1916-07-01,151.92
1916-07-02,155.98
1916-07-03,137.13
1916-07-04,110.43
1916-07-05,133.10
1916-07-06,232.40
1916-07-07,171.56
1916-07-08,162.41
1916-07-09,555.12
1916-07-10,575.80
1916-07-11,369.29
1916-07-12,318.75
1916-07-13,246.29
1916-07-14,241.12
1916-07-15,207.86
1916-07-16,221.65
1916-07-17,200.27
1916-07-18,221.65
1916-07-19,232.40
1916-07-20,216.51
1916-07-21,216.51
1916-07-22,200.27
1916-07-23,171.56
1916-07-24,151.92
1916-07-25,143.50
1916-07-26,122.74
1916-07-27,122.74
1916-07-28,116.45
1916-07-29,104.18
1916-07-30,95.96
1916-07-31,83.81
1916-08-01,79.84
1916-08-02,87.77
1916-08-03,72.72
1916-08-04,76.67
1916-08-05,54.67
1916-08-06,58.59
1916-08-07,54.67
1916-08-08,67.60
1916-08-09,61.70
1916-08-10,58.59
1916-08-11,70.74
1916-08-12,54.67
1916-08-13,58.59
1916-08-14,56.63
1916-08-15,39.92
1916-08-16,54.67
1916-08-17,78.65
1916-08-18,102.18
1916-08-19,67.60
1916-08-20,74.69
1916-08-21,74.69
1916-08-22,87.77
1916-08-23,87.77
1916-08-24,63.67
1916-08-25,70.74
1916-08-26,54.67
1916-08-27,43.80
1916-08-28,87.77
1916-08-29,124.76
1916-08-30,124.76
1916-08-31,171.56
1916-09-01,185.56
1916-09-02,141.48
1916-09-03,133.10
1916-09-04,122.74
1916-09-05,114.44
1916-09-06,171.56
1916-09-07,133.10
1916-09-08,143.50
1916-09-09,43.80
1916-09-10,102.18
1916-09-11,87.77
1916-09-12,104.18
1916-09-13,70.74
1916-09-14,100.18
1916-09-15,74.69
1916-09-16,78.65
1916-09-17,81.82
1916-09-18,78.65
1916-09-19,274.75
1916-09-20,530.34
1916-09-21,398.24
1916-09-22,365.45
1916-09-23,325.64
1916-09-24,185.56
1916-09-25,160.04
1916-09-26,118.45
1916-09-27,128.78
1916-09-28,139.15
1916-09-29,54.67
1916-09-30,106.18
1916-10-01,104.18
1916-10-02,102.18
1916-10-03,102.18
1916-10-04,95.96
1916-10-05,95.96
1916-10-06,162.41
1916-10-07,143.50
1916-10-08,151.92
1916-10-09,160.04
1916-10-10,171.56
1916-10-11,114.44
1916-10-12,162.41
1916-10-13,145.53
1916-10-14,145.53
1916-10-15,139.15
1916-10-16,145.53
1916-10-17,185.56
1916-10-18,202.32
1916-10-19,274.75
1916-10-20,298.76
1916-10-21,540.13
1916-10-22,422.04
1916-10-23,296.67
1916-10-24,269.55
1916-10-25,212.99
1916-10-26,207.86
1916-10-27,340.97
1916-10-28,391.86
1916-10-29,328.79
1916-10-30,343.07
1916-10-31,343.07
1916-11-01,911.61
1916-11-02,793.97
1916-11-03,752.65
1916-11-04,729.96
1916-11-05,673.38
1916-11-06,700.41
1916-11-07,660.98
1916-11-08,657.42
1916-11-09,812.46
1916-11-10,766.22
1916-11-11,681.36
1916-11-12,572.51
1916-11-13,512.31
1916-11-14,442.79
1916-11-15,401.42
1916-11-16,374.58
1916-11-17,343.07
1916-11-18,274.75
1916-11-19,265.92
1916-11-20,302.46
1916-11-21,374.58
1916-11-22,287.78
1916-11-23,277.87
1916-11-24,269.55
1916-11-25,192.71
1916-11-26,232.40
1916-11-27,408.52
1916-11-28,453.22
1916-11-29,401.42
1916-11-30,353.19
1916-12-01,274.75
1916-12-02,272.67
1916-12-03,260.74
1916-12-04,251.95
1916-12-05,251.95
1916-12-06,274.75
1916-12-07,241.12
1916-12-08,232.40
1916-12-09,232.40
1916-12-10,235.50
1916-12-11,258.66
1916-12-12,287.78
1916-12-13,308.74
1916-12-14,343.07
1916-12-15,334.04
1916-12-16,321.89
1916-12-17,318.75
1916-12-18,302.46
1916-12-19,308.74
1916-12-20,296.67
1916-12-21,262.81
1916-12-22,251.95
1916-12-23,512.31
1916-12-24,812.46
1916-12-25,868.96
1916-12-26,922.26
1916-12-27,812.46
1916-12-28,812.46
1916-12-29,729.96
1916-12-30,895.82
1916-12-31,1566.45
1917-01-01,1612.00
1917-01-02,1584.39
1917-01-03,1365.07
1917-01-04,1464.18
1917-01-05,1292.86
1917-01-06,1137.86
1917-01-07,1002.00
1917-01-08,885.16
1917-01-09,911.61
1917-01-10,938.40
1917-01-11,895.82
1917-01-12,812.46
1917-01-13,779.80
1917-01-14,747.94
1917-01-15,700.41
1917-01-16,649.69
1917-01-17,621.40
1917-01-18,575.80
1917-01-19,530.34
1917-01-20,504.95
1917-01-21,408.52
1917-01-22,345.18
1917-01-23,348.98
1917-01-24,325.64
1917-01-25,287.78
1917-01-26,318.75
1917-01-27,318.75
1917-01-28,246.29
1917-01-29,207.86
1917-01-30,185.56
1917-01-31,171.56
1917-02-01,185.56
1917-02-02,177.02
1917-02-03,162.41
1917-02-04,160.04
1917-02-05,114.44
1917-02-06,114.44
1917-02-07,110.43
1917-02-08,122.74
1917-02-09,143.50
1917-02-10,124.76
1917-02-11,114.44
1917-02-12,128.78
1917-02-13,133.10
1917-02-14,133.10
1917-02-15,124.76
1917-02-16,118.45
1917-02-17,126.77
1917-02-18,145.53
1917-02-19,255.05
1917-02-20,302.46
1917-02-21,241.12
1917-02-22,340.97
1917-02-23,374.58
1917-02-24,365.45
1917-02-25,343.07
1917-02-26,334.04
1917-02-27,318.75
1917-02-28,311.88
1917-03-01,296.67
1917-03-02,255.05
1917-03-03,251.95
1917-03-04,230.34
1917-03-05,209.91
1917-03-06,182.11
1917-03-07,197.20
1917-03-08,151.92
1917-03-09,162.41
1917-03-10,162.41
1917-03-11,171.56
1917-03-12,232.40
1917-03-13,377.76
1917-03-14,318.75
1917-03-15,328.79
1917-03-16,435.61
1917-03-17,408.52
1917-03-18,348.98
1917-03-19,305.60
1917-03-20,274.75
1917-03-21,374.58
1917-03-22,408.52
1917-03-23,374.58
1917-03-24,321.89
1917-03-25,262.81
1917-03-26,260.74
1917-03-27,274.75
1917-03-28,277.87
1917-03-29,274.75
1917-03-30,305.60
1917-03-31,668.71
1917-04-01,708.41
1917-04-02,689.10
1917-04-03,654.11
1917-04-04,621.40
1917-04-05,693.78
1917-04-06,885.16
1917-04-07,911.61
1917-04-08,890.30
1917-04-09,802.84
1917-04-10,685.78
1917-04-11,641.73
1917-04-12,609.58
1917-04-13,558.41
1917-04-14,519.69
1917-04-15,460.46
1917-04-16,408.52
1917-04-17,415.65
1917-04-18,460.46
1917-04-19,470.12
1917-04-20,495.24
1917-04-21,495.24
1917-04-22,439.59
1917-04-23,391.86
1917-04-24,374.58
1917-04-25,334.04
1917-04-26,289.86
1917-04-27,287.78
1917-04-28,223.71
1917-04-29,232.40
1917-04-30,221.65
1917-05-01,195.15
1917-05-02,185.56
1917-05-03,162.41
1917-05-04,158.01
1917-05-05,155.98
1917-05-06,143.50
1917-05-07,118.45
1917-05-08,147.55
1917-05-09,151.92
1917-05-10,155.98
1917-05-11,143.50
1917-05-12,133.10
1917-05-13,133.10
1917-05-14,128.78
1917-05-15,122.74
1917-05-16,126.77
1917-05-17,131.08
1917-05-18,131.08
1917-05-19,166.48
1917-05-20,195.15
1917-05-21,147.55
1917-05-22,143.50
1917-05-23,137.13
1917-05-24,137.13
1917-05-25,145.53
1917-05-26,126.77
1917-05-27,78.65
1917-05-28,87.77
1917-05-29,93.96
1917-05-30,93.96
1917-05-31,93.96
1917-06-01,87.77
1917-06-02,78.65
1917-06-03,93.96
1917-06-04,95.96
1917-06-05,78.65
1917-06-06,85.79
1917-06-07,74.69
1917-06-08,135.12
1917-06-09,135.12
1917-06-10,128.78
1917-06-11,122.74
1917-06-12,133.10
1917-06-13,118.45
1917-06-14,110.43
1917-06-15,141.48
1917-06-16,102.18
1917-06-17,89.98
1917-06-18,87.77
1917-06-19,89.98
1917-06-20,104.18
1917-06-21,104.18
1917-06-22,114.44
1917-06-23,70.74
1917-06-24,95.96
1917-06-25,91.97
1917-06-26,95.96
1917-06-27,74.69
1917-06-28,63.67
1917-06-29,74.69
1917-06-30,78.65
1917-07-01,81.82
1917-07-02,122.74
1917-07-03,87.77
1917-07-04,83.81
1917-07-05,70.74
1917-07-06,70.74
1917-07-07,70.74
1917-07-08,70.74
1917-07-09,100.18
1917-07-10,126.77
1917-07-11,246.29
1917-07-12,122.74
1917-07-13,114.44
1917-07-14,104.18
1917-07-15,110.43
1917-07-16,97.95
1917-07-17,100.18
1917-07-18,85.79
1917-07-19,78.65
1917-07-20,74.69
1917-07-21,70.74
1917-07-22,61.70
1917-07-23,78.65
1917-07-24,70.74
1917-07-25,54.67
1917-07-26,51.74
1917-07-27,51.74
1917-07-28,32.06
1917-07-29,21.42
1917-07-30,30.14
1917-07-31,58.59
1917-08-01,74.69
1917-08-02,145.53
1917-08-03,61.70
1917-08-04,93.96
1917-08-05,89.98
1917-08-06,87.77
1917-08-07,95.96
1917-08-08,128.78
1917-08-09,87.77
1917-08-10,104.18
1917-08-11,118.45
1917-08-12,122.74
1917-08-13,95.96
1917-08-14,70.74
1917-08-15,85.79
1917-08-16,81.82
1917-08-17,151.92
1917-08-18,139.15
1917-08-19,139.15
1917-08-20,139.15
1917-08-21,104.18
1917-08-22,78.65
1917-08-23,104.18
1917-08-24,87.77
1917-08-25,78.65
1917-08-26,60.72
1917-08-27,58.59
1917-08-28,49.79
1917-08-29,102.18
1917-08-30,43.80
1917-08-31,74.69
1917-09-01,74.69
1917-09-02,74.69
1917-09-03,76.67
1917-09-04,61.70
1917-09-05,67.60
1917-09-06,51.74
1917-09-07,54.67
1917-09-08,47.69
1917-09-09,47.69
1917-09-10,47.69
1917-09-11,41.86
1917-09-12,47.69
1917-09-13,45.74
1917-09-14,43.80
1917-09-15,33.99
1917-09-16,41.86
1917-09-17,47.69
1917-09-18,51.74
1917-09-19,36.88
1917-09-20,47.69
1917-09-21,47.69
1917-09-22,47.69
1917-09-23,47.69
1917-09-24,41.86
1917-09-25,39.92
1917-09-26,32.06
1917-09-27,26.19
1917-09-28,32.06
1917-09-29,27.15
1917-09-30,27.15
1917-10-01,32.06
1917-10-02,27.15
1917-10-03,30.14
1917-10-04,26.19
1917-10-05,32.06
1917-10-06,34.95
1917-10-07,54.67
1917-10-08,143.50
1917-10-09,85.79
1917-10-10,212.99
1917-10-11,241.12
1917-10-12,207.86
1917-10-13,248.84
1917-10-14,697.09
1917-10-15,689.10
1917-10-16,629.35
1917-10-17,460.46
1917-10-18,365.45
1917-10-19,296.67
1917-10-20,260.74
1917-10-21,302.46
1917-10-22,315.60
1917-10-23,305.60
1917-10-24,293.54
1917-10-25,356.35
1917-10-26,345.18
1917-10-27,470.12
1917-10-28,480.62
1917-10-29,426.00
1917-10-30,334.04
1917-10-31,296.67
1917-11-01,265.92
1917-11-02,246.29
1917-11-03,232.40
1917-11-04,230.34
1917-11-05,232.40
1917-11-06,315.60
1917-11-07,398.24
1917-11-08,360.17
1917-11-09,360.17
1917-11-10,381.62
1917-11-11,504.95
1917-11-12,555.12
1917-11-13,509.07
1917-11-14,426.00
1917-11-15,334.04
1917-11-16,302.46
1917-11-17,287.78
1917-11-18,258.66
1917-11-19,235.50
1917-11-20,216.51
1917-11-21,212.99
1917-11-22,484.69
1917-11-23,463.68
1917-11-24,408.52
1917-11-25,360.17
1917-11-26,401.42
1917-11-27,477.39
1917-11-28,572.51
1917-11-29,613.68
1917-11-30,536.86
1917-12-01,480.62
1917-12-02,418.85
1917-12-03,360.17
1917-12-04,337.81
1917-12-05,302.46
1917-12-06,260.74
1917-12-07,227.25
1917-12-08,287.78
1917-12-09,398.24
1917-12-10,391.86
1917-12-11,348.98
1917-12-12,293.54
1917-12-13,255.05
1917-12-14,221.65
1917-12-15,246.29
1917-12-16,246.29
1917-12-17,230.34
1917-12-18,209.91
1917-12-19,195.15
1917-12-20,158.01
1917-12-21,164.44
1917-12-22,147.55
1917-12-23,158.01
1917-12-24,274.75
1917-12-25,171.56
1917-12-26,162.41
1917-12-27,162.41
1917-12-28,122.74
1917-12-29,79.84
1917-12-30,128.78
1917-12-31,128.78
1918-01-01,79.84
1918-01-02,128.78
1918-01-03,118.45
1918-01-04,118.45
1918-01-05,74.69
1918-01-06,74.69
1918-01-07,74.69
1918-01-08,171.56
1918-01-09,195.15
1918-01-10,195.15
1918-01-11,274.75
1918-01-12,450.00
1918-01-13,572.51
1918-01-14,504.95
1918-01-15,432.40
1918-01-16,1017.63
1918-01-17,1734.00
1918-01-18,1734.00
1918-01-19,1620.46
1918-01-20,1334.59
1918-01-21,1154.40
1918-01-22,927.77
1918-01-23,725.27
1918-01-24,830.59
1918-01-25,743.51
1918-01-26,660.98
1918-01-27,575.80
1918-01-28,509.07
1918-01-29,408.52
1918-01-30,348.98
1918-01-31,318.75
1918-02-01,241.12
1918-02-02,262.81
1918-02-03,241.12
1918-02-04,241.12
1918-02-05,218.56
1918-02-06,195.15
1918-02-07,195.15
1918-02-08,232.40
1918-02-09,269.55
1918-02-10,293.54
1918-02-11,274.75
1918-02-12,246.29
1918-02-13,204.78
1918-02-14,251.95
1918-02-15,293.54
1918-02-16,274.75
1918-02-17,269.55
1918-02-18,230.34
1918-02-19,195.15
1918-02-20,166.48
1918-02-21,185.56
1918-02-22,171.56
1918-02-23,180.07
1918-02-24,216.51
1918-02-25,207.86
1918-02-26,207.86
1918-02-27,202.32
1918-02-28,195.15
1918-03-01,353.19
1918-03-02,377.76
1918-03-03,369.29
1918-03-04,315.60
1918-03-05,296.67
1918-03-06,302.46
1918-03-07,277.87
1918-03-08,260.74
1918-03-09,232.40
1918-03-10,204.78
1918-03-11,204.78
1918-03-12,204.78
1918-03-13,197.20
1918-03-14,171.56
1918-03-15,171.56
1918-03-16,158.01
1918-03-17,143.50
1918-03-18,147.55
1918-03-19,147.55
1918-03-20,171.56
1918-03-21,195.15
1918-03-22,171.56
1918-03-23,162.41
1918-03-24,145.53
1918-03-25,139.15
1918-03-26,126.77
1918-03-27,106.18
1918-03-28,120.73
1918-03-29,126.77
1918-03-30,126.77
1918-03-31,164.44
1918-04-01,212.99
1918-04-02,232.40
1918-04-03,246.29
1918-04-04,221.65
1918-04-05,302.46
1918-04-06,232.40
1918-04-07,246.29
1918-04-08,281.53
1918-04-09,446.00
1918-04-10,594.26
1918-04-11,495.24
1918-04-12,477.39
1918-04-13,328.79
1918-04-14,287.78
1918-04-15,274.75
1918-04-16,248.84
1918-04-17,255.05
1918-04-18,251.95
1918-04-19,260.74
1918-04-20,251.95
1918-04-21,221.65
1918-04-22,227.25
1918-04-23,216.51
1918-04-24,207.86
1918-04-25,207.86
1918-04-26,321.89
1918-04-27,766.22
1918-04-28,681.36
1918-04-29,621.40
1918-04-30,522.94
1918-05-01,594.26
1918-05-02,530.34
1918-05-03,540.13
1918-05-04,374.58
1918-05-05,340.97
1918-05-06,348.98
1918-05-07,305.60
1918-05-08,293.54
1918-05-09,609.58
1918-05-10,374.58
1918-05-11,348.98
1918-05-12,343.07
1918-05-13,348.98
1918-05-14,328.79
1918-05-15,293.54
1918-05-16,293.54
1918-05-17,269.55
1918-05-18,241.12
1918-05-19,230.34
1918-05-20,212.99
1918-05-21,145.53
1918-05-22,189.64
1918-05-23,164.44
1918-05-24,151.92
1918-05-25,212.99
1918-05-26,166.48
1918-05-27,145.53
1918-05-28,143.50
1918-05-29,122.74
1918-05-30,122.74
1918-05-31,95.96
1918-06-01,87.77
1918-06-02,95.96
1918-06-03,95.96
1918-06-04,91.97
1918-06-05,87.77
1918-06-06,87.77
1918-06-07,79.84
1918-06-08,78.65
1918-06-09,70.74
1918-06-10,70.74
1918-06-11,67.60
1918-06-12,69.76
1918-06-13,69.76
1918-06-14,69.76
1918-06-15,49.79
1918-06-16,61.70
1918-06-17,56.63
1918-06-18,54.67
1918-06-19,60.72
1918-06-20,112.44
1918-06-21,70.74
1918-06-22,52.72
1918-06-23,54.67
1918-06-24,54.67
1918-06-25,63.67
1918-06-26,63.67
1918-06-27,52.72
1918-06-28,51.74
1918-06-29,51.74
1918-06-30,51.74
1918-07-01,34.95
1918-07-02,41.86
1918-07-03,39.92
1918-07-04,39.92
1918-07-05,39.92
1918-07-06,32.06
1918-07-07,32.06
1918-07-08,21.42
1918-07-09,32.06
1918-07-10,27.15
1918-07-11,27.15
1918-07-12,34.95
1918-07-13,32.06
1918-07-14,32.06
1918-07-15,27.15
1918-07-16,27.15
1918-07-17,36.88
1918-07-18,47.69
1918-07-19,51.74
1918-07-20,47.69
1918-07-21,41.86
1918-07-22,27.15
1918-07-23,32.06
1918-07-24,104.18
1918-07-25,32.06
1918-07-26,32.06
1918-07-27,32.06
1918-07-28,67.60
1918-07-29,89.98
1918-07-30,79.84
1918-07-31,65.63
1918-08-01,51.74
1918-08-02,51.74
1918-08-03,43.80
1918-08-04,36.88
1918-08-05,32.06
1918-08-06,78.65
1918-08-07,114.44
1918-08-08,122.74
1918-08-09,61.70
1918-08-10,43.80
1918-08-11,56.63
1918-08-12,34.95
1918-08-13,34.95
1918-08-14,29.06
1918-08-15,32.06
1918-08-16,30.14
1918-08-17,24.28
1918-08-18,27.15
1918-08-19,10.00
1918-08-20,27.15
1918-08-21,21.42
1918-08-22,24.28
1918-08-23,24.28
1918-08-24,21.42
1918-08-25,21.42
1918-08-26,15.64
1918-08-27,30.14
1918-08-28,39.92
1918-08-29,39.92
1918-08-30,70.74
1918-08-31,67.60
1918-09-01,32.06
1918-09-02,27.15
1918-09-03,32.06
1918-09-04,30.14
1918-09-05,30.14
1918-09-06,32.06
1918-09-07,34.95
1918-09-08,30.14
1918-09-09,43.80
1918-09-10,39.92
1918-09-11,207.86
1918-09-12,232.40
1918-09-13,216.51
1918-09-14,232.40
1918-09-15,162.41
1918-09-16,87.77
1918-09-17,133.10
1918-09-18,91.97
1918-09-19,230.34
1918-09-20,192.71
1918-09-21,147.55
1918-09-22,133.10
1918-09-23,124.76
1918-09-24,104.18
1918-09-25,118.45
1918-09-26,114.44
1918-09-27,118.45
1918-09-28,108.17
1918-09-29,95.96
1918-09-30,95.96
1918-10-01,122.74
1918-10-02,114.44
1918-10-03,104.18
1918-10-04,106.18
1918-10-05,74.69
1918-10-06,83.81
1918-10-07,78.65
1918-10-08,76.67
1918-10-09,70.74
1918-10-10,70.74
1918-10-11,72.72
1918-10-12,67.60
1918-10-13,58.59
1918-10-14,54.67
1918-10-15,56.63
1918-10-16,70.74
1918-10-17,230.34
1918-10-18,212.99
1918-10-19,244.22
1918-10-20,195.15
1918-10-21,296.67
1918-10-22,398.24
1918-10-23,371.41
1918-10-24,269.55
1918-10-25,221.65
1918-10-26,192.71
1918-10-27,171.56
1918-10-28,145.53
1918-10-29,114.44
1918-10-30,118.45
1918-10-31,104.18
1918-11-01,87.77
1918-11-02,95.96
1918-11-03,91.97
1918-11-04,100.18
1918-11-05,95.96
1918-11-06,108.17
1918-11-07,274.75
1918-11-08,308.74
1918-11-09,265.92
1918-11-10,185.56
1918-11-11,185.56
1918-11-12,192.71
1918-11-13,166.48
1918-11-14,160.04
1918-11-15,147.55
1918-11-16,133.10
1918-11-17,120.73
1918-11-18,110.43
1918-11-19,110.43
1918-11-20,110.43
1918-11-21,110.43
1918-11-22,102.18
1918-11-23,93.96
1918-11-24,87.77
1918-11-25,74.69
1918-11-26,97.95
1918-11-27,93.96
1918-11-28,118.45
1918-11-29,151.92
1918-11-30,149.57
1918-12-01,151.92
1918-12-02,143.50
1918-12-03,137.13
1918-12-04,133.10
1918-12-05,133.10
1918-12-06,143.50
1918-12-07,158.01
1918-12-08,143.50
1918-12-09,143.50
1918-12-10,139.15
1918-12-11,126.77
1918-12-12,149.57
1918-12-13,246.29
1918-12-14,590.96
1918-12-15,558.41
1918-12-16,484.69
1918-12-17,426.00
1918-12-18,408.52
1918-12-19,408.52
1918-12-20,626.04
1918-12-21,812.46
1918-12-22,802.84
1918-12-23,743.51
1918-12-24,927.77
1918-12-25,835.02
1918-12-26,747.94
1918-12-27,641.73
1918-12-28,594.26
1918-12-29,885.16
1918-12-30,1126.82
1918-12-31,1148.91
1919-01-01,1055.01
1919-01-02,927.77
1919-01-03,964.73
1919-01-04,911.61
1919-01-05,943.51
1919-01-06,1038.73
1919-01-07,1176.50
1919-01-08,1182.06
1919-01-09,1077.09
1919-01-10,980.83
1919-01-11,868.96
1919-01-12,766.22
1919-01-13,693.78
1919-01-14,649.69
1919-01-15,621.40
1919-01-16,632.66
1919-01-17,775.37
1919-01-18,761.79
1919-01-19,739.09
1919-01-20,693.78
1919-01-21,632.66
1919-01-22,572.51
1919-01-23,515.55
1919-01-24,442.79
1919-01-25,369.29
1919-01-26,287.78
1919-01-27,302.46
1919-01-28,287.78
1919-01-29,269.55
1919-01-30,246.29
1919-01-31,232.40
1919-02-01,209.91
1919-02-02,202.32
1919-02-03,187.60
1919-02-04,174.98
1919-02-05,174.98
1919-02-06,174.98
1919-02-07,151.92
1919-02-08,171.56
1919-02-09,137.13
1919-02-10,223.71
1919-02-11,185.56
1919-02-12,133.10
1919-02-13,122.74
1919-02-14,118.45
1919-02-15,122.74
1919-02-16,118.45
1919-02-17,155.98
1919-02-18,374.58
1919-02-19,460.46
1919-02-20,439.59
1919-02-21,408.52
1919-02-22,418.85
1919-02-23,660.98
1919-02-24,677.80
1919-02-25,677.80
1919-02-26,716.42
1919-02-27,665.40
1919-02-28,641.73
1919-03-01,693.78
1919-03-02,677.80
1919-03-03,629.35
1919-03-04,657.42
1919-03-05,895.82
1919-03-06,922.26
1919-03-07,1066.05
1919-03-08,1002.00
1919-03-09,890.30
1919-03-10,793.97
1919-03-11,711.73
1919-03-12,632.66
1919-03-13,569.22
1919-03-14,504.95
1919-03-15,456.43
1919-03-16,374.58
1919-03-17,356.35
1919-03-18,348.98
1919-03-19,340.97
1919-03-20,298.76
1919-03-21,302.46
1919-03-22,289.86
1919-03-23,265.92
1919-03-24,232.40
1919-03-25,274.75
1919-03-26,408.52
1919-03-27,460.46
1919-03-28,456.43
1919-03-29,495.24
1919-03-30,522.94
1919-03-31,526.18
1919-04-01,536.86
1919-04-02,536.86
1919-04-03,519.69
1919-04-04,495.24
1919-04-05,477.39
1919-04-06,453.22
1919-04-07,453.22
1919-04-08,435.61
1919-04-09,411.72
1919-04-10,360.17
1919-04-11,348.98
1919-04-12,293.54
1919-04-13,302.46
1919-04-14,360.17
1919-04-15,415.65
1919-04-16,632.66
1919-04-17,761.79
1919-04-18,949.02
1919-04-19,848.68
1919-04-20,708.41
1919-04-21,649.69
1919-04-22,550.90
1919-04-23,495.24
1919-04-24,442.79
1919-04-25,418.85
1919-04-26,377.76
1919-04-27,351.08
1919-04-28,377.76
1919-04-29,408.52
1919-04-30,374.58
1919-05-01,442.79
1919-05-02,609.58
1919-05-03,641.73
1919-05-04,660.98
1919-05-05,609.58
1919-05-06,613.68
1919-05-07,504.95
1919-05-08,435.61
1919-05-09,374.58
1919-05-10,348.98
1919-05-11,334.04
1919-05-12,345.18
1919-05-13,308.74
1919-05-14,207.86
1919-05-15,246.29
1919-05-16,221.65
1919-05-17,200.27
1919-05-18,145.53
1919-05-19,166.48
1919-05-20,151.92
1919-05-21,143.50
1919-05-22,147.55
1919-05-23,135.12
1919-05-24,133.10
1919-05-25,122.74
1919-05-26,104.18
1919-05-27,118.45
1919-05-28,108.17
1919-05-29,100.18
1919-05-30,100.18
1919-05-31,95.96
1919-06-01,100.18
1919-06-02,95.96
1919-06-03,95.96
1919-06-04,81.82
1919-06-05,85.79
1919-06-06,87.77
1919-06-07,79.84
1919-06-08,79.84
1919-06-09,70.74
1919-06-10,74.69
1919-06-11,74.69
1919-06-12,74.69
1919-06-13,74.69
1919-06-14,67.60
1919-06-15,61.70
1919-06-16,61.70
1919-06-17,58.59
1919-06-18,51.74
1919-06-19,51.74
1919-06-20,52.72
1919-06-21,54.67
1919-06-22,51.74
1919-06-23,41.86
1919-06-24,49.79
1919-06-25,52.72
1919-06-26,61.70
1919-06-27,56.63
1919-06-28,67.60
1919-06-29,58.59
1919-06-30,63.67
1919-07-01,54.67
1919-07-02,51.74
1919-07-03,51.74
1919-07-04,58.59
1919-07-05,54.67
1919-07-06,54.67
1919-07-07,54.67
1919-07-08,60.72
1919-07-09,67.60
1919-07-10,51.74
1919-07-11,54.67
1919-07-12,58.59
1919-07-13,61.70
1919-07-14,61.70
1919-07-15,60.72
1919-07-16,67.60
1919-07-17,61.70
1919-07-18,54.67
1919-07-19,51.74
1919-07-20,56.63
1919-07-21,49.79
1919-07-22,49.79
1919-07-23,54.67
1919-07-24,95.96
1919-07-25,141.48
1919-07-26,106.18
1919-07-27,95.96
1919-07-28,81.82
1919-07-29,85.79
1919-07-30,74.69
1919-07-31,70.74
1919-08-01,60.72
1919-08-02,54.67
1919-08-03,54.67
1919-08-04,54.67
1919-08-05,47.69
1919-08-06,47.69
1919-08-07,47.69
1919-08-08,51.74
1919-08-09,51.74
1919-08-10,39.92
1919-08-11,30.14
1919-08-12,32.06
1919-08-13,27.15
1919-08-14,21.42
1919-08-15,15.64
1919-08-16,15.64
1919-08-17,15.64
1919-08-18,14.69
1919-08-19,10.00
1919-08-20,10.00
1919-08-21,10.00
1919-08-22,10.00
1919-08-23,10.00
1919-08-24,10.00
1919-08-25,11.87
1919-08-26,10.00
1919-08-27,10.00
1919-08-28,11.87
1919-08-29,15.64
1919-08-30,17.53
1919-08-31,12.81
1919-09-01,39.92
1919-09-02,118.45
1919-09-03,89.98
1919-09-04,63.67
1919-09-05,39.92
1919-09-06,29.06
1919-09-07,21.42
1919-09-08,10.00
1919-09-09,10.00
1919-09-10,10.00
1919-09-11,10.00
1919-09-12,10.00
1919-09-13,10.00
1919-09-14,10.00
1919-09-15,10.00
1919-09-16,10.00
1919-09-17,10.00
1919-09-18,10.00
1919-09-19,10.00
1919-09-20,10.00
1919-09-21,10.00
1919-09-22,10.00
1919-09-23,10.00
1919-09-24,10.00
1919-09-25,10.00
1919-09-26,10.00
1919-09-27,11.87
1919-09-28,11.87
1919-09-29,15.64
1919-09-30,27.15
1919-10-01,24.28
1919-10-02,24.28
1919-10-03,24.28
1919-10-04,24.28
1919-10-05,15.64
1919-10-06,15.64
1919-10-07,21.42
1919-10-08,10.00
1919-10-09,34.95
1919-10-10,21.42
1919-10-11,21.42
1919-10-12,23.33
1919-10-13,18.47
1919-10-14,15.64
1919-10-15,21.42
1919-10-16,36.88
1919-10-17,15.64
1919-10-18,41.86
1919-10-19,27.15
1919-10-20,32.06
1919-10-21,32.06
1919-10-22,32.06
1919-10-23,30.14
1919-10-24,30.14
1919-10-25,15.64
1919-10-26,23.33
1919-10-27,21.42
1919-10-28,24.28
1919-10-29,29.06
1919-10-30,32.06
1919-10-31,32.06
1919-11-01,15.64
1919-11-02,10.00
1919-11-03,15.64
1919-11-04,23.33
1919-11-05,36.88
1919-11-06,23.33
1919-11-07,277.87
1919-11-08,104.18
1919-11-09,164.44
1919-11-10,108.17
1919-11-11,171.56
1919-11-12,216.51
1919-11-13,174.98
1919-11-14,128.78
1919-11-15,112.44
1919-11-16,118.45
1919-11-17,104.18
1919-11-18,104.18
1919-11-19,583.37
1919-11-20,621.40
1919-11-21,743.51
1919-11-22,641.73
1919-11-23,526.18
1919-11-24,512.31
1919-11-25,470.12
1919-11-26,512.31
1919-11-27,530.34
1919-11-28,572.51
1919-11-29,565.94
1919-11-30,504.95
1919-12-01,411.72
1919-12-02,401.42
1919-12-03,348.98
1919-12-04,590.96
1919-12-05,725.27
1919-12-06,779.80
1919-12-07,991.42
1919-12-08,1049.52
1919-12-09,938.40
1919-12-10,775.37
1919-12-11,665.40
1919-12-12,547.62
1919-12-13,460.46
1919-12-14,401.42
1919-12-15,401.42
1919-12-16,391.86
1919-12-17,348.98
1919-12-18,302.46
1919-12-19,311.88
1919-12-20,530.34
1919-12-21,460.46
1919-12-22,460.46
1919-12-23,477.39
1919-12-24,1511.19
1919-12-25,1577.49
1919-12-26,1559.00
1919-12-27,1464.18
1919-12-28,1444.20
1919-12-29,1394.69
1919-12-30,1457.41
1919-12-31,1511.19
1920-01-01,1545.25
1920-01-02,1491.63
1920-01-03,1334.59
1920-01-04,1275.81
1920-01-05,1071.60
1920-01-06,874.48
1920-01-07,734.39
1920-01-08,641.73
1920-01-09,590.96
1920-01-10,544.34
1920-01-11,964.73
1920-01-12,1650.54
1920-01-13,1891.00
1920-01-14,1989.98
1920-01-15,2116.85
1920-01-16,1920.92
1920-01-17,1891.00
1920-01-18,1577.49
1920-01-19,1464.18
1920-01-20,1310.25
1920-01-21,1182.06
1920-01-22,1143.35
1920-01-23,1012.57
1920-01-24,895.82
1920-01-25,779.80
1920-01-26,729.96
1920-01-27,613.68
1920-01-28,590.96
1920-01-29,572.51
1920-01-30,632.66
1920-01-31,681.36
1920-02-01,766.22
1920-02-02,779.80
1920-02-03,720.84
1920-02-04,665.40
1920-02-05,601.87
1920-02-06,555.12
1920-02-07,501.71
1920-02-08,450.00
1920-02-09,426.00
1920-02-10,363.34
1920-02-11,377.76
1920-02-12,453.22
1920-02-13,429.20
1920-02-14,439.59
1920-02-15,391.86
1920-02-16,334.04
1920-02-17,348.98
1920-02-18,318.75
1920-02-19,262.81
1920-02-20,269.55
1920-02-21,238.02
1920-02-22,232.40
1920-02-23,230.34
1920-02-24,189.64
1920-02-25,189.64
1920-02-26,189.64
1920-02-27,185.56
1920-02-28,221.65
1920-02-29,212.99
1920-03-01,200.27
1920-03-02,118.45
1920-03-03,185.56
1920-03-04,151.92
1920-03-05,162.41
1920-03-06,162.41
1920-03-07,158.01
1920-03-08,155.98
1920-03-09,177.02
1920-03-10,177.02
1920-03-11,182.11
1920-03-12,158.01
1920-03-13,162.41
1920-03-14,169.53
1920-03-15,180.07
1920-03-16,200.27
1920-03-17,284.65
1920-03-18,302.46
1920-03-19,274.75
1920-03-20,232.40
1920-03-21,241.12
1920-03-22,230.34
1920-03-23,232.40
1920-03-24,232.40
1920-03-25,227.25
1920-03-26,145.53
1920-03-27,180.07
1920-03-28,164.44
1920-03-29,164.44
1920-03-30,160.04
1920-03-31,169.53
1920-04-01,114.44
1920-04-02,133.10
1920-04-03,221.65
1920-04-04,302.46
1920-04-05,348.98
1920-04-06,470.12
1920-04-07,484.69
1920-04-08,466.90
1920-04-09,408.52
1920-04-10,365.45
1920-04-11,365.45
1920-04-12,384.80
1920-04-13,381.62
1920-04-14,491.15
1920-04-15,460.46
1920-04-16,408.52
1920-04-17,348.98
1920-04-18,328.79
1920-04-19,408.52
1920-04-20,274.75
1920-04-21,287.78
1920-04-22,302.46
1920-04-23,293.54
1920-04-24,281.53
1920-04-25,204.78
1920-04-26,232.40
1920-04-27,248.84
1920-04-28,401.42
1920-04-29,371.41
1920-04-30,360.17
1920-05-01,360.17
1920-05-02,328.79
1920-05-03,296.67
1920-05-04,287.78
1920-05-05,246.29
1920-05-06,221.65
1920-05-07,212.99
1920-05-08,187.60
1920-05-09,180.07
1920-05-10,164.44
1920-05-11,162.41
1920-05-12,122.74
1920-05-13,122.74
1920-05-14,124.76
1920-05-15,124.76
1920-05-16,126.77
1920-05-17,124.76
1920-05-18,118.45
1920-05-19,108.17
1920-05-20,143.50
1920-05-21,122.74
1920-05-22,116.45
1920-05-23,108.17
1920-05-24,102.18
1920-05-25,91.97
1920-05-26,95.96
1920-05-27,104.18
1920-05-28,102.18
1920-05-29,102.18
1920-05-30,104.18
1920-05-31,95.96
1920-06-01,56.63
1920-06-02,78.65
1920-06-03,104.18
1920-06-04,81.82
1920-06-05,74.69
1920-06-06,74.69
1920-06-07,74.69
1920-06-08,70.74
1920-06-09,70.74
1920-06-10,61.70
1920-06-11,58.59
1920-06-12,24.28
1920-06-13,39.92
1920-06-14,58.59
1920-06-15,69.76
1920-06-16,78.65
1920-06-17,54.67
1920-06-18,65.63
1920-06-19,61.70
1920-06-20,63.67
1920-06-21,65.63
1920-06-22,65.63
1920-06-23,65.63
1920-06-24,51.74
1920-06-25,51.74
1920-06-26,51.74
1920-06-27,38.82
1920-06-28,27.15
1920-06-29,36.88
1920-06-30,47.69
1920-07-01,45.74
1920-07-02,41.86
1920-07-03,38.82
1920-07-04,39.92
1920-07-05,45.74
1920-07-06,58.59
1920-07-07,58.59
1920-07-08,54.67
1920-07-09,61.70
1920-07-10,54.67
1920-07-11,51.74
1920-07-12,47.69
1920-07-13,41.86
1920-07-14,45.74
1920-07-15,41.86
1920-07-16,39.92
1920-07-17,36.88
1920-07-18,58.59
1920-07-19,65.63
1920-07-20,74.69
1920-07-21,52.72
1920-07-22,61.70
1920-07-23,61.70
1920-07-24,58.59
1920-07-25,61.70
1920-07-26,63.67
1920-07-27,60.72
1920-07-28,58.59
1920-07-29,60.72
1920-07-30,51.74
1920-07-31,51.74
1920-08-01,51.74
1920-08-02,51.74
1920-08-03,54.67
1920-08-04,56.63
1920-08-05,58.59
1920-08-06,51.74
1920-08-07,51.74
1920-08-08,52.72
1920-08-09,56.63
1920-08-10,67.60
1920-08-11,41.86
1920-08-12,41.86
1920-08-13,39.92
1920-08-14,36.88
1920-08-15,32.06
1920-08-16,30.14
1920-08-17,30.14
1920-08-18,27.15
1920-08-19,27.15
1920-08-20,49.79
1920-08-21,39.92
1920-08-22,33.99
1920-08-23,33.99
1920-08-24,39.92
1920-08-25,52.72
1920-08-26,39.92
1920-08-27,36.88
1920-08-28,33.99
1920-08-29,32.06
1920-08-30,32.06
1920-08-31,32.06
1920-09-01,32.06
1920-09-02,39.92
1920-09-03,51.74
1920-09-04,41.86
1920-09-05,45.74
1920-09-06,61.70
1920-09-07,131.08
1920-09-08,126.77
1920-09-09,61.70
1920-09-10,69.76
1920-09-11,45.74
1920-09-12,43.80
1920-09-13,45.74
1920-09-14,41.86
1920-09-15,39.92
1920-09-16,41.86
1920-09-17,43.80
1920-09-18,32.06
1920-09-19,32.06
1920-09-20,38.82
1920-09-21,38.82
1920-09-22,38.82
1920-09-23,61.70
1920-09-24,34.95
1920-09-25,34.95
1920-09-26,32.06
1920-09-27,27.15
1920-09-28,29.06
1920-09-29,41.86
1920-09-30,36.88
1920-10-01,36.88
1920-10-02,27.15
1920-10-03,49.79
1920-10-04,51.74
1920-10-05,56.63
1920-10-06,39.92
1920-10-07,33.99
1920-10-08,32.06
1920-10-09,32.06
1920-10-10,32.06
1920-10-11,29.06
1920-10-12,34.95
1920-10-13,32.06
1920-10-14,32.06
1920-10-15,36.88
1920-10-16,27.15
1920-10-17,27.15
1920-10-18,27.15
1920-10-19,74.69
1920-10-20,133.10
1920-10-21,89.98
1920-10-22,95.96
1920-10-23,54.67
1920-10-24,56.63
1920-10-25,67.60
1920-10-26,38.82
1920-10-27,38.82
1920-10-28,30.14
1920-10-29,36.88
1920-10-30,32.06
1920-10-31,32.06
1920-11-01,43.80
1920-11-02,32.06
1920-11-03,32.06
1920-11-04,32.06
1920-11-05,32.06
1920-11-06,30.14
1920-11-07,32.06
1920-11-08,32.06
1920-11-09,32.06
1920-11-10,23.33
1920-11-11,21.42
1920-11-12,32.06
1920-11-13,21.42
1920-11-14,21.42
1920-11-15,21.42
1920-11-16,49.79
1920-11-17,74.69
1920-11-18,60.72
1920-11-19,78.65
1920-11-20,60.72
1920-11-21,54.67
1920-11-22,27.15
1920-11-23,36.88
1920-11-24,27.15
1920-11-25,10.00
1920-11-26,39.92
1920-11-27,21.42
1920-11-28,32.06
1920-11-29,27.15
1920-11-30,29.06
1920-12-01,29.06
1920-12-02,29.06
1920-12-03,30.14
1920-12-04,32.06
1920-12-05,133.10
1920-12-06,166.48
1920-12-07,149.57
1920-12-08,87.77
1920-12-09,104.18
1920-12-10,70.74
1920-12-11,83.81
1920-12-12,70.74
1920-12-13,76.67
1920-12-14,67.60
1920-12-15,47.69
1920-12-16,54.67
1920-12-17,41.86
1920-12-18,207.86
1920-12-19,95.96
1920-12-20,54.67
1920-12-21,10.00
1920-12-22,10.00
1920-12-23,10.00
1920-12-24,15.64
1920-12-25,72.72
1920-12-26,114.44
1920-12-27,145.53
1920-12-28,137.13
1920-12-29,143.50
1920-12-30,232.40
1920-12-31,274.75
1921-01-01,260.74
1921-01-02,274.75
1921-01-03,218.56
1921-01-04,331.94
1921-01-05,345.18
1921-01-06,384.80
1921-01-07,315.60
1921-01-08,230.34
1921-01-09,227.25
1921-01-10,164.44
1921-01-11,207.86
1921-01-12,255.05
1921-01-13,401.42
1921-01-14,540.13
1921-01-15,575.80
1921-01-16,460.46
1921-01-17,432.40
1921-01-18,348.98
1921-01-19,515.55
1921-01-20,609.58
1921-01-21,575.80
1921-01-22,515.55
1921-01-23,426.00
1921-01-24,405.33
1921-01-25,411.72
1921-01-26,398.24
1921-01-27,374.58
1921-01-28,512.31
1921-01-29,446.00
1921-01-30,432.40
1921-01-31,356.35
1921-02-01,351.08
1921-02-02,343.07
1921-02-03,274.75
1921-02-04,255.05
1921-02-05,221.65
1921-02-06,192.71
1921-02-07,185.56
1921-02-08,177.02
1921-02-09,151.92
1921-02-10,162.41
1921-02-11,158.01
1921-02-12,143.50
1921-02-13,118.45
1921-02-14,126.77
1921-02-15,131.08
1921-02-16,137.13
1921-02-17,145.53
1921-02-18,135.12
1921-02-19,110.43
1921-02-20,114.44
1921-02-21,106.18
1921-02-22,85.79
1921-02-23,89.98
1921-02-24,97.95
1921-02-25,89.98
1921-02-26,87.77
1921-02-27,78.65
1921-02-28,74.69
1921-03-01,79.84
1921-03-02,74.69
1921-03-03,79.84
1921-03-04,74.69
1921-03-05,74.69
1921-03-06,89.98
1921-03-07,83.81
1921-03-08,79.84
1921-03-09,79.84
1921-03-10,74.69
1921-03-11,74.69
1921-03-12,72.72
1921-03-13,65.63
1921-03-14,65.63
1921-03-15,51.74
1921-03-16,58.59
1921-03-17,58.59
1921-03-18,58.59
1921-03-19,41.86
1921-03-20,67.60
1921-03-21,67.60
1921-03-22,74.69
1921-03-23,74.69
1921-03-24,63.67
1921-03-25,63.67
1921-03-26,67.60
1921-03-27,61.70
1921-03-28,54.67
1921-03-29,54.67
1921-03-30,51.74
1921-03-31,52.72
1921-04-01,51.74
1921-04-02,36.88
1921-04-03,32.06
1921-04-04,47.69
1921-04-05,47.69
1921-04-06,32.06
1921-04-07,49.79
1921-04-08,47.69
1921-04-09,47.69
1921-04-10,47.69
1921-04-11,45.74
1921-04-12,32.06
1921-04-13,27.15
1921-04-14,30.14
1921-04-15,32.06
1921-04-16,38.82
1921-04-17,41.86
1921-04-18,54.67
1921-04-19,39.92
1921-04-20,39.92
1921-04-21,39.92
1921-04-22,39.92
1921-04-23,39.92
1921-04-24,39.92
1921-04-25,39.92
1921-04-26,47.69
1921-04-27,39.92
1921-04-28,47.69
1921-04-29,27.15
1921-04-30,39.92
1921-05-01,27.15
1921-05-02,29.06
1921-05-03,30.14
1921-05-04,30.14
1921-05-05,32.06
1921-05-06,30.14
1921-05-07,30.14
1921-05-08,38.82
1921-05-09,32.06
1921-05-10,33.99
1921-05-11,36.88
1921-05-12,30.14
1921-05-13,24.28
1921-05-14,36.88
1921-05-15,39.92
1921-05-16,54.67
1921-05-17,61.70
1921-05-18,34.95
1921-05-19,39.92
1921-05-20,41.86
1921-05-21,27.15
1921-05-22,27.15
1921-05-23,39.92
1921-05-24,29.06
1921-05-25,15.64
1921-05-26,24.28
1921-05-27,33.99
1921-05-28,29.06
1921-05-29,27.15
1921-05-30,24.28
1921-05-31,23.33
1921-06-01,23.33
1921-06-02,21.42
1921-06-03,18.47
1921-06-04,15.64
1921-06-05,21.42
1921-06-06,27.15
1921-06-07,23.33
1921-06-08,21.42
1921-06-09,18.47
1921-06-10,17.53
1921-06-11,18.47
1921-06-12,10.00
1921-06-13,12.81
1921-06-14,12.81
1921-06-15,17.53
1921-06-16,102.18
1921-06-17,95.96
1921-06-18,87.77
1921-06-19,15.64
1921-06-20,27.15
1921-06-21,87.77
1921-06-22,69.76
1921-06-23,23.33
1921-06-24,17.53
1921-06-25,15.64
1921-06-26,21.42
1921-06-27,15.64
1921-06-28,10.00
1921-06-29,10.00
1921-06-30,10.00
1921-07-01,20.47
1921-07-02,12.81
1921-07-03,10.00
1921-07-04,10.00
1921-07-05,10.00
1921-07-06,10.00
1921-07-07,10.00
1921-07-08,10.00
1921-07-09,10.00
1921-07-10,10.00
1921-07-11,10.00
1921-07-12,10.00
1921-07-13,10.00
1921-07-14,10.00
1921-07-15,10.00
1921-07-16,10.00
1921-07-17,10.00
1921-07-18,10.00
1921-07-19,10.00
1921-07-20,10.00
1921-07-21,10.00
1921-07-22,10.00
1921-07-23,10.00
1921-07-24,10.00
1921-07-25,10.00
1921-07-26,10.00
1921-07-27,10.00
1921-07-28,10.00
1921-07-29,10.00
1921-07-30,10.00
1921-07-31,10.00
1921-08-01,10.00
1921-08-02,10.00
1921-08-03,10.00
1921-08-04,10.00
1921-08-05,10.00
1921-08-06,10.00
1921-08-07,10.00
1921-08-08,10.00
1921-08-09,10.00
1921-08-10,10.00
1921-08-11,10.00
1921-08-12,10.00
1921-08-13,10.00
1921-08-14,10.00
1921-08-15,10.00
1921-08-16,10.00
1921-08-17,10.00
1921-08-18,10.00
1921-08-19,10.00
1921-08-20,10.00
1921-08-21,10.00
1921-08-22,10.00
1921-08-23,10.00
1921-08-24,10.00
1921-08-25,10.00
1921-08-26,10.00
1921-08-27,10.00
1921-08-28,10.00
1921-08-29,10.00
1921-08-30,10.00
1921-08-31,10.00
1921-09-01,10.00
1921-09-02,10.00
1921-09-03,10.00
1921-09-04,10.00
1921-09-05,10.00
1921-09-06,10.00
1921-09-07,10.00
1921-09-08,10.00
1921-09-09,10.00
1921-09-10,10.00
1921-09-11,10.00
1921-09-12,10.00
1921-09-13,10.00
1921-09-14,10.00
1921-09-15,10.00
1921-09-16,10.00
1921-09-17,10.00
1921-09-18,10.00
1921-09-19,10.00
1921-09-20,10.00
1921-09-21,10.00
1921-09-22,10.00
1921-09-23,10.00
1921-09-24,10.00
1921-09-25,10.00
1921-09-26,10.00
1921-09-27,10.00
1921-09-28,10.00
1921-09-29,10.00
1921-09-30,10.00
1921-10-01,10.00
1921-10-02,10.00
1921-10-03,10.00
1921-10-04,10.00
1921-10-05,10.00
1921-10-06,10.00
1921-10-07,10.00
1921-10-08,10.00
1921-10-09,10.00
1921-10-10,10.00
1921-10-11,10.00
1921-10-12,10.00
1921-10-13,10.00
1921-10-14,10.00
1921-10-15,10.00
1921-10-16,10.00
1921-10-17,10.00
1921-10-18,10.00
1921-10-19,10.00
1921-10-20,10.00
1921-10-21,10.00
1921-10-22,10.00
1921-10-23,10.00
1921-10-24,10.00
1921-10-25,10.00
1921-10-26,10.00
1921-10-27,10.00
1921-10-28,10.00
1921-10-29,10.00
1921-10-30,10.00
1921-10-31,10.00
1921-11-01,10.00
1921-11-02,10.00
1921-11-03,10.00
1921-11-04,10.00
1921-11-05,10.00
1921-11-06,27.15
1921-11-07,27.15
1921-11-08,15.64
1921-11-09,11.87
1921-11-10,21.42
1921-11-11,11.87
1921-11-12,10.00
1921-11-13,10.00
1921-11-14,10.00
1921-11-15,10.00
1921-11-16,10.00
1921-11-17,10.00
1921-11-18,10.00
1921-11-19,10.00
1921-11-20,10.00
1921-11-21,10.00
1921-11-22,10.00
1921-11-23,10.00
1921-11-24,10.00
1921-11-25,10.00
1921-11-26,10.00
1921-11-27,10.00
1921-11-28,10.00
1921-11-29,10.00
1921-11-30,162.41
1921-12-01,51.74
1921-12-02,15.64
1921-12-03,21.42
1921-12-04,10.00
1921-12-05,21.42
1921-12-06,17.53
1921-12-07,17.53
1921-12-08,17.53
1921-12-09,21.42
1921-12-10,21.42
1921-12-11,12.81
1921-12-12,10.00
1921-12-13,10.00
1921-12-14,10.00
1921-12-15,10.00
1921-12-16,10.00
1921-12-17,10.00
1921-12-18,10.00
1921-12-19,10.00
1921-12-20,10.00
1921-12-21,10.00
1921-12-22,10.00
1921-12-23,10.00
1921-12-24,10.00
1921-12-25,10.00
1921-12-26,10.00
1921-12-27,10.00
1921-12-28,10.00
1921-12-29,10.00
1921-12-30,41.86
1921-12-31,29.06
1922-01-01,78.65
1922-01-02,54.67
1922-01-03,348.98
1922-01-04,281.53
1922-01-05,126.77
1922-01-06,58.59
1922-01-07,70.74
1922-01-08,87.77
1922-01-09,87.77
1922-01-10,287.78
1922-01-11,708.41
1922-01-12,495.24
1922-01-13,360.17
1922-01-14,74.69
1922-01-15,27.15
1922-01-16,70.74
1922-01-17,162.41
1922-01-18,164.44
1922-01-19,114.44
1922-01-20,104.18
1922-01-21,89.98
1922-01-22,87.77
1922-01-23,54.67
1922-01-24,83.81
1922-01-25,52.72
1922-01-26,47.69
1922-01-27,54.67
1922-01-28,87.77
1922-01-29,81.82
1922-01-30,93.96
1922-01-31,470.12
1922-02-01,435.61
1922-02-02,381.62
1922-02-03,343.07
1922-02-04,641.73
1922-02-05,766.22
1922-02-06,705.09
1922-02-07,565.94
1922-02-08,391.86
1922-02-09,302.46
1922-02-10,274.75
1922-02-11,232.40
1922-02-12,232.40
1922-02-13,246.29
1922-02-14,207.86
1922-02-15,202.32
1922-02-16,185.56
1922-02-17,162.41
1922-02-18,149.57
1922-02-19,235.50
1922-02-20,308.74
1922-02-21,311.88
1922-02-22,348.98
1922-02-23,348.98
1922-02-24,318.75
1922-02-25,318.75
1922-02-26,298.76
1922-02-27,265.92
1922-02-28,227.25
1922-03-01,232.40
1922-03-02,460.46
1922-03-03,580.08
1922-03-04,597.56
1922-03-05,626.04
1922-03-06,575.80
1922-03-07,484.69
1922-03-08,365.45
1922-03-09,371.41
1922-03-10,442.79
1922-03-11,426.00
1922-03-12,405.33
1922-03-13,302.46
1922-03-14,274.75
1922-03-15,265.92
1922-03-16,207.86
1922-03-17,180.07
1922-03-18,185.56
1922-03-19,139.15
1922-03-20,145.53
1922-03-21,133.10
1922-03-22,128.78
1922-03-23,126.77
1922-03-24,122.74
1922-03-25,116.45
1922-03-26,116.45
1922-03-27,133.10
1922-03-28,145.53
1922-03-29,137.13
1922-03-30,133.10
1922-03-31,139.15
1922-04-01,164.44
1922-04-02,162.41
1922-04-03,166.48
1922-04-04,274.75
1922-04-05,779.80
1922-04-06,693.78
1922-04-07,665.40
1922-04-08,519.69
1922-04-09,720.84
1922-04-10,720.84
1922-04-11,641.73
1922-04-12,594.26
1922-04-13,495.24
1922-04-14,435.61
1922-04-15,460.46
1922-04-16,442.79
1922-04-17,442.79
1922-04-18,408.52
1922-04-19,365.45
1922-04-20,395.05
1922-04-21,287.78
1922-04-22,277.87
1922-04-23,232.40
1922-04-24,232.40
1922-04-25,258.66
1922-04-26,348.98
1922-04-27,466.90
1922-04-28,480.62
1922-04-29,477.39
1922-04-30,466.90
1922-05-01,477.39
1922-05-02,504.95
1922-05-03,512.31
1922-05-04,547.62
1922-05-05,555.12
1922-05-06,515.55
1922-05-07,442.79
1922-05-08,365.45
1922-05-09,274.75
1922-05-10,265.92
1922-05-11,246.29
1922-05-12,218.56
1922-05-13,232.40
1922-05-14,227.25
1922-05-15,204.78
1922-05-16,143.50
1922-05-17,185.56
1922-05-18,145.53
1922-05-19,143.50
1922-05-20,104.18
1922-05-21,95.96
1922-05-22,104.18
1922-05-23,104.18
1922-05-24,97.95
1922-05-25,87.77
1922-05-26,70.74
1922-05-27,78.65
1922-05-28,70.74
1922-05-29,70.74
1922-05-30,61.70
1922-05-31,49.79
1922-06-01,51.74
1922-06-02,54.67
1922-06-03,54.67
1922-06-04,58.59
1922-06-05,56.63
1922-06-06,54.67
1922-06-07,51.74
1922-06-08,51.74
1922-06-09,51.74
1922-06-10,58.59
1922-06-11,70.74
1922-06-12,58.59
1922-06-13,51.74
1922-06-14,47.69
1922-06-15,126.77
1922-06-16,81.82
1922-06-17,61.70
1922-06-18,39.92
1922-06-19,41.86
1922-06-20,36.88
1922-06-21,36.88
1922-06-22,36.88
1922-06-23,29.06
1922-06-24,27.15
1922-06-25,21.42
1922-06-26,21.42
1922-06-27,21.42
1922-06-28,21.42
1922-06-29,21.42
1922-06-30,24.28
1922-07-01,24.28
1922-07-02,10.00
1922-07-03,11.87
1922-07-04,17.53
1922-07-05,10.00
1922-07-06,21.42
1922-07-07,23.33
1922-07-08,15.64
1922-07-09,21.42
1922-07-10,21.42
1922-07-11,21.42
1922-07-12,21.42
1922-07-13,20.47
1922-07-14,20.47
1922-07-15,21.42
1922-07-16,21.42
1922-07-17,32.06
1922-07-18,47.69
1922-07-19,54.67
1922-07-20,54.67
1922-07-21,47.69
1922-07-22,47.69
1922-07-23,34.95
1922-07-24,38.82
1922-07-25,38.82
1922-07-26,39.92
1922-07-27,38.82
1922-07-28,38.82
1922-07-29,38.82
1922-07-30,38.82
1922-07-31,33.99
1922-08-01,32.06
1922-08-02,32.06
1922-08-03,32.06
1922-08-04,29.06
1922-08-05,33.99
1922-08-06,27.15
1922-08-07,27.15
1922-08-08,27.15
1922-08-09,27.15
1922-08-10,30.14
1922-08-11,27.15
1922-08-12,27.15
1922-08-13,24.28
1922-08-14,26.19
1922-08-15,36.88
1922-08-16,100.18
1922-08-17,106.18
1922-08-18,89.98
1922-08-19,93.96
1922-08-20,61.70
1922-08-21,54.67
1922-08-22,47.69
1922-08-23,47.69
1922-08-24,58.59
1922-08-25,54.67
1922-08-26,47.69
1922-08-27,47.69
1922-08-28,47.69
1922-08-29,47.69
1922-08-30,38.82
1922-08-31,38.82
1922-09-01,34.95
1922-09-02,29.06
1922-09-03,24.28
1922-09-04,27.15
1922-09-05,27.15
1922-09-06,27.15
1922-09-07,27.15
1922-09-08,27.15
1922-09-09,27.15
1922-09-10,27.15
1922-09-11,27.15
1922-09-12,26.19
1922-09-13,29.06
1922-09-14,29.06
1922-09-15,51.74
1922-09-16,74.69
1922-09-17,120.73
1922-09-18,120.73
1922-09-19,118.45
1922-09-20,87.77
1922-09-21,200.27
1922-09-22,126.77
1922-09-23,104.18
1922-09-24,110.43
1922-09-25,238.02
1922-09-26,195.15
1922-09-27,147.55
1922-09-28,149.57
1922-09-29,118.45
1922-09-30,114.44
1922-10-01,106.18
1922-10-02,104.18
1922-10-03,114.44
1922-10-04,97.95
1922-10-05,114.44
1922-10-06,169.53
1922-10-07,200.27
1922-10-08,187.60
1922-10-09,160.04
1922-10-10,145.53
1922-10-11,139.15
1922-10-12,104.18
1922-10-13,95.96
1922-10-14,78.65
1922-10-15,83.81
1922-10-16,187.60
1922-10-17,87.77
1922-10-18,83.81
1922-10-19,81.82
1922-10-20,81.82
1922-10-21,72.72
1922-10-22,74.69
1922-10-23,67.60
1922-10-24,24.28
1922-10-25,70.74
1922-10-26,60.72
1922-10-27,65.63
1922-10-28,52.72
1922-10-29,61.70
1922-10-30,61.70
1922-10-31,70.74
1922-11-01,118.45
1922-11-02,139.15
1922-11-03,171.56
1922-11-04,221.65
1922-11-05,501.71
1922-11-06,391.86
1922-11-07,391.86
1922-11-08,879.64
1922-11-09,784.33
1922-11-10,720.84
1922-11-11,641.73
1922-11-12,586.66
1922-11-13,512.31
1922-11-14,391.86
1922-11-15,325.64
1922-11-16,281.53
1922-11-17,246.29
1922-11-18,185.56
1922-11-19,255.05
1922-11-20,221.65
1922-11-21,209.91
1922-11-22,200.27
1922-11-23,151.92
1922-11-24,158.01
1922-11-25,139.15
1922-11-26,151.92
1922-11-27,171.56
1922-11-28,202.32
1922-11-29,360.17
1922-11-30,621.40
1922-12-01,530.34
1922-12-02,442.79
1922-12-03,374.58
1922-12-04,360.17
1922-12-05,311.88
1922-12-06,281.53
1922-12-07,401.42
1922-12-08,408.52
1922-12-09,466.90
1922-12-10,408.52
1922-12-11,369.29
1922-12-12,318.75
1922-12-13,274.75
1922-12-14,246.29
1922-12-15,221.65
1922-12-16,207.86
1922-12-17,143.50
1922-12-18,200.27
1922-12-19,820.98
1922-12-20,1044.22
1922-12-21,1028.19
1922-12-22,858.27
1922-12-23,835.02
1922-12-24,835.02
1922-12-25,743.51
1922-12-26,673.38
1922-12-27,649.69
1922-12-28,609.58
1922-12-29,618.09
1922-12-30,705.09
1922-12-31,1154.40
1923-01-01,1269.28
1923-01-02,1159.96
1923-01-03,970.24
1923-01-04,895.82
1923-01-05,793.97
1923-01-06,743.51
1923-01-07,752.65
1923-01-08,708.41
1923-01-09,689.10
1923-01-10,657.42
1923-01-11,641.73
1923-01-12,601.87
1923-01-13,526.18
1923-01-14,450.00
1923-01-15,460.46
1923-01-16,415.65
1923-01-17,401.42
1923-01-18,365.45
1923-01-19,298.76
1923-01-20,308.74
1923-01-21,540.13
1923-01-22,530.34
1923-01-23,432.40
1923-01-24,460.46
1923-01-25,391.86
1923-01-26,391.86
1923-01-27,343.07
1923-01-28,315.60
1923-01-29,315.60
1923-01-30,365.45
1923-01-31,477.39
1923-02-01,555.12
1923-02-02,789.88
1923-02-03,991.42
1923-02-04,964.73
1923-02-05,844.62
1923-02-06,705.09
1923-02-07,629.35
1923-02-08,565.94
1923-02-09,495.24
1923-02-10,495.24
1923-02-11,442.79
1923-02-12,415.65
1923-02-13,340.97
1923-02-14,325.64
1923-02-15,325.64
1923-02-16,262.81
1923-02-17,269.55
1923-02-18,269.55
1923-02-19,302.46
1923-02-20,360.17
1923-02-21,381.62
1923-02-22,391.86
1923-02-23,477.39
1923-02-24,460.46
1923-02-25,466.90
1923-02-26,442.79
1923-02-27,480.62
1923-02-28,665.40
1923-03-01,779.80
1923-03-02,970.24
1923-03-03,1088.13
1923-03-04,1230.68
1923-03-05,1242.84
1923-03-06,1110.21
1923-03-07,1002.00
1923-03-08,964.73
1923-03-09,975.33
1923-03-10,1012.57
1923-03-11,991.42
1923-03-12,868.96
1923-03-13,766.22
1923-03-14,681.36
1923-03-15,601.87
1923-03-16,550.90
1923-03-17,495.24
1923-03-18,401.42
1923-03-19,381.62
1923-03-20,308.74
1923-03-21,311.88
1923-03-22,248.84
1923-03-23,269.55
1923-03-24,260.74
1923-03-25,227.25
1923-03-26,216.51
1923-03-27,216.51
1923-03-28,216.51
1923-03-29,216.51
1923-03-30,200.27
1923-03-31,151.92
1923-04-01,180.07
1923-04-02,162.41
1923-04-03,162.41
1923-04-04,151.92
1923-04-05,118.45
1923-04-06,137.13
1923-04-07,133.10
1923-04-08,137.13
1923-04-09,141.48
1923-04-10,137.13
1923-04-11,137.13
1923-04-12,124.76
1923-04-13,120.73
1923-04-14,104.18
1923-04-15,133.10
1923-04-16,128.78
1923-04-17,122.74
1923-04-18,118.45
1923-04-19,114.44
1923-04-20,102.18
1923-04-21,104.18
1923-04-22,104.18
1923-04-23,133.10
1923-04-24,141.48
1923-04-25,139.15
1923-04-26,122.74
1923-04-27,114.44
1923-04-28,118.45
1923-04-29,118.45
1923-04-30,112.44
1923-05-01,95.96
1923-05-02,102.18
1923-05-03,104.18
1923-05-04,87.77
1923-05-05,85.79
1923-05-06,70.74
1923-05-07,95.96
1923-05-08,76.67
1923-05-09,93.96
1923-05-10,151.92
1923-05-11,153.95
1923-05-12,265.92
1923-05-13,334.04
1923-05-14,351.08
1923-05-15,371.41
1923-05-16,360.17
1923-05-17,371.41
1923-05-18,460.46
1923-05-19,533.60
1923-05-20,387.98
1923-05-21,334.04
1923-05-22,255.05
1923-05-23,235.50
1923-05-24,230.34
1923-05-25,230.34
1923-05-26,232.40
1923-05-27,195.15
1923-05-28,195.15
1923-05-29,200.27
1923-05-30,251.95
1923-05-31,216.51
1923-06-01,195.15
1923-06-02,164.44
1923-06-03,171.56
1923-06-04,164.44
1923-06-05,230.34
1923-06-06,212.99
1923-06-07,202.32
1923-06-08,197.20
1923-06-09,182.11
1923-06-10,162.41
1923-06-11,151.92
1923-06-12,151.92
1923-06-13,122.74
1923-06-14,126.77
1923-06-15,147.55
1923-06-16,133.10
1923-06-17,137.13
1923-06-18,164.44
1923-06-19,169.53
1923-06-20,155.98
1923-06-21,141.48
1923-06-22,114.44
1923-06-23,128.78
1923-06-24,128.78
1923-06-25,104.18
1923-06-26,112.44
1923-06-27,118.45
1923-06-28,114.44
1923-06-29,102.18
1923-06-30,87.77
1923-07-01,74.69
1923-07-02,74.69
1923-07-03,74.69
1923-07-04,70.74
1923-07-05,39.92
1923-07-06,67.60
1923-07-07,54.67
1923-07-08,54.67
1923-07-09,51.74
1923-07-10,38.82
1923-07-11,51.74
1923-07-12,36.88
1923-07-13,38.82
1923-07-14,36.88
1923-07-15,32.06
1923-07-16,39.92
1923-07-17,47.69
1923-07-18,54.67
1923-07-19,52.72
1923-07-20,51.74
1923-07-21,47.69
1923-07-22,41.86
1923-07-23,36.88
1923-07-24,36.88
1923-07-25,38.82
1923-07-26,39.92
1923-07-27,41.86
1923-07-28,43.80
1923-07-29,36.88
1923-07-30,36.88
1923-07-31,36.88
1923-08-01,36.88
1923-08-02,39.92
1923-08-03,33.99
1923-08-04,36.88
1923-08-05,39.92
1923-08-06,38.82
1923-08-07,38.82
1923-08-08,38.82
1923-08-09,29.06
1923-08-10,32.06
1923-08-11,32.06
1923-08-12,15.64
1923-08-13,18.47
1923-08-14,15.64
1923-08-15,18.47
1923-08-16,18.47
1923-08-17,12.81
1923-08-18,10.00
1923-08-19,27.15
1923-08-20,24.28
1923-08-21,24.28
1923-08-22,24.28
1923-08-23,26.19
1923-08-24,23.33
1923-08-25,24.28
1923-08-26,27.15
1923-08-27,24.28
1923-08-28,30.14
1923-08-29,30.14
1923-08-30,30.14
1923-08-31,24.28
1923-09-01,27.15
1923-09-02,27.15
1923-09-03,21.42
1923-09-04,27.15
1923-09-05,27.15
1923-09-06,27.15
1923-09-07,24.28
1923-09-08,24.28
1923-09-09,24.28
1923-09-10,17.53
1923-09-11,17.53
1923-09-12,18.47
1923-09-13,18.47
1923-09-14,32.06
1923-09-15,18.47
1923-09-16,18.47
1923-09-17,18.47
1923-09-18,15.64
1923-09-19,21.42
1923-09-20,23.33
1923-09-21,26.19
1923-09-22,29.06
1923-09-23,17.53
1923-09-24,27.15
1923-09-25,27.15
1923-09-26,36.88
1923-09-27,47.69
1923-09-28,34.95
1923-09-29,27.15
1923-09-30,21.42
1923-10-01,26.19
1923-10-02,21.42
1923-10-03,26.19
1923-10-04,26.19
1923-10-05,69.76
1923-10-06,85.79
1923-10-07,95.96
1923-10-08,74.69
1923-10-09,74.69
1923-10-10,106.18
1923-10-11,162.41
1923-10-12,442.79
1923-10-13,609.58
1923-10-14,547.62
1923-10-15,453.22
1923-10-16,360.17
1923-10-17,246.29
1923-10-18,153.95
1923-10-19,162.41
1923-10-20,151.92
1923-10-21,162.41
1923-10-22,381.62
1923-10-23,360.17
1923-10-24,398.24
1923-10-25,586.66
1923-10-26,729.96
1923-10-27,775.37
1923-10-28,693.78
1923-10-29,641.73
1923-10-30,547.62
1923-10-31,442.79
1923-11-01,450.00
1923-11-02,453.22
1923-11-03,418.85
1923-11-04,374.58
1923-11-05,345.18
1923-11-06,337.81
1923-11-07,377.76
1923-11-08,391.86
1923-11-09,302.46
1923-11-10,277.87
1923-11-11,258.66
1923-11-12,218.56
1923-11-13,200.27
1923-11-14,185.56
1923-11-15,180.07
1923-11-16,227.25
1923-11-17,293.54
1923-11-18,369.29
1923-11-19,401.42
1923-11-20,470.12
1923-11-21,470.12
1923-11-22,426.00
1923-11-23,401.42
1923-11-24,408.52
1923-11-25,408.52
1923-11-26,334.04
1923-11-27,287.78
1923-11-28,287.78
1923-11-29,302.46
1923-11-30,356.35
1923-12-01,356.35
1923-12-02,356.35
1923-12-03,318.75
1923-12-04,287.78
1923-12-05,302.46
1923-12-06,453.22
1923-12-07,470.12
1923-12-08,439.59
1923-12-09,426.00
1923-12-10,685.78
1923-12-11,621.40
1923-12-12,565.94
1923-12-13,504.95
1923-12-14,426.00
1923-12-15,360.17
1923-12-16,348.98
1923-12-17,334.04
1923-12-18,348.98
1923-12-19,348.98
1923-12-20,274.75
1923-12-21,287.78
1923-12-22,269.55
1923-12-23,287.78
1923-12-24,547.62
1923-12-25,555.12
1923-12-26,547.62
1923-12-27,601.87
1923-12-28,697.09
1923-12-29,964.73
1923-12-30,1017.63
1923-12-31,954.13
1924-01-01,835.02
1924-01-02,826.16
1924-01-03,725.27
1924-01-04,789.88
1924-01-05,858.27
1924-01-06,734.39
1924-01-07,613.68
1924-01-08,540.13
1924-01-09,470.12
1924-01-10,432.40
1924-01-11,466.90
1924-01-12,757.08
1924-01-13,816.55
1924-01-14,766.22
1924-01-15,685.78
1924-01-16,621.40
1924-01-17,565.94
1924-01-18,498.48
1924-01-19,572.51
1924-01-20,938.40
1924-01-21,1071.60
1924-01-22,1017.63
1924-01-23,874.48
1924-01-24,734.39
1924-01-25,629.35
1924-01-26,550.90
1924-01-27,470.12
1924-01-28,460.46
1924-01-29,432.40
1924-01-30,391.86
1924-01-31,348.98
1924-02-01,302.46
1924-02-02,281.53
1924-02-03,255.05
1924-02-04,255.05
1924-02-05,260.74
1924-02-06,315.60
1924-02-07,302.46
1924-02-08,302.46
1924-02-09,308.74
1924-02-10,287.78
1924-02-11,302.46
1924-02-12,325.64
1924-02-13,318.75
1924-02-14,318.75
1924-02-15,287.78
1924-02-16,207.86
1924-02-17,195.15
1924-02-18,162.41
1924-02-19,187.60
1924-02-20,177.02
1924-02-21,177.02
1924-02-22,158.01
1924-02-23,145.53
1924-02-24,145.53
1924-02-25,155.98
1924-02-26,155.98
1924-02-27,151.92
1924-02-28,153.95
1924-02-29,151.92
1924-03-01,122.74
1924-03-02,151.92
1924-03-03,442.79
1924-03-04,618.09
1924-03-05,649.69
1924-03-06,621.40
1924-03-07,558.41
1924-03-08,439.59
1924-03-09,360.17
1924-03-10,356.35
1924-03-11,318.75
1924-03-12,311.88
1924-03-13,308.74
1924-03-14,305.60
1924-03-15,221.65
1924-03-16,232.40
1924-03-17,232.40
1924-03-18,221.65
1924-03-19,187.60
1924-03-20,195.15
1924-03-21,187.60
1924-03-22,171.56
1924-03-23,241.12
1924-03-24,260.74
1924-03-25,302.46
1924-03-26,466.90
1924-03-27,558.41
1924-03-28,565.94
1924-03-29,590.96
1924-03-30,540.13
1924-03-31,530.34
1924-04-01,408.52
1924-04-02,381.62
1924-04-03,334.04
1924-04-04,328.79
1924-04-05,287.78
1924-04-06,274.75
1924-04-07,262.81
1924-04-08,218.56
1924-04-09,216.51
1924-04-10,195.15
1924-04-11,195.15
1924-04-12,189.64
1924-04-13,202.32
1924-04-14,241.12
1924-04-15,251.95
1924-04-16,343.07
1924-04-17,632.66
1924-04-18,708.41
1924-04-19,632.66
1924-04-20,533.60
1924-04-21,480.62
1924-04-22,391.86
1924-04-23,348.98
1924-04-24,334.04
1924-04-25,274.75
1924-04-26,251.95
1924-04-27,246.29
1924-04-28,227.25
1924-04-29,227.25
1924-04-30,318.75
1924-05-01,583.37
1924-05-02,970.24
1924-05-03,890.30
1924-05-04,964.73
1924-05-05,890.30
1924-05-06,820.98
1924-05-07,725.27
1924-05-08,668.71
1924-05-09,621.40
1924-05-10,558.41
1924-05-11,480.62
1924-05-12,442.79
1924-05-13,391.86
1924-05-14,360.17
1924-05-15,325.64
1924-05-16,274.75
1924-05-17,277.87
1924-05-18,277.87
1924-05-19,232.40
1924-05-20,195.15
1924-05-21,232.40
1924-05-22,241.12
1924-05-23,185.56
1924-05-24,255.05
1924-05-25,238.02
1924-05-26,230.34
1924-05-27,230.34
1924-05-28,207.86
1924-05-29,151.92
1924-05-30,160.04
1924-05-31,151.92
1924-06-01,143.50
1924-06-02,141.48
1924-06-03,133.10
1924-06-04,141.48
1924-06-05,139.15
1924-06-06,139.15
1924-06-07,133.10
1924-06-08,114.44
1924-06-09,114.44
1924-06-10,100.18
1924-06-11,104.18
1924-06-12,102.18
1924-06-13,118.45
1924-06-14,118.45
1924-06-15,118.45
1924-06-16,104.18
1924-06-17,102.18
1924-06-18,91.97
1924-06-19,83.81
1924-06-20,79.84
1924-06-21,87.77
1924-06-22,83.81
1924-06-23,79.84
1924-06-24,74.69
1924-06-25,78.65
1924-06-26,151.92
1924-06-27,70.74
1924-06-28,70.74
1924-06-29,87.77
1924-06-30,83.81
1924-07-01,106.18
1924-07-02,95.96
1924-07-03,78.65
1924-07-04,70.74
1924-07-05,70.74
1924-07-06,70.74
1924-07-07,70.74
1924-07-08,67.60
1924-07-09,60.72
1924-07-10,74.69
1924-07-11,41.86
1924-07-12,10.00
1924-07-13,51.74
1924-07-14,21.42
1924-07-15,12.81
1924-07-16,15.64
1924-07-17,27.15
1924-07-18,34.95
1924-07-19,36.88
1924-07-20,43.80
1924-07-21,43.80
1924-07-22,52.72
1924-07-23,51.74
1924-07-24,43.80
1924-07-25,87.77
1924-07-26,100.18
1924-07-27,112.44
1924-07-28,87.77
1924-07-29,74.69
1924-07-30,74.69
1924-07-31,74.69
1924-08-01,74.69
1924-08-02,67.60
1924-08-03,61.70
1924-08-04,58.59
1924-08-05,51.74
1924-08-06,51.74
1924-08-07,47.69
1924-08-08,104.18
1924-08-09,287.78
1924-08-10,169.53
1924-08-11,145.53
1924-08-12,122.74
1924-08-13,87.77
1924-08-14,100.18
1924-08-15,54.67
1924-08-16,74.69
1924-08-17,70.74
1924-08-18,72.72
1924-08-19,118.45
1924-08-20,137.13
1924-08-21,162.41
1924-08-22,143.50
1924-08-23,137.13
1924-08-24,118.45
1924-08-25,124.76
1924-08-26,143.50
1924-08-27,209.91
1924-08-28,200.27
1924-08-29,227.25
1924-08-30,207.86
1924-08-31,227.25
1924-09-01,442.79
1924-09-02,470.12
1924-09-03,515.55
1924-09-04,460.46
1924-09-05,391.86
1924-09-06,337.81
1924-09-07,274.75
1924-09-08,202.32
1924-09-09,195.15
1924-09-10,221.65
1924-09-11,216.51
1924-09-12,221.65
1924-09-13,212.99
1924-09-14,185.56
1924-09-15,171.56
1924-09-16,143.50
1924-09-17,133.10
1924-09-18,114.44
1924-09-19,100.18
1924-09-20,93.96
1924-09-21,93.96
1924-09-22,93.96
1924-09-23,232.40
1924-09-24,207.86
1924-09-25,143.50
1924-09-26,143.50
1924-09-27,122.74
1924-09-28,151.92
1924-09-29,169.53
1924-09-30,185.56
1924-10-01,195.15
1924-10-02,164.44
1924-10-03,147.55
1924-10-04,147.55
1924-10-05,177.02
1924-10-06,182.11
1924-10-07,195.15
1924-10-08,212.99
1924-10-09,192.71
1924-10-10,185.56
1924-10-11,153.95
1924-10-12,164.44
1924-10-13,151.92
1924-10-14,149.57
1924-10-15,149.57
1924-10-16,122.74
1924-10-17,104.18
1924-10-18,104.18
1924-10-19,104.18
1924-10-20,104.18
1924-10-21,102.18
1924-10-22,122.74
1924-10-23,137.13
1924-10-24,177.02
1924-10-25,195.15
1924-10-26,162.41
1924-10-27,151.92
1924-10-28,162.41
1924-10-29,166.48
1924-10-30,360.17
1924-10-31,460.46
1924-11-01,766.22
1924-11-02,1383.76
1924-11-03,1861.45
1924-11-04,1941.17
1924-11-05,1734.00
1924-11-06,1545.25
1924-11-07,1242.84
1924-11-08,1071.60
1924-11-09,922.26
1924-11-10,820.98
1924-11-11,739.09
1924-11-12,700.41
1924-11-13,601.87
1924-11-14,530.34
1924-11-15,450.00
1924-11-16,348.98
1924-11-17,318.75
1924-11-18,207.86
1924-11-19,232.40
1924-11-20,195.15
1924-11-21,195.15
1924-11-22,207.86
1924-11-23,212.99
1924-11-24,185.56
1924-11-25,182.11
1924-11-26,171.56
1924-11-27,171.56
1924-11-28,171.56
1924-11-29,164.44
1924-11-30,180.07
1924-12-01,185.56
1924-12-02,187.60
1924-12-03,221.65
1924-12-04,351.08
1924-12-05,238.02
1924-12-06,246.29
1924-12-07,244.22
1924-12-08,244.22
1924-12-09,238.02
1924-12-10,230.34
1924-12-11,195.15
1924-12-12,180.07
1924-12-13,182.11
1924-12-14,164.44
1924-12-15,164.44
1924-12-16,164.44
1924-12-17,151.92
1924-12-18,151.92
1924-12-19,151.92
1924-12-20,147.55
1924-12-21,114.44
1924-12-22,114.44
1924-12-23,114.44
1924-12-24,104.18
1924-12-25,110.43
1924-12-26,93.96
1924-12-27,91.97
1924-12-28,91.97
1924-12-29,621.40
1924-12-30,572.51
1924-12-31,512.31
1925-01-01,512.31
1925-01-02,470.12
1925-01-03,540.13
1925-01-04,1199.71
1925-01-05,1352.36
1925-01-06,1365.07
1925-01-07,1126.82
1925-01-08,858.27
1925-01-09,681.36
1925-01-10,547.62
1925-01-11,432.40
1925-01-12,435.61
1925-01-13,391.86
1925-01-14,302.46
1925-01-15,287.78
1925-01-16,293.54
1925-01-17,334.04
1925-01-18,302.46
1925-01-19,318.75
1925-01-20,274.75
1925-01-21,255.05
1925-01-22,232.40
1925-01-23,230.34
1925-01-24,187.60
1925-01-25,171.56
1925-01-26,185.56
1925-01-27,207.86
1925-01-28,204.78
1925-01-29,232.40
1925-01-30,442.79
1925-01-31,789.88
1925-02-01,725.27
1925-02-02,660.98
1925-02-03,565.94
1925-02-04,512.31
1925-02-05,501.71
1925-02-06,450.00
1925-02-07,450.00
1925-02-08,580.08
1925-02-09,544.34
1925-02-10,626.04
1925-02-11,660.98
1925-02-12,618.09
1925-02-13,572.51
1925-02-14,512.31
1925-02-15,460.46
1925-02-16,515.55
1925-02-17,550.90
1925-02-18,540.13
1925-02-19,540.13
1925-02-20,515.55
1925-02-21,487.92
1925-02-22,474.16
1925-02-23,466.90
1925-02-24,466.90
1925-02-25,426.00
1925-02-26,405.33
1925-02-27,456.43
1925-02-28,711.73
1925-03-01,660.98
1925-03-02,583.37
1925-03-03,530.34
1925-03-04,442.79
1925-03-05,369.29
1925-03-06,353.19
1925-03-07,356.35
1925-03-08,381.62
1925-03-09,371.41
1925-03-10,360.17
1925-03-11,360.17
1925-03-12,356.35
1925-03-13,343.07
1925-03-14,318.75
1925-03-15,356.35
1925-03-16,550.90
1925-03-17,558.41
1925-03-18,536.86
1925-03-19,504.95
1925-03-20,470.12
1925-03-21,426.00
1925-03-22,442.79
1925-03-23,426.00
1925-03-24,395.05
1925-03-25,302.46
1925-03-26,302.46
1925-03-27,293.54
1925-03-28,363.34
1925-03-29,391.86
1925-03-30,374.58
1925-03-31,356.35
1925-04-01,334.04
1925-04-02,274.75
1925-04-03,274.75
1925-04-04,232.40
1925-04-05,230.34
1925-04-06,209.91
1925-04-07,187.60
1925-04-08,185.56
1925-04-09,180.07
1925-04-10,145.53
1925-04-11,141.48
1925-04-12,151.92
1925-04-13,114.44
1925-04-14,151.92
1925-04-15,155.98
1925-04-16,162.41
1925-04-17,221.65
1925-04-18,391.86
1925-04-19,360.17
1925-04-20,334.04
1925-04-21,302.46
1925-04-22,246.29
1925-04-23,238.02
1925-04-24,207.86
1925-04-25,195.15
1925-04-26,202.32
1925-04-27,192.71
1925-04-28,177.02
1925-04-29,171.56
1925-04-30,177.02
1925-05-01,185.56
1925-05-02,660.98
1925-05-03,789.88
1925-05-04,711.73
1925-05-05,565.94
1925-05-06,495.24
1925-05-07,512.31
1925-05-08,470.12
1925-05-09,365.45
1925-05-10,325.64
1925-05-11,318.75
1925-05-12,302.46
1925-05-13,246.29
1925-05-14,202.32
1925-05-15,202.32
1925-05-16,185.56
1925-05-17,162.41
1925-05-18,162.41
1925-05-19,162.41
1925-05-20,162.41
1925-05-21,151.92
1925-05-22,145.53
1925-05-23,143.50
1925-05-24,137.13
1925-05-25,114.44
1925-05-26,124.76
1925-05-27,118.45
1925-05-28,114.44
1925-05-29,114.44
1925-05-30,133.10
1925-05-31,133.10
1925-06-01,118.45
1925-06-02,114.44
1925-06-03,95.96
1925-06-04,104.18
1925-06-05,91.97
1925-06-06,78.65
1925-06-07,78.65
1925-06-08,81.82
1925-06-09,67.60
1925-06-10,56.63
1925-06-11,70.74
1925-06-12,51.74
1925-06-13,51.74
1925-06-14,51.74
1925-06-15,63.67
1925-06-16,74.69
1925-06-17,41.86
1925-06-18,51.74
1925-06-19,54.67
1925-06-20,41.86
1925-06-21,47.69
1925-06-22,43.80
1925-06-23,43.80
1925-06-24,43.80
1925-06-25,104.18
1925-06-26,87.77
1925-06-27,78.65
1925-06-28,74.69
1925-06-29,74.69
1925-06-30,60.72
1925-07-01,52.72
1925-07-02,51.74
1925-07-03,51.74
1925-07-04,43.80
1925-07-05,61.70
1925-07-06,56.63
1925-07-07,70.74
1925-07-08,61.70
1925-07-09,61.70
1925-07-10,61.70
1925-07-11,39.92
1925-07-12,39.92
1925-07-13,33.99
1925-07-14,33.99
1925-07-15,38.82
1925-07-16,15.64
1925-07-17,32.06
1925-07-18,30.14
1925-07-19,32.06
1925-07-20,30.14
1925-07-21,32.06
1925-07-22,30.14
1925-07-23,32.06
1925-07-24,36.88
1925-07-25,41.86
1925-07-26,49.79
1925-07-27,61.70
1925-07-28,39.92
1925-07-29,87.77
1925-07-30,61.70
1925-07-31,47.69
1925-08-01,32.06
1925-08-02,95.96
1925-08-03,122.74
1925-08-04,118.45
1925-08-05,114.44
1925-08-06,10.00
1925-08-07,78.65
1925-08-08,70.74
1925-08-09,58.59
1925-08-10,58.59
1925-08-11,47.69
1925-08-12,47.69
1925-08-13,74.69
1925-08-14,63.67
1925-08-15,58.59
1925-08-16,58.59
1925-08-17,47.69
1925-08-18,32.06
1925-08-19,39.92
1925-08-20,39.92
1925-08-21,39.92
1925-08-22,39.92
1925-08-23,52.72
1925-08-24,51.74
1925-08-25,51.74
1925-08-26,180.07
1925-08-27,200.27
1925-08-28,126.77
1925-08-29,128.78
1925-08-30,87.77
1925-08-31,87.77
1925-09-01,87.77
1925-09-02,78.65
1925-09-03,100.18
1925-09-04,81.82
1925-09-05,81.82
1925-09-06,95.96
1925-09-07,141.48
1925-09-08,155.98
1925-09-09,124.76
1925-09-10,145.53
1925-09-11,187.60
1925-09-12,227.25
1925-09-13,321.89
1925-09-14,274.75
1925-09-15,207.86
1925-09-16,137.13
1925-09-17,145.53
1925-09-18,133.10
1925-09-19,118.45
1925-09-20,118.45
1925-09-21,108.17
1925-09-22,120.73
1925-09-23,81.82
1925-09-24,95.96
1925-09-25,108.17
1925-09-26,97.95
1925-09-27,120.73
1925-09-28,232.40
1925-09-29,216.51
1925-09-30,207.86
1925-10-01,185.56
1925-10-02,162.41
1925-10-03,155.98
1925-10-04,162.41
1925-10-05,145.53
1925-10-06,139.15
1925-10-07,116.45
1925-10-08,97.95
1925-10-09,102.18
1925-10-10,87.77
1925-10-11,83.81
1925-10-12,78.65
1925-10-13,87.77
1925-10-14,87.77
1925-10-15,122.74
1925-10-16,108.17
1925-10-17,131.08
1925-10-18,108.17
1925-10-19,246.29
1925-10-20,177.02
1925-10-21,221.65
1925-10-22,232.40
1925-10-23,369.29
1925-10-24,238.02
1925-10-25,337.81
1925-10-26,337.81
1925-10-27,340.97
1925-10-28,495.24
1925-10-29,509.07
1925-10-30,501.71
1925-10-31,401.42
1925-11-01,311.88
1925-11-02,293.54
1925-11-03,251.95
1925-11-04,536.86
1925-11-05,681.36
1925-11-06,609.58
1925-11-07,609.58
1925-11-08,697.09
1925-11-09,1017.63
1925-11-10,911.61
1925-11-11,700.41
1925-11-12,575.80
1925-11-13,477.39
1925-11-14,432.40
1925-11-15,360.17
1925-11-16,318.75
1925-11-17,415.65
1925-11-18,374.58
1925-11-19,287.78
1925-11-20,274.75
1925-11-21,171.56
1925-11-22,162.41
1925-11-23,162.41
1925-11-24,151.92
1925-11-25,133.10
1925-11-26,162.41
1925-11-27,151.92
1925-11-28,151.92
1925-11-29,155.98
1925-11-30,155.98
1925-12-01,155.98
1925-12-02,212.99
1925-12-03,185.56
1925-12-04,195.15
1925-12-05,166.48
1925-12-06,162.41
1925-12-07,171.56
1925-12-08,287.78
1925-12-09,171.56
1925-12-10,221.65
1925-12-11,743.51
1925-12-12,848.68
1925-12-13,766.22
1925-12-14,605.17
1925-12-15,555.12
1925-12-16,432.40
1925-12-17,360.17
1925-12-18,305.60
1925-12-19,348.98
1925-12-20,293.54
1925-12-21,583.37
1925-12-22,1099.17
1925-12-23,1316.76
1925-12-24,1316.76
1925-12-25,1143.35
1925-12-26,938.40
1925-12-27,858.27
1925-12-28,1365.07
1925-12-29,1794.15
1925-12-30,1941.17
1925-12-31,2620.72
1926-01-01,2966.00
1926-01-02,2727.08
1926-01-03,2358.38
1926-01-04,2092.84
1926-01-05,2021.32
1926-01-06,1708.74
1926-01-07,1518.67
1926-01-08,1376.21
1926-01-09,1264.48
1926-01-10,1110.21
1926-01-11,964.73
1926-01-12,835.02
1926-01-13,766.22
1926-01-14,641.73
1926-01-15,530.34
1926-01-16,484.69
1926-01-17,415.65
1926-01-18,356.35
1926-01-19,360.17
1926-01-20,345.18
1926-01-21,325.64
1926-01-22,318.75
1926-01-23,287.78
1926-01-24,408.52
1926-01-25,460.46
1926-01-26,439.59
1926-01-27,426.00
1926-01-28,442.79
1926-01-29,408.52
1926-01-30,408.52
1926-01-31,432.40
1926-02-01,432.40
1926-02-02,432.40
1926-02-03,641.73
1926-02-04,752.65
1926-02-05,784.33
1926-02-06,743.51
1926-02-07,700.41
1926-02-08,632.66
1926-02-09,594.26
1926-02-10,555.12
1926-02-11,621.40
1926-02-12,609.58
1926-02-13,583.37
1926-02-14,515.55
1926-02-15,501.71
1926-02-16,442.79
1926-02-17,477.39
1926-02-18,547.62
1926-02-19,1126.82
1926-02-20,1199.71
1926-02-21,1126.82
1926-02-22,949.02
1926-02-23,835.02
1926-02-24,708.41
1926-02-25,660.98
1926-02-26,649.69
1926-02-27,601.87
1926-02-28,540.13
1926-03-01,495.24
1926-03-02,442.79
1926-03-03,391.86
1926-03-04,374.58
1926-03-05,377.76
1926-03-06,377.76
1926-03-07,530.34
1926-03-08,594.26
1926-03-09,580.08
1926-03-10,533.60
1926-03-11,495.24
1926-03-12,477.39
1926-03-13,495.24
1926-03-14,466.90
1926-03-15,426.00
1926-03-16,398.24
1926-03-17,360.17
1926-03-18,302.46
1926-03-19,302.46
1926-03-20,246.29
1926-03-21,251.95
1926-03-22,221.65
1926-03-23,207.86
1926-03-24,212.99
1926-03-25,200.27
1926-03-26,171.56
1926-03-27,185.56
1926-03-28,180.07
1926-03-29,185.56
1926-03-30,187.60
1926-03-31,241.12
1926-04-01,195.15
1926-04-02,171.56
1926-04-03,143.50
1926-04-04,155.98
1926-04-05,147.55
1926-04-06,145.53
1926-04-07,120.73
1926-04-08,139.15
1926-04-09,139.15
1926-04-10,143.50
1926-04-11,139.15
1926-04-12,139.15
1926-04-13,139.15
1926-04-14,114.44
1926-04-15,114.44
1926-04-16,102.18
1926-04-17,104.18
1926-04-18,114.44
1926-04-19,106.18
1926-04-20,114.44
1926-04-21,131.08
1926-04-22,160.04
1926-04-23,244.22
1926-04-24,238.02
1926-04-25,164.44
1926-04-26,164.44
1926-04-27,145.53
1926-04-28,151.92
1926-04-29,114.44
1926-04-30,133.10
1926-05-01,114.44
1926-05-02,122.74
1926-05-03,114.44
1926-05-04,118.45
1926-05-05,139.15
1926-05-06,151.92
1926-05-07,133.10
1926-05-08,122.74
1926-05-09,87.77
1926-05-10,116.45
1926-05-11,116.45
1926-05-12,116.45
1926-05-13,116.45
1926-05-14,110.43
1926-05-15,114.44
1926-05-16,104.18
1926-05-17,246.29
1926-05-18,938.40
1926-05-19,720.84
1926-05-20,477.39
1926-05-21,442.79
1926-05-22,318.75
1926-05-23,246.29
1926-05-24,246.29
1926-05-25,221.65
1926-05-26,221.65
1926-05-27,221.65
1926-05-28,246.29
1926-05-29,246.29
1926-05-30,334.04
1926-05-31,360.17
1926-06-01,401.42
1926-06-02,401.42
1926-06-03,348.98
1926-06-04,281.53
1926-06-05,221.65
1926-06-06,207.86
1926-06-07,189.64
1926-06-08,195.15
1926-06-09,195.15
1926-06-10,189.64
1926-06-11,202.32
1926-06-12,232.40
1926-06-13,221.65
1926-06-14,340.97
1926-06-15,450.00
1926-06-16,408.52
1926-06-17,360.17
1926-06-18,302.46
1926-06-19,547.62
1926-06-20,720.84
1926-06-21,601.87
1926-06-22,512.31
1926-06-23,442.79
1926-06-24,381.62
1926-06-25,321.89
1926-06-26,274.75
1926-06-27,246.29
1926-06-28,223.71
1926-06-29,207.86
1926-06-30,195.15
1926-07-01,143.50
1926-07-02,133.10
1926-07-03,133.10
1926-07-04,133.10
1926-07-05,162.41
1926-07-06,212.99
1926-07-07,185.56
1926-07-08,133.10
1926-07-09,133.10
1926-07-10,145.53
1926-07-11,139.15
1926-07-12,126.77
1926-07-13,122.74
1926-07-14,108.17
1926-07-15,114.44
1926-07-16,83.81
1926-07-17,133.10
1926-07-18,104.18
1926-07-19,95.96
1926-07-20,95.96
1926-07-21,100.18
1926-07-22,116.45
1926-07-23,100.18
1926-07-24,95.96
1926-07-25,95.96
1926-07-26,91.97
1926-07-27,87.77
1926-07-28,102.18
1926-07-29,95.96
1926-07-30,106.18
1926-07-31,114.44
1926-08-01,95.96
1926-08-02,95.96
1926-08-03,81.82
1926-08-04,61.70
1926-08-05,78.65
1926-08-06,74.69
1926-08-07,78.65
1926-08-08,87.77
1926-08-09,162.41
1926-08-10,118.45
1926-08-11,102.18
1926-08-12,114.44
1926-08-13,95.96
1926-08-14,87.77
1926-08-15,78.65
1926-08-16,74.69
1926-08-17,61.70
1926-08-18,63.67
1926-08-19,89.98
1926-08-20,102.18
1926-08-21,65.63
1926-08-22,87.77
1926-08-23,151.92
1926-08-24,151.92
1926-08-25,114.44
1926-08-26,87.77
1926-08-27,70.74
1926-08-28,74.69
1926-08-29,70.74
1926-08-30,58.59
1926-08-31,58.59
1926-09-01,58.59
1926-09-02,54.67
1926-09-03,56.63
1926-09-04,61.70
1926-09-05,56.63
1926-09-06,61.70
1926-09-07,51.74
1926-09-08,51.74
1926-09-09,41.86
1926-09-10,47.69
1926-09-11,47.69
1926-09-12,47.69
1926-09-13,47.69
1926-09-14,47.69
1926-09-15,41.86
1926-09-16,51.74
1926-09-17,41.86
1926-09-18,32.06
1926-09-19,32.06
1926-09-20,36.88
1926-09-21,36.88
1926-09-22,34.95
1926-09-23,32.06
1926-09-24,32.06
1926-09-25,32.06
1926-09-26,32.06
1926-09-27,32.06
1926-09-28,32.06
1926-09-29,32.06
1926-09-30,47.69
1926-10-01,27.15
1926-10-02,39.92
1926-10-03,30.14
1926-10-04,26.19
1926-10-05,26.19
1926-10-06,26.19
1926-10-07,27.15
1926-10-08,27.15
1926-10-09,39.92
1926-10-10,41.86
1926-10-11,47.69
1926-10-12,39.92
1926-10-13,36.88
1926-10-14,61.70
1926-10-15,47.69
1926-10-16,47.69
1926-10-17,54.67
1926-10-18,54.67
1926-10-19,47.69
1926-10-20,47.69
1926-10-21,39.92
1926-10-22,47.69
1926-10-23,39.92
1926-10-24,47.69
1926-10-25,32.06
1926-10-26,460.46
1926-10-27,565.94
1926-10-28,360.17
1926-10-29,296.67
1926-10-30,274.75
1926-10-31,583.37
1926-11-01,1328.10
1926-11-02,1491.63
1926-11-03,1247.83
1926-11-04,975.33
1926-11-05,766.22
1926-11-06,565.94
1926-11-07,495.24
1926-11-08,1099.17
1926-11-09,1211.86
1926-11-10,1049.52
1926-11-11,1038.73
1926-11-12,641.73
1926-11-13,555.12
1926-11-14,442.79
1926-11-15,586.66
1926-11-16,565.94
1926-11-17,466.90
1926-11-18,391.86
1926-11-19,356.35
1926-11-20,302.46
1926-11-21,302.46
1926-11-22,334.04
1926-11-23,374.58
1926-11-24,348.98
1926-11-25,348.98
1926-11-26,311.88
1926-11-27,311.88
1926-11-28,308.74
1926-11-29,318.75
1926-11-30,334.04
1926-12-01,293.54
1926-12-02,246.29
1926-12-03,221.65
1926-12-04,204.78
1926-12-05,246.29
1926-12-06,258.66
1926-12-07,207.86
1926-12-08,195.15
1926-12-09,162.41
1926-12-10,207.86
1926-12-11,207.86
1926-12-12,171.56
1926-12-13,169.53
1926-12-14,169.53
1926-12-15,169.53
1926-12-16,221.65
1926-12-17,171.56
1926-12-18,302.46
1926-12-19,450.00
1926-12-20,442.79
1926-12-21,387.98
1926-12-22,374.58
1926-12-23,334.04
1926-12-24,274.75
1926-12-25,246.29
1926-12-26,197.20
1926-12-27,238.02
1926-12-28,318.75
1926-12-29,195.15
1926-12-30,221.65
1926-12-31,255.05
1927-01-01,202.32
1927-01-02,185.56
1927-01-03,221.65
1927-01-04,195.15
1927-01-05,189.64
1927-01-06,202.32
1927-01-07,202.32
1927-01-08,302.46
1927-01-09,334.04
1927-01-10,374.58
1927-01-11,405.33
1927-01-12,395.05
1927-01-13,381.62
1927-01-14,456.43
1927-01-15,641.73
1927-01-16,770.65
1927-01-17,775.37
1927-01-18,700.41
1927-01-19,641.73
1927-01-20,512.31
1927-01-21,442.79
1927-01-22,426.00
1927-01-23,351.08
1927-01-24,331.94
1927-01-25,318.75
1927-01-26,318.75
1927-01-27,302.46
1927-01-28,260.74
1927-01-29,251.95
1927-01-30,251.95
1927-01-31,302.46
1927-02-01,609.58
1927-02-02,649.69
1927-02-03,779.80
1927-02-04,789.88
1927-02-05,734.39
1927-02-06,613.68
1927-02-07,605.17
1927-02-08,526.18
1927-02-09,470.12
1927-02-10,374.58
1927-02-11,311.88
1927-02-12,296.67
1927-02-13,260.74
1927-02-14,238.02
1927-02-15,221.65
1927-02-16,216.51
1927-02-17,162.41
1927-02-18,212.99
1927-02-19,251.95
1927-02-20,221.65
1927-02-21,221.65
1927-02-22,232.40
1927-02-23,328.79
1927-02-24,334.04
1927-02-25,345.18
1927-02-26,442.79
1927-02-27,480.62
1927-02-28,590.96
1927-03-01,601.87
1927-03-02,586.66
1927-03-03,569.22
1927-03-04,565.94
1927-03-05,544.34
1927-03-06,540.13
1927-03-07,547.62
1927-03-08,601.87
1927-03-09,729.96
1927-03-10,700.41
1927-03-11,646.14
1927-03-12,601.87
1927-03-13,565.94
1927-03-14,530.34
1927-03-15,495.24
1927-03-16,435.61
1927-03-17,426.00
1927-03-18,408.52
1927-03-19,369.29
1927-03-20,334.04
1927-03-21,318.75
1927-03-22,328.79
1927-03-23,246.29
1927-03-24,258.66
1927-03-25,302.46
1927-03-26,302.46
1927-03-27,334.04
1927-03-28,348.98
1927-03-29,334.04
1927-03-30,287.78
1927-03-31,296.67
1927-04-01,334.04
1927-04-02,408.52
1927-04-03,432.40
1927-04-04,426.00
1927-04-05,384.80
1927-04-06,374.58
1927-04-07,700.41
1927-04-08,839.09
1927-04-09,830.59
1927-04-10,747.94
1927-04-11,660.98
1927-04-12,575.80
1927-04-13,530.34
1927-04-14,381.62
1927-04-15,426.00
1927-04-16,530.34
1927-04-17,477.39
1927-04-18,405.33
1927-04-19,334.04
1927-04-20,331.94
1927-04-21,287.78
1927-04-22,269.55
1927-04-23,251.95
1927-04-24,207.86
1927-04-25,221.65
1927-04-26,308.74
1927-04-27,302.46
1927-04-28,287.78
1927-04-29,274.75
1927-04-30,246.29
1927-05-01,185.56
1927-05-02,195.15
1927-05-03,195.15
1927-05-04,185.56
1927-05-05,171.56
1927-05-06,195.15
1927-05-07,195.15
1927-05-08,182.11
1927-05-09,171.56
1927-05-10,185.56
1927-05-11,187.60
1927-05-12,171.56
1927-05-13,147.55
1927-05-14,151.92
1927-05-15,133.10
1927-05-16,122.74
1927-05-17,114.44
1927-05-18,110.43
1927-05-19,135.12
1927-05-20,87.77
1927-05-21,70.74
1927-05-22,72.72
1927-05-23,87.77
1927-05-24,87.77
1927-05-25,87.77
1927-05-26,126.77
1927-05-27,85.79
1927-05-28,95.96
1927-05-29,85.79
1927-05-30,87.77
1927-05-31,78.65
1927-06-01,106.18
1927-06-02,116.45
1927-06-03,133.10
1927-06-04,153.95
1927-06-05,106.18
1927-06-06,87.77
1927-06-07,89.98
1927-06-08,78.65
1927-06-09,302.46
1927-06-10,162.41
1927-06-11,114.44
1927-06-12,118.45
1927-06-13,118.45
1927-06-14,195.15
1927-06-15,185.56
1927-06-16,232.40
1927-06-17,171.56
1927-06-18,133.10
1927-06-19,116.45
1927-06-20,87.77
1927-06-21,104.18
1927-06-22,76.67
1927-06-23,78.65
1927-06-24,60.72
1927-06-25,70.74
1927-06-26,78.65
1927-06-27,118.45
1927-06-28,143.50
1927-06-29,118.45
1927-06-30,114.44
1927-07-01,61.70
1927-07-02,89.98
1927-07-03,97.95
1927-07-04,78.65
1927-07-05,102.18
1927-07-06,78.65
1927-07-07,95.96
1927-07-08,104.18
1927-07-09,110.43
1927-07-10,93.96
1927-07-11,171.56
1927-07-12,192.71
1927-07-13,162.41
1927-07-14,442.79
1927-07-15,374.58
1927-07-16,162.41
1927-07-17,248.84
1927-07-18,114.44
1927-07-19,133.10
1927-07-20,118.45
1927-07-21,114.44
1927-07-22,104.18
1927-07-23,318.75
1927-07-24,260.74
1927-07-25,204.78
1927-07-26,162.41
1927-07-27,122.74
1927-07-28,126.77
1927-07-29,114.44
1927-07-30,108.17
1927-07-31,78.65
1927-08-01,78.65
1927-08-02,78.65
1927-08-03,89.98
1927-08-04,89.98
1927-08-05,70.74
1927-08-06,67.60
1927-08-07,54.67
1927-08-08,61.70
1927-08-09,61.70
1927-08-10,54.67
1927-08-11,58.59
1927-08-12,58.59
1927-08-13,54.67
1927-08-14,54.67
1927-08-15,74.69
1927-08-16,102.18
1927-08-17,143.50
1927-08-18,162.41
1927-08-19,151.92
1927-08-20,207.86
1927-08-21,246.29
1927-08-22,621.40
1927-08-23,705.09
1927-08-24,583.37
1927-08-25,501.71
1927-08-26,480.62
1927-08-27,540.13
1927-08-28,446.00
1927-08-29,305.60
1927-08-30,265.92
1927-08-31,221.65
1927-09-01,151.92
1927-09-02,166.48
1927-09-03,122.74
1927-09-04,143.50
1927-09-05,128.78
1927-09-06,128.78
1927-09-07,128.78
1927-09-08,128.78
1927-09-09,114.44
1927-09-10,87.77
1927-09-11,100.18
1927-09-12,151.92
1927-09-13,204.78
1927-09-14,151.92
1927-09-15,151.92
1927-09-16,164.44
1927-09-17,207.86
1927-09-18,195.15
1927-09-19,221.65
1927-09-20,281.53
1927-09-21,274.75
1927-09-22,241.12
1927-09-23,207.86
1927-09-24,195.15
1927-09-25,162.41
1927-09-26,162.41
1927-09-27,143.50
1927-09-28,155.98
1927-09-29,151.92
1927-09-30,149.57
1927-10-01,155.98
1927-10-02,162.41
1927-10-03,151.92
1927-10-04,151.92
1927-10-05,162.41
1927-10-06,151.92
1927-10-07,143.50
1927-10-08,104.18
1927-10-09,100.18
1927-10-10,104.18
1927-10-11,87.77
1927-10-12,78.65
1927-10-13,87.77
1927-10-14,87.77
1927-10-15,81.82
1927-10-16,70.74
1927-10-17,78.65
1927-10-18,78.65
1927-10-19,70.74
1927-10-20,87.77
1927-10-21,78.65
1927-10-22,87.77
1927-10-23,87.77
1927-10-24,87.77
1927-10-25,122.74
1927-10-26,122.74
1927-10-27,104.18
1927-10-28,104.18
1927-10-29,89.98
1927-10-30,61.70
1927-10-31,70.74
1927-11-01,74.69
1927-11-02,65.63
1927-11-03,65.63
1927-11-04,72.72
1927-11-05,74.69
1927-11-06,74.69
1927-11-07,83.81
1927-11-08,232.40
1927-11-09,450.00
1927-11-10,512.31
1927-11-11,466.90
1927-11-12,426.00
1927-11-13,395.05
1927-11-14,450.00
1927-11-15,238.02
1927-11-16,340.97
1927-11-17,501.71
1927-11-18,466.90
1927-11-19,384.80
1927-11-20,348.98
1927-11-21,260.74
1927-11-22,221.65
1927-11-23,221.65
1927-11-24,151.92
1927-11-25,162.41
1927-11-26,212.99
1927-11-27,200.27
1927-11-28,189.64
1927-11-29,185.56
1927-11-30,162.41
1927-12-01,162.41
1927-12-02,143.50
1927-12-03,122.74
1927-12-04,128.78
1927-12-05,122.74
1927-12-06,126.77
1927-12-07,120.73
1927-12-08,120.73
1927-12-09,110.43
1927-12-10,87.77
1927-12-11,95.96
1927-12-12,87.77
1927-12-13,78.65
1927-12-14,70.74
1927-12-15,70.74
1927-12-16,76.67
1927-12-17,70.74
1927-12-18,78.65
1927-12-19,195.15
1927-12-20,104.18
1927-12-21,70.74
1927-12-22,70.74
1927-12-23,192.71
1927-12-24,681.36
1927-12-25,1044.22
1927-12-26,964.73
1927-12-27,932.89
1927-12-28,911.61
1927-12-29,789.88
1927-12-30,649.69
1927-12-31,477.39
1928-01-01,360.17
1928-01-02,302.46
1928-01-03,246.29
1928-01-04,232.40
1928-01-05,232.40
1928-01-06,241.12
1928-01-07,601.87
1928-01-08,626.04
1928-01-09,632.66
1928-01-10,565.94
1928-01-11,540.13
1928-01-12,512.31
1928-01-13,460.46
1928-01-14,495.24
1928-01-15,536.86
1928-01-16,580.08
1928-01-17,580.08
1928-01-18,621.40
1928-01-19,547.62
1928-01-20,789.88
1928-01-21,743.51
1928-01-22,660.98
1928-01-23,621.40
1928-01-24,544.34
1928-01-25,512.31
1928-01-26,522.94
1928-01-27,509.07
1928-01-28,491.15
1928-01-29,426.00
1928-01-30,405.33
1928-01-31,360.17
1928-02-01,291.45
1928-02-02,318.75
1928-02-03,398.24
1928-02-04,426.00
1928-02-05,432.40
1928-02-06,408.52
1928-02-07,580.08
1928-02-08,583.37
1928-02-09,547.62
1928-02-10,555.12
1928-02-11,868.96
1928-02-12,1182.06
1928-02-13,1241.28
1928-02-14,1121.26
1928-02-15,1038.73
1928-02-16,1126.82
1928-02-17,1007.07
1928-02-18,938.40
1928-02-19,835.02
1928-02-20,752.65
1928-02-21,660.98
1928-02-22,621.40
1928-02-23,605.17
1928-02-24,565.94
1928-02-25,480.62
1928-02-26,348.98
1928-02-27,348.98
1928-02-28,308.74
1928-02-29,293.54
1928-03-01,287.78
1928-03-02,238.02
1928-03-03,238.02
1928-03-04,227.25
1928-03-05,207.86
1928-03-06,164.44
1928-03-07,155.98
1928-03-08,177.02
1928-03-09,171.56
1928-03-10,177.02
1928-03-11,158.01
1928-03-12,145.53
1928-03-13,126.77
1928-03-14,137.13
1928-03-15,137.13
1928-03-16,118.45
1928-03-17,126.77
1928-03-18,102.18
1928-03-19,116.45
1928-03-20,108.17
1928-03-21,108.17
1928-03-22,112.44
1928-03-23,110.43
1928-03-24,114.44
1928-03-25,120.73
1928-03-26,110.43
1928-03-27,112.44
1928-03-28,104.18
1928-03-29,104.18
1928-03-30,108.17
1928-03-31,108.17
1928-04-01,147.55
1928-04-02,147.55
1928-04-03,131.08
1928-04-04,143.50
1928-04-05,241.12
1928-04-06,426.00
1928-04-07,374.58
1928-04-08,331.94
1928-04-09,255.05
1928-04-10,143.50
1928-04-11,207.86
1928-04-12,162.41
1928-04-13,162.41
1928-04-14,162.41
1928-04-15,149.57
1928-04-16,302.46
1928-04-17,460.46
1928-04-18,540.13
1928-04-19,504.95
1928-04-20,435.61
1928-04-21,356.35
1928-04-22,281.53
1928-04-23,293.54
1928-04-24,255.05
1928-04-25,232.40
1928-04-26,185.56
1928-04-27,171.56
1928-04-28,143.50
1928-04-29,162.41
1928-04-30,189.64
1928-05-01,495.24
1928-05-02,498.48
1928-05-03,463.68
1928-05-04,348.98
1928-05-05,325.64
1928-05-06,260.74
1928-05-07,232.40
1928-05-08,182.11
1928-05-09,171.56
1928-05-10,164.44
1928-05-11,143.50
1928-05-12,151.92
1928-05-13,145.53
1928-05-14,145.53
1928-05-15,131.08
1928-05-16,122.74
1928-05-17,145.53
1928-05-18,155.98
1928-05-19,207.86
1928-05-20,284.65
1928-05-21,244.22
1928-05-22,227.25
1928-05-23,164.44
1928-05-24,149.57
1928-05-25,185.56
1928-05-26,166.48
1928-05-27,131.08
1928-05-28,143.50
1928-05-29,131.08
1928-05-30,118.45
1928-05-31,122.74
1928-06-01,114.44
1928-06-02,83.81
1928-06-03,95.96
1928-06-04,87.77
1928-06-05,79.84
1928-06-06,79.84
1928-06-07,79.84
1928-06-08,79.84
1928-06-09,114.44
1928-06-10,108.17
1928-06-11,97.95
1928-06-12,114.44
1928-06-13,114.44
1928-06-14,104.18
1928-06-15,67.60
1928-06-16,114.44
1928-06-17,97.95
1928-06-18,87.77
1928-06-19,70.74
1928-06-20,97.95
1928-06-21,116.45
1928-06-22,95.96
1928-06-23,87.77
1928-06-24,65.63
1928-06-25,70.74
1928-06-26,70.74
1928-06-27,85.79
1928-06-28,116.45
1928-06-29,70.74
1928-06-30,102.18
1928-07-01,61.70
1928-07-02,58.59
1928-07-03,70.74
1928-07-04,74.69
1928-07-05,143.50
1928-07-06,95.96
1928-07-07,74.69
1928-07-08,65.63
1928-07-09,58.59
1928-07-10,58.59
1928-07-11,47.69
1928-07-12,54.67
1928-07-13,51.74
1928-07-14,43.80
1928-07-15,43.80
1928-07-16,43.80
1928-07-17,11.87
1928-07-18,10.00
1928-07-19,10.00
1928-07-20,12.81
1928-07-21,10.00
1928-07-22,10.00
1928-07-23,10.00
1928-07-24,10.00
1928-07-25,10.00
1928-07-26,10.00
1928-07-27,11.87
1928-07-28,10.00
1928-07-29,20.47
1928-07-30,18.47
1928-07-31,12.81
1928-08-01,10.00
1928-08-02,15.64
1928-08-03,20.47
1928-08-04,12.81
1928-08-05,51.74
1928-08-06,78.65
1928-08-07,47.69
1928-08-08,47.69
1928-08-09,10.00
1928-08-10,14.69
1928-08-11,10.00
1928-08-12,10.00
1928-08-13,10.00
1928-08-14,11.87
1928-08-15,10.00
1928-08-16,10.00
1928-08-17,43.80
1928-08-18,15.64
1928-08-19,10.00
1928-08-20,10.00
1928-08-21,10.00
1928-08-22,10.00
1928-08-23,10.00
1928-08-24,13.75
1928-08-25,10.00
1928-08-26,10.00
1928-08-27,10.00
1928-08-28,10.00
1928-08-29,10.00
1928-08-30,10.00
1928-08-31,11.87
1928-09-01,10.00
1928-09-02,10.00
1928-09-03,10.00
1928-09-04,10.00
1928-09-05,10.00
1928-09-06,10.00
1928-09-07,10.00
1928-09-08,10.00
1928-09-09,10.00
1928-09-10,10.00
1928-09-11,10.00
1928-09-12,10.00
1928-09-13,10.00
1928-09-14,10.00
1928-09-15,10.00
1928-09-16,10.00
1928-09-17,10.00
1928-09-18,10.00
1928-09-19,10.00
1928-09-20,10.00
1928-09-21,10.00
1928-09-22,10.00
1928-09-23,10.00
1928-09-24,10.00
1928-09-25,10.00
1928-09-26,10.00
1928-09-27,10.00
1928-09-28,10.00
1928-09-29,10.00
1928-09-30,10.00
1928-10-01,15.64
1928-10-02,11.87
1928-10-03,10.00
1928-10-04,10.00
1928-10-05,10.00
1928-10-06,10.00
1928-10-07,10.00
1928-10-08,10.00
1928-10-09,10.00
1928-10-10,10.00
1928-10-11,10.00
1928-10-12,15.64
1928-10-13,47.69
1928-10-14,11.87
1928-10-15,10.00
1928-10-16,14.69
1928-10-17,11.87
1928-10-18,10.00
1928-10-19,54.67
1928-10-20,47.69
1928-10-21,70.74
1928-10-22,70.74
1928-10-23,61.70
1928-10-24,39.92
1928-10-25,51.74
1928-10-26,65.63
1928-10-27,39.92
1928-10-28,70.74
1928-10-29,533.60
1928-10-30,450.00
1928-10-31,274.75
1928-11-01,185.56
1928-11-02,232.40
1928-11-03,221.65
1928-11-04,221.65
1928-11-05,162.41
1928-11-06,143.50
1928-11-07,118.45
1928-11-08,122.74
1928-11-09,95.96
1928-11-10,87.77
1928-11-11,78.65
1928-11-12,81.82
1928-11-13,100.18
1928-11-14,110.43
1928-11-15,110.43
1928-11-16,118.45
1928-11-17,340.97
1928-11-18,477.39
1928-11-19,432.40
1928-11-20,360.17
1928-11-21,311.88
1928-11-22,238.02
1928-11-23,255.05
1928-11-24,519.69
1928-11-25,681.36
1928-11-26,1017.63
1928-11-27,1247.83
1928-11-28,1154.40
1928-11-29,1126.82
1928-11-30,1033.68
1928-12-01,1044.22
1928-12-02,1137.86
1928-12-03,1115.77
1928-12-04,938.40
1928-12-05,766.22
1928-12-06,621.40
1928-12-07,512.31
1928-12-08,460.46
1928-12-09,422.04
1928-12-10,391.86
1928-12-11,334.04
1928-12-12,302.46
1928-12-13,287.78
1928-12-14,287.78
1928-12-15,232.40
1928-12-16,221.65
1928-12-17,195.15
1928-12-18,195.15
1928-12-19,287.78
1928-12-20,274.75
1928-12-21,246.29
1928-12-22,232.40
1928-12-23,207.86
1928-12-24,209.91
1928-12-25,216.51
1928-12-26,221.65
1928-12-27,453.22
1928-12-28,426.00
1928-12-29,927.77
1928-12-30,1017.63
1928-12-31,975.33
1929-01-01,959.63
1929-01-02,826.16
1929-01-03,660.98
1929-01-04,565.94
1929-01-05,453.22
1929-01-06,374.58
1929-01-07,374.58
1929-01-08,334.04
1929-01-09,274.75
1929-01-10,260.74
1929-01-11,212.99
1929-01-12,207.86
1929-01-13,171.56
1929-01-14,162.41
1929-01-15,164.44
1929-01-16,164.44
1929-01-17,155.98
1929-01-18,151.92
1929-01-19,147.55
1929-01-20,139.15
1929-01-21,139.15
1929-01-22,135.12
1929-01-23,145.53
1929-01-24,269.55
1929-01-25,246.29
1929-01-26,251.95
1929-01-27,195.15
1929-01-28,185.56
1929-01-29,162.41
1929-01-30,151.92
1929-01-31,143.50
1929-02-01,151.92
1929-02-02,133.10
1929-02-03,133.10
1929-02-04,97.95
1929-02-05,110.43
1929-02-06,162.41
1929-02-07,114.44
1929-02-08,104.18
1929-02-09,61.70
1929-02-10,87.77
1929-02-11,164.44
1929-02-12,143.50
1929-02-13,95.96
1929-02-14,87.77
1929-02-15,87.77
1929-02-16,67.60
1929-02-17,78.65
1929-02-18,78.65
1929-02-19,78.65
1929-02-20,72.72
1929-02-21,69.76
1929-02-22,72.72
1929-02-23,72.72
1929-02-24,81.82
1929-02-25,195.15
1929-02-26,258.66
1929-02-27,195.15
1929-02-28,162.41
1929-03-01,133.10
1929-03-02,153.95
1929-03-03,124.76
1929-03-04,104.18
1929-03-05,108.17
1929-03-06,91.97
1929-03-07,100.18
1929-03-08,114.44
1929-03-09,104.18
1929-03-10,122.74
1929-03-11,122.74
1929-03-12,116.45
1929-03-13,106.18
1929-03-14,67.60
1929-03-15,81.82
1929-03-16,61.70
1929-03-17,61.70
1929-03-18,47.69
1929-03-19,54.67
1929-03-20,47.69
1929-03-21,74.69
1929-03-22,76.67
1929-03-23,87.77
1929-03-24,104.18
1929-03-25,95.96
1929-03-26,89.98
1929-03-27,91.97
1929-03-28,91.97
1929-03-29,87.77
1929-03-30,87.77
1929-03-31,87.77
1929-04-01,83.81
1929-04-02,74.69
1929-04-03,81.82
1929-04-04,100.18
1929-04-05,81.82
1929-04-06,104.18
1929-04-07,104.18
1929-04-08,93.96
1929-04-09,122.74
1929-04-10,114.44
1929-04-11,118.45
1929-04-12,160.04
1929-04-13,232.40
1929-04-14,227.25
1929-04-15,248.84
1929-04-16,207.86
1929-04-17,171.56
1929-04-18,147.55
1929-04-19,126.77
1929-04-20,126.77
1929-04-21,122.74
1929-04-22,108.17
1929-04-23,110.43
1929-04-24,70.74
1929-04-25,95.96
1929-04-26,47.69
1929-04-27,78.65
1929-04-28,78.65
1929-04-29,70.74
1929-04-30,74.69
1929-05-01,81.82
1929-05-02,70.74
1929-05-03,70.74
1929-05-04,70.74
1929-05-05,78.65
1929-05-06,78.65
1929-05-07,70.74
1929-05-08,65.63
1929-05-09,65.63
1929-05-10,65.63
1929-05-11,74.69
1929-05-12,58.59
1929-05-13,67.60
1929-05-14,67.60
1929-05-15,67.60
1929-05-16,74.69
1929-05-17,51.74
1929-05-18,52.72
1929-05-19,43.80
1929-05-20,52.72
1929-05-21,45.74
1929-05-22,45.74
1929-05-23,30.14
1929-05-24,47.69
1929-05-25,34.95
1929-05-26,32.06
1929-05-27,32.06
1929-05-28,34.95
1929-05-29,34.95
1929-05-30,27.15
1929-05-31,32.06
1929-06-01,32.06
1929-06-02,29.06
1929-06-03,27.15
1929-06-04,26.19
1929-06-05,33.99
1929-06-06,58.59
1929-06-07,58.59
1929-06-08,58.59
1929-06-09,58.59
1929-06-10,58.59
1929-06-11,87.77
1929-06-12,32.06
1929-06-13,32.06
1929-06-14,54.67
1929-06-15,58.59
1929-06-16,69.76
1929-06-17,41.86
1929-06-18,58.59
1929-06-19,41.86
1929-06-20,45.74
1929-06-21,41.86
1929-06-22,36.88
1929-06-23,36.88
1929-06-24,47.69
1929-06-25,27.15
1929-06-26,29.06
1929-06-27,29.06
1929-06-28,29.06
1929-06-29,15.64
1929-06-30,15.64
1929-07-01,27.15
1929-07-02,21.42
1929-07-03,10.00
1929-07-04,10.00
1929-07-05,27.15
1929-07-06,20.47
1929-07-07,29.06
1929-07-08,29.06
1929-07-09,29.06
1929-07-10,29.06
1929-07-11,26.19
1929-07-12,29.06
1929-07-13,20.47
1929-07-14,10.00
1929-07-15,15.64
1929-07-16,15.64
1929-07-17,12.81
1929-07-18,12.81
1929-07-19,12.81
1929-07-20,15.64
1929-07-21,12.81
1929-07-22,17.53
1929-07-23,11.87
1929-07-24,11.87
1929-07-25,10.00
1929-07-26,21.42
1929-07-27,21.42
1929-07-28,43.80
1929-07-29,15.64
1929-07-30,41.86
1929-07-31,47.69
1929-08-01,32.06
1929-08-02,39.92
1929-08-03,39.92
1929-08-04,39.92
1929-08-05,29.06
1929-08-06,21.42
1929-08-07,27.15
1929-08-08,17.53
1929-08-09,17.53
1929-08-10,29.06
1929-08-11,29.06
1929-08-12,21.42
1929-08-13,23.33
1929-08-14,12.81
1929-08-15,12.81
1929-08-16,10.00
1929-08-17,10.00
1929-08-18,10.00
1929-08-19,10.00
1929-08-20,15.64
1929-08-21,10.00
1929-08-22,10.00
1929-08-23,10.00
1929-08-24,10.00
1929-08-25,10.00
1929-08-26,10.00
1929-08-27,10.00
1929-08-28,10.00
1929-08-29,10.00
1929-08-30,10.00
1929-08-31,10.00
1929-09-01,10.00
1929-09-02,10.00
1929-09-03,10.00
1929-09-04,10.00
1929-09-05,10.00
1929-09-06,10.00
1929-09-07,10.00
1929-09-08,10.00
1929-09-09,10.00
1929-09-10,10.00
1929-09-11,10.00
1929-09-12,10.00
1929-09-13,10.00
1929-09-14,10.00
1929-09-15,10.00
1929-09-16,10.00
1929-09-17,10.00
1929-09-18,10.00
1929-09-19,10.00
1929-09-20,10.00
1929-09-21,10.00
1929-09-22,10.00
1929-09-23,10.00
1929-09-24,10.00
1929-09-25,10.00
1929-09-26,10.00
1929-09-27,10.00
1929-09-28,10.00
1929-09-29,10.00
1929-09-30,10.00
1929-10-01,10.00
1929-10-02,10.00
1929-10-03,10.00
1929-10-04,47.69
1929-10-05,114.44
1929-10-06,155.98
1929-10-07,147.55
1929-10-08,116.45
1929-10-09,102.18
1929-10-10,145.53
1929-10-11,95.96
1929-10-12,108.17
1929-10-13,100.18
1929-10-14,91.97
1929-10-15,61.70
1929-10-16,65.63
1929-10-17,41.86
1929-10-18,51.74
1929-10-19,38.82
1929-10-20,32.06
1929-10-21,32.06
1929-10-22,36.88
1929-10-23,36.88
1929-10-24,36.88
1929-10-25,39.92
1929-10-26,27.15
1929-10-27,21.42
1929-10-28,27.15
1929-10-29,29.06
1929-10-30,36.88
1929-10-31,100.18
1929-11-01,143.50
1929-11-02,81.82
1929-11-03,87.77
1929-11-04,78.65
1929-11-05,70.74
1929-11-06,45.74
1929-11-07,65.63
1929-11-08,41.86
1929-11-09,58.59
1929-11-10,60.72
1929-11-11,70.74
1929-11-12,70.74
1929-11-13,133.10
1929-11-14,241.12
1929-11-15,260.74
1929-11-16,246.29
1929-11-17,334.04
1929-11-18,668.71
1929-11-19,555.12
1929-11-20,426.00
1929-11-21,308.74
1929-11-22,246.29
1929-11-23,207.86
1929-11-24,185.56
1929-11-25,185.56
1929-11-26,207.86
1929-11-27,221.65
1929-11-28,232.40
1929-11-29,246.29
1929-11-30,238.02
1929-12-01,272.67
1929-12-02,287.78
1929-12-03,381.62
1929-12-04,586.66
1929-12-05,789.88
1929-12-06,835.02
1929-12-07,858.27
1929-12-08,793.97
1929-12-09,693.78
1929-12-10,673.38
1929-12-11,874.48
1929-12-12,959.63
1929-12-13,1044.22
1929-12-14,954.13
1929-12-15,820.98
1929-12-16,900.96
1929-12-17,789.88
1929-12-18,681.36
1929-12-19,555.12
1929-12-20,491.15
1929-12-21,415.65
1929-12-22,334.04
1929-12-23,287.78
1929-12-24,287.78
1929-12-25,398.24
1929-12-26,426.00
1929-12-27,442.79
1929-12-28,446.00
1929-12-29,597.56
1929-12-30,665.40
1929-12-31,649.69
1930-01-01,681.36
1930-01-02,621.40
1930-01-03,848.68
1930-01-04,858.27
1930-01-05,789.88
1930-01-06,681.36
1930-01-07,621.40
1930-01-08,547.62
1930-01-09,504.95
1930-01-10,498.48
1930-01-11,474.16
1930-01-12,572.51
1930-01-13,779.80
1930-01-14,743.51
1930-01-15,689.10
1930-01-16,641.73
1930-01-17,583.37
1930-01-18,504.95
1930-01-19,460.46
1930-01-20,450.00
1930-01-21,374.58
1930-01-22,360.17
1930-01-23,318.75
1930-01-24,302.46
1930-01-25,260.74
1930-01-26,269.55
1930-01-27,260.74
1930-01-28,221.65
1930-01-29,227.25
1930-01-30,189.64
1930-01-31,189.64
1930-02-01,177.02
1930-02-02,185.56
1930-02-03,185.56
1930-02-04,185.56
1930-02-05,192.71
1930-02-06,212.99
1930-02-07,223.71
1930-02-08,216.51
1930-02-09,202.32
1930-02-10,187.60
1930-02-11,180.07
1930-02-12,177.02
1930-02-13,177.02
1930-02-14,171.56
1930-02-15,133.10
1930-02-16,133.10
1930-02-17,155.98
1930-02-18,151.92
1930-02-19,151.92
1930-02-20,133.10
1930-02-21,126.77
1930-02-22,118.45
1930-02-23,118.45
1930-02-24,118.45
1930-02-25,95.96
1930-02-26,104.18
1930-02-27,104.18
1930-02-28,110.43
1930-03-01,110.43
1930-03-02,85.79
1930-03-03,83.81
1930-03-04,85.79
1930-03-05,87.77
1930-03-06,83.81
1930-03-07,87.77
1930-03-08,87.77
1930-03-09,87.77
1930-03-10,87.77
1930-03-11,89.98
1930-03-12,104.18
1930-03-13,122.74
1930-03-14,122.74
1930-03-15,104.18
1930-03-16,162.41
1930-03-17,246.29
1930-03-18,315.60
1930-03-19,374.58
1930-03-20,408.52
1930-03-21,391.86
1930-03-22,387.98
1930-03-23,391.86
1930-03-24,365.45
1930-03-25,287.78
1930-03-26,287.78
1930-03-27,216.51
1930-03-28,207.86
1930-03-29,195.15
1930-03-30,195.15
1930-03-31,185.56
1930-04-01,185.56
1930-04-02,151.92
1930-04-03,122.74
1930-04-04,126.77
1930-04-05,147.55
1930-04-06,143.50
1930-04-07,137.13
1930-04-08,114.44
1930-04-09,122.74
1930-04-10,133.10
1930-04-11,72.72
1930-04-12,81.82
1930-04-13,104.18
1930-04-14,87.77
1930-04-15,114.44
1930-04-16,114.44
1930-04-17,143.50
1930-04-18,260.74
1930-04-19,258.66
1930-04-20,209.91
1930-04-21,177.02
1930-04-22,164.44
1930-04-23,155.98
1930-04-24,151.92
1930-04-25,145.53
1930-04-26,133.10
1930-04-27,112.44
1930-04-28,110.43
1930-04-29,126.77
1930-04-30,104.18
1930-05-01,104.18
1930-05-02,104.18
1930-05-03,87.77
1930-05-04,81.82
1930-05-05,74.69
1930-05-06,61.70
1930-05-07,61.70
1930-05-08,87.77
1930-05-09,58.59
1930-05-10,81.82
1930-05-11,87.77
1930-05-12,106.18
1930-05-13,241.12
1930-05-14,269.55
1930-05-15,381.62
1930-05-16,391.86
1930-05-17,334.04
1930-05-18,207.86
1930-05-19,232.40
1930-05-20,207.86
1930-05-21,185.56
1930-05-22,195.15
1930-05-23,202.32
1930-05-24,192.71
1930-05-25,192.71
1930-05-26,334.04
1930-05-27,387.98
1930-05-28,356.35
1930-05-29,328.79
1930-05-30,251.95
1930-05-31,251.95
1930-06-01,232.40
1930-06-02,200.27
1930-06-03,185.56
1930-06-04,195.15
1930-06-05,195.15
1930-06-06,174.98
1930-06-07,155.98
1930-06-08,104.18
1930-06-09,104.18
1930-06-10,91.97
1930-06-11,87.77
1930-06-12,93.96
1930-06-13,93.96
1930-06-14,93.96
1930-06-15,143.50
1930-06-16,87.77
1930-06-17,95.96
1930-06-18,185.56
1930-06-19,95.96
1930-06-20,118.45
1930-06-21,155.98
1930-06-22,106.18
1930-06-23,95.96
1930-06-24,87.77
1930-06-25,70.74
1930-06-26,70.74
1930-06-27,70.74
1930-06-28,70.74
1930-06-29,70.74
1930-06-30,70.74
1930-07-01,65.63
1930-07-02,70.74
1930-07-03,78.65
1930-07-04,78.65
1930-07-05,70.74
1930-07-06,70.74
1930-07-07,65.63
1930-07-08,65.63
1930-07-09,32.06
1930-07-10,32.06
1930-07-11,15.64
1930-07-12,10.00
1930-07-13,287.78
1930-07-14,114.44
1930-07-15,108.17
1930-07-16,185.56
1930-07-17,238.02
1930-07-18,522.94
1930-07-19,716.42
1930-07-20,649.69
1930-07-21,477.39
1930-07-22,408.52
1930-07-23,287.78
1930-07-24,185.56
1930-07-25,265.92
1930-07-26,360.17
1930-07-27,287.78
1930-07-28,221.65
1930-07-29,151.92
1930-07-30,171.56
1930-07-31,221.65
1930-08-01,221.65
1930-08-02,185.56
1930-08-03,143.50
1930-08-04,155.98
1930-08-05,164.44
1930-08-06,442.79
1930-08-07,334.04
1930-08-08,348.98
1930-08-09,293.54
1930-08-10,287.78
1930-08-11,232.40
1930-08-12,204.78
1930-08-13,287.78
1930-08-14,260.74
1930-08-15,495.24
1930-08-16,495.24
1930-08-17,572.51
1930-08-18,426.00
1930-08-19,348.98
1930-08-20,287.78
1930-08-21,246.29
1930-08-22,207.86
1930-08-23,189.64
1930-08-24,177.02
1930-08-25,143.50
1930-08-26,143.50
1930-08-27,158.01
1930-08-28,108.17
1930-08-29,108.17
1930-08-30,95.96
1930-08-31,78.65
1930-09-01,87.77
1930-09-02,78.65
1930-09-03,67.60
1930-09-04,70.74
1930-09-05,61.70
1930-09-06,70.74
1930-09-07,70.74
1930-09-08,83.81
1930-09-09,85.79
1930-09-10,70.74
1930-09-11,85.79
1930-09-12,72.72
1930-09-13,145.53
1930-09-14,207.86
1930-09-15,149.57
1930-09-16,216.51
1930-09-17,185.56
1930-09-18,185.56
1930-09-19,195.15
1930-09-20,185.56
1930-09-21,200.27
1930-09-22,232.40
1930-09-23,391.86
1930-09-24,348.98
1930-09-25,340.97
1930-09-26,277.87
1930-09-27,277.87
1930-09-28,232.40
1930-09-29,216.51
1930-09-30,227.25
1930-10-01,260.74
1930-10-02,246.29
1930-10-03,207.86
1930-10-04,151.92
1930-10-05,180.07
1930-10-06,302.46
1930-10-07,353.19
1930-10-08,450.00
1930-10-09,739.09
1930-10-10,964.73
1930-10-11,980.83
1930-10-12,938.40
1930-10-13,890.30
1930-10-14,793.97
1930-10-15,739.09
1930-10-16,660.98
1930-10-17,583.37
1930-10-18,519.69
1930-10-19,522.94
1930-10-20,544.34
1930-10-21,522.94
1930-10-22,408.52
1930-10-23,360.17
1930-10-24,296.67
1930-10-25,318.75
1930-10-26,345.18
1930-10-27,442.79
1930-10-28,391.86
1930-10-29,348.98
1930-10-30,348.98
1930-10-31,363.34
1930-11-01,348.98
1930-11-02,387.98
1930-11-03,766.22
1930-11-04,1247.83
1930-11-05,1304.60
1930-11-06,1154.40
1930-11-07,975.33
1930-11-08,911.61
1930-11-09,835.02
1930-11-10,793.97
1930-11-11,775.37
1930-11-12,747.94
1930-11-13,697.09
1930-11-14,632.66
1930-11-15,565.94
1930-11-16,533.60
1930-11-17,629.35
1930-11-18,565.94
1930-11-19,487.92
1930-11-20,501.71
1930-11-21,700.41
1930-11-22,1383.76
1930-11-23,1584.39
1930-11-24,1612.00
1930-11-25,1477.37
1930-11-26,1425.25
1930-11-27,1388.69
1930-11-28,1425.25
1930-11-29,1401.14
1930-11-30,1260.32
1930-12-01,1137.86
1930-12-02,975.33
1930-12-03,835.02
1930-12-04,725.27
1930-12-05,660.98
1930-12-06,583.37
1930-12-07,512.31
1930-12-08,408.52
1930-12-09,408.52
1930-12-10,398.24
1930-12-11,360.17
1930-12-12,348.98
1930-12-13,318.75
1930-12-14,343.07
1930-12-15,429.20
1930-12-16,418.85
1930-12-17,384.80
1930-12-18,360.17
1930-12-19,334.04
1930-12-20,305.60
1930-12-21,302.46
1930-12-22,293.54
1930-12-23,274.75
1930-12-24,260.74
1930-12-25,241.12
1930-12-26,221.65
1930-12-27,232.40
1930-12-28,265.92
1930-12-29,296.67
1930-12-30,321.89
1930-12-31,305.60
1931-01-01,789.88
1931-01-02,1044.22
1931-01-03,1211.86
1931-01-04,1288.05
1931-01-05,1477.37
1931-01-06,1412.00
1931-01-07,1182.06
1931-01-08,1007.07
1931-01-09,812.46
1931-01-10,681.36
1931-01-11,613.68
1931-01-12,519.69
1931-01-13,504.95
1931-01-14,484.69
1931-01-15,426.00
1931-01-16,369.29
1931-01-17,512.31
1931-01-18,798.40
1931-01-19,708.41
1931-01-20,885.16
1931-01-21,970.24
1931-01-22,885.16
1931-01-23,766.22
1931-01-24,711.73
1931-01-25,1071.60
1931-01-26,1017.63
1931-01-27,1038.73
1931-01-28,1055.01
1931-01-29,1110.21
1931-01-30,1334.59
1931-01-31,1346.75
1931-02-01,1264.48
1931-02-02,1110.21
1931-02-03,1017.63
1931-02-04,922.26
1931-02-05,779.80
1931-02-06,711.73
1931-02-07,673.38
1931-02-08,700.41
1931-02-09,512.31
1931-02-10,374.58
1931-02-11,432.40
1931-02-12,495.24
1931-02-13,734.39
1931-02-14,654.11
1931-02-15,601.87
1931-02-16,586.66
1931-02-17,601.87
1931-02-18,668.71
1931-02-19,641.73
1931-02-20,565.94
1931-02-21,495.24
1931-02-22,501.71
1931-02-23,460.46
1931-02-24,460.46
1931-02-25,512.31
1931-02-26,512.31
1931-02-27,868.96
1931-02-28,964.73
1931-03-01,1253.78
1931-03-02,1253.78
1931-03-03,1099.17
1931-03-04,922.26
1931-03-05,812.46
1931-03-06,700.41
1931-03-07,649.69
1931-03-08,618.09
1931-03-09,586.66
1931-03-10,498.48
1931-03-11,501.71
1931-03-12,522.94
1931-03-13,495.24
1931-03-14,432.40
1931-03-15,318.75
1931-03-16,334.04
1931-03-17,318.75
1931-03-18,302.46
1931-03-19,260.74
1931-03-20,274.75
1931-03-21,260.74
1931-03-22,260.74
1931-03-23,246.29
1931-03-24,232.40
1931-03-25,232.40
1931-03-26,238.02
1931-03-27,207.86
1931-03-28,195.15
1931-03-29,189.64
1931-03-30,162.41
1931-03-31,166.48
1931-04-01,143.50
1931-04-02,151.92
1931-04-03,151.92
1931-04-04,145.53
1931-04-05,145.53
1931-04-06,151.92
1931-04-07,202.32
1931-04-08,180.07
1931-04-09,171.56
1931-04-10,162.41
1931-04-11,122.74
1931-04-12,133.10
1931-04-13,122.74
1931-04-14,126.77
1931-04-15,108.17
1931-04-16,122.74
1931-04-17,122.74
1931-04-18,166.48
1931-04-19,212.99
1931-04-20,287.78
1931-04-21,195.15
1931-04-22,174.98
1931-04-23,162.41
1931-04-24,124.76
1931-04-25,143.50
1931-04-26,143.50
1931-04-27,185.56
1931-04-28,426.00
1931-04-29,594.26
1931-04-30,586.66
1931-05-01,547.62
1931-05-02,426.00
1931-05-03,331.94
1931-05-04,331.94
1931-05-05,287.78
1931-05-06,262.81
1931-05-07,221.65
1931-05-08,207.86
1931-05-09,185.56
1931-05-10,162.41
1931-05-11,143.50
1931-05-12,151.92
1931-05-13,145.53
1931-05-14,122.74
1931-05-15,133.10
1931-05-16,145.53
1931-05-17,195.15
1931-05-18,162.41
1931-05-19,207.86
1931-05-20,189.64
1931-05-21,151.92
1931-05-22,122.74
1931-05-23,108.17
1931-05-24,122.74
1931-05-25,108.17
1931-05-26,110.43
1931-05-27,102.18
1931-05-28,122.74
1931-05-29,108.17
1931-05-30,108.17
1931-05-31,110.43
1931-06-01,122.74
1931-06-02,108.17
1931-06-03,108.17
1931-06-04,100.18
1931-06-05,108.17
1931-06-06,91.97
1931-06-07,145.53
1931-06-08,162.41
1931-06-09,143.50
1931-06-10,143.50
1931-06-11,162.41
1931-06-12,131.08
1931-06-13,108.17
1931-06-14,91.97
1931-06-15,85.79
1931-06-16,78.65
1931-06-17,54.67
1931-06-18,70.74
1931-06-19,54.67
1931-06-20,54.67
1931-06-21,60.72
1931-06-22,60.72
1931-06-23,54.67
1931-06-24,56.63
1931-06-25,56.63
1931-06-26,56.63
1931-06-27,43.80
1931-06-28,56.63
1931-06-29,43.80
1931-06-30,47.69
1931-07-01,47.69
1931-07-02,36.88
1931-07-03,58.59
1931-07-04,58.59
1931-07-05,58.59
1931-07-06,54.67
1931-07-07,54.67
1931-07-08,54.67
1931-07-09,54.67
1931-07-10,54.67
1931-07-11,54.67
1931-07-12,54.67
1931-07-13,51.74
1931-07-14,51.74
1931-07-15,32.06
1931-07-16,32.06
1931-07-17,45.74
1931-07-18,63.67
1931-07-19,69.76
1931-07-20,78.65
1931-07-21,95.96
1931-07-22,114.44
1931-07-23,95.96
1931-07-24,87.77
1931-07-25,70.74
1931-07-26,70.74
1931-07-27,70.74
1931-07-28,70.74
1931-07-29,70.74
1931-07-30,61.70
1931-07-31,32.06
1931-08-01,61.70
1931-08-02,52.72
1931-08-03,45.74
1931-08-04,51.74
1931-08-05,58.59
1931-08-06,58.59
1931-08-07,58.59
1931-08-08,58.59
1931-08-09,61.70
1931-08-10,61.70
1931-08-11,61.70
1931-08-12,58.59
1931-08-13,69.76
1931-08-14,70.74
1931-08-15,133.10
1931-08-16,95.96
1931-08-17,95.96
1931-08-18,97.95
1931-08-19,185.56
1931-08-20,360.17
1931-08-21,512.31
1931-08-22,586.66
1931-08-23,621.40
1931-08-24,495.24
1931-08-25,356.35
1931-08-26,991.42
1931-08-27,991.42
1931-08-28,641.73
1931-08-29,477.39
1931-08-30,318.75
1931-08-31,287.78
1931-09-01,334.04
1931-09-02,318.75
1931-09-03,277.87
1931-09-04,269.55
1931-09-05,287.78
1931-09-06,384.80
1931-09-07,495.24
1931-09-08,432.40
1931-09-09,408.52
1931-09-10,348.98
1931-09-11,302.46
1931-09-12,251.95
1931-09-13,308.74
1931-09-14,408.52
1931-09-15,398.24
1931-09-16,308.74
1931-09-17,241.12
1931-09-18,221.65
1931-09-19,232.40
1931-09-20,162.41
1931-09-21,145.53
1931-09-22,122.74
1931-09-23,122.74
1931-09-24,112.44
1931-09-25,112.44
1931-09-26,108.17
1931-09-27,89.98
1931-09-28,97.95
1931-09-29,70.74
1931-09-30,106.18
1931-10-01,95.96
1931-10-02,81.82
1931-10-03,81.82
1931-10-04,87.77
1931-10-05,74.69
1931-10-06,70.74
1931-10-07,70.74
1931-10-08,78.65
1931-10-09,87.77
1931-10-10,78.65
1931-10-11,61.70
1931-10-12,70.74
1931-10-13,70.74
1931-10-14,60.72
1931-10-15,54.67
1931-10-16,58.59
1931-10-17,61.70
1931-10-18,61.70
1931-10-19,52.72
1931-10-20,39.92
1931-10-21,47.69
1931-10-22,61.70
1931-10-23,51.74
1931-10-24,58.59
1931-10-25,133.10
1931-10-26,104.18
1931-10-27,104.18
1931-10-28,91.97
1931-10-29,54.67
1931-10-30,91.97
1931-10-31,143.50
1931-11-01,164.44
1931-11-02,143.50
1931-11-03,122.74
1931-11-04,112.44
1931-11-05,104.18
1931-11-06,102.18
1931-11-07,185.56
1931-11-08,166.48
1931-11-09,162.41
1931-11-10,158.01
1931-11-11,200.27
1931-11-12,302.46
1931-11-13,255.05
1931-11-14,296.67
1931-11-15,260.74
1931-11-16,260.74
1931-11-17,221.65
1931-11-18,164.44
1931-11-19,145.53
1931-11-20,145.53
1931-11-21,145.53
1931-11-22,122.74
1931-11-23,122.74
1931-11-24,118.45
1931-11-25,114.44
1931-11-26,118.45
1931-11-27,133.10
1931-11-28,143.50
1931-11-29,160.04
1931-11-30,143.50
1931-12-01,143.50
1931-12-02,118.45
1931-12-03,108.17
1931-12-04,116.45
1931-12-05,158.01
1931-12-06,162.41
1931-12-07,200.27
1931-12-08,315.60
1931-12-09,315.60
1931-12-10,328.79
1931-12-11,405.33
1931-12-12,422.04
1931-12-13,371.41
1931-12-14,296.67
1931-12-15,269.55
1931-12-16,274.75
1931-12-17,262.81
1931-12-18,189.64
1931-12-19,195.15
1931-12-20,171.56
1931-12-21,171.56
1931-12-22,155.98
1931-12-23,143.50
1931-12-24,122.74
1931-12-25,126.77
1931-12-26,116.45
1931-12-27,118.45
1931-12-28,143.50
1931-12-29,195.15
1931-12-30,287.78
1931-12-31,260.74
1932-01-01,241.12
1932-01-02,200.27
1932-01-03,398.24
1932-01-04,798.40
1932-01-05,681.36
1932-01-06,621.40
1932-01-07,858.27
1932-01-08,1176.50
1932-01-09,1171.01
1932-01-10,1060.56
1932-01-11,938.40
1932-01-12,826.16
1932-01-13,757.08
1932-01-14,641.73
1932-01-15,575.80
1932-01-16,536.86
1932-01-17,477.39
1932-01-18,453.22
1932-01-19,411.72
1932-01-20,391.86
1932-01-21,348.98
1932-01-22,311.88
1932-01-23,293.54
1932-01-24,260.74
1932-01-25,246.29
1932-01-26,221.65
1932-01-27,195.15
1932-01-28,207.86
1932-01-29,185.56
1932-01-30,171.56
1932-01-31,160.04
1932-02-01,162.41
1932-02-02,158.01
1932-02-03,158.01
1932-02-04,158.01
1932-02-05,158.01
1932-02-06,141.48
1932-02-07,141.48
1932-02-08,118.45
1932-02-09,124.76
1932-02-10,131.08
1932-02-11,114.44
1932-02-12,108.17
1932-02-13,124.76
1932-02-14,155.98
1932-02-15,143.50
1932-02-16,100.18
1932-02-17,95.96
1932-02-18,70.74
1932-02-19,39.92
1932-02-20,54.67
1932-02-21,87.77
1932-02-22,81.82
1932-02-23,87.77
1932-02-24,112.44
1932-02-25,114.44
1932-02-26,114.44
1932-02-27,108.17
1932-02-28,95.96
1932-02-29,85.13
1932-03-01,87.77
1932-03-02,67.60
1932-03-03,81.82
1932-03-04,74.69
1932-03-05,74.69
1932-03-06,69.76
1932-03-07,72.72
1932-03-08,79.84
1932-03-09,281.53
1932-03-10,241.12
1932-03-11,122.74
1932-03-12,182.11
1932-03-13,162.41
1932-03-14,164.44
1932-03-15,162.41
1932-03-16,169.53
1932-03-17,145.53
1932-03-18,143.50
1932-03-19,128.78
1932-03-20,124.76
1932-03-21,95.96
1932-03-22,118.45
1932-03-23,104.18
1932-03-24,106.18
1932-03-25,100.18
1932-03-26,78.65
1932-03-27,87.77
1932-03-28,85.79
1932-03-29,89.98
1932-03-30,108.17
1932-03-31,131.08
1932-04-01,195.15
1932-04-02,351.08
1932-04-03,558.41
1932-04-04,583.37
1932-04-05,621.40
1932-04-06,565.94
1932-04-07,470.12
1932-04-08,681.36
1932-04-09,720.84
1932-04-10,700.41
1932-04-11,660.98
1932-04-12,641.73
1932-04-13,743.51
1932-04-14,789.88
1932-04-15,708.41
1932-04-16,641.73
1932-04-17,504.95
1932-04-18,477.39
1932-04-19,442.79
1932-04-20,426.00
1932-04-21,398.24
1932-04-22,315.60
1932-04-23,293.54
1932-04-24,277.87
1932-04-25,260.74
1932-04-26,212.99
1932-04-27,221.65
1932-04-28,182.11
1932-04-29,182.11
1932-04-30,187.60
1932-05-01,182.11
1932-05-02,187.60
1932-05-03,187.60
1932-05-04,164.44
1932-05-05,166.48
1932-05-06,164.44
1932-05-07,145.53
1932-05-08,135.12
1932-05-09,137.13
1932-05-10,151.92
1932-05-11,274.75
1932-05-12,251.95
1932-05-13,265.92
1932-05-14,227.25
1932-05-15,195.15
1932-05-16,187.60
1932-05-17,155.98
1932-05-18,182.11
1932-05-19,164.44
1932-05-20,114.44
1932-05-21,95.96
1932-05-22,118.45
1932-05-23,118.45
1932-05-24,95.96
1932-05-25,116.45
1932-05-26,128.78
1932-05-27,114.44
1932-05-28,104.18
1932-05-29,104.18
1932-05-30,133.10
1932-05-31,122.74
1932-06-01,118.45
1932-06-02,110.43
1932-06-03,87.77
1932-06-04,95.96
1932-06-05,133.10
1932-06-06,137.13
1932-06-07,114.44
1932-06-08,104.18
1932-06-09,91.97
1932-06-10,95.96
1932-06-11,100.18
1932-06-12,108.17
1932-06-13,122.74
1932-06-14,95.96
1932-06-15,122.74
1932-06-16,87.77
1932-06-17,93.96
1932-06-18,95.96
1932-06-19,100.18
1932-06-20,87.77
1932-06-21,54.67
1932-06-22,67.60
1932-06-23,52.72
1932-06-24,58.59
1932-06-25,47.69
1932-06-26,49.79
1932-06-27,51.74
1932-06-28,51.74
1932-06-29,51.74
1932-06-30,58.59
1932-07-01,58.59
1932-07-02,87.77
1932-07-03,58.59
1932-07-04,87.77
1932-07-05,65.63
1932-07-06,61.70
1932-07-07,97.95
1932-07-08,65.63
1932-07-09,58.59
1932-07-10,21.42
1932-07-11,47.69
1932-07-12,47.69
1932-07-13,61.70
1932-07-14,118.45
1932-07-15,100.18
1932-07-16,85.79
1932-07-17,52.72
1932-07-18,185.56
1932-07-19,67.60
1932-07-20,108.17
1932-07-21,58.59
1932-07-22,74.69
1932-07-23,60.72
1932-07-24,70.74
1932-07-25,69.76
1932-07-26,61.70
1932-07-27,58.59
1932-07-28,70.74
1932-07-29,81.82
1932-07-30,65.63
1932-07-31,58.59
1932-08-01,58.59
1932-08-02,51.74
1932-08-03,54.67
1932-08-04,70.74
1932-08-05,70.74
1932-08-06,63.67
1932-08-07,60.72
1932-08-08,39.92
1932-08-09,47.69
1932-08-10,41.86
1932-08-11,30.14
1932-08-12,36.88
1932-08-13,18.47
1932-08-14,49.79
1932-08-15,60.72
1932-08-16,30.14
1932-08-17,36.88
1932-08-18,30.14
1932-08-19,30.14
1932-08-20,30.14
1932-08-21,21.42
1932-08-22,10.00
1932-08-23,21.42
1932-08-24,15.64
1932-08-25,21.42
1932-08-26,21.42
1932-08-27,23.33
1932-08-28,23.33
1932-08-29,18.47
1932-08-30,10.00
1932-08-31,10.00
1932-09-01,21.42
1932-09-02,10.00
1932-09-03,18.47
1932-09-04,32.06
1932-09-05,21.42
1932-09-06,18.47
1932-09-07,21.42
1932-09-08,34.95
1932-09-09,21.42
1932-09-10,27.15
1932-09-11,30.14
1932-09-12,21.42
1932-09-13,18.47
1932-09-14,34.95
1932-09-15,10.00
1932-09-16,23.33
1932-09-17,20.47
1932-09-18,27.15
1932-09-19,87.77
1932-09-20,78.65
1932-09-21,91.97
1932-09-22,54.67
1932-09-23,32.06
1932-09-24,78.65
1932-09-25,122.74
1932-09-26,207.86
1932-09-27,182.11
1932-09-28,177.02
1932-09-29,87.77
1932-09-30,58.59
1932-10-01,70.74
1932-10-02,70.74
1932-10-03,70.74
1932-10-04,61.70
1932-10-05,78.65
1932-10-06,78.65
1932-10-07,58.59
1932-10-08,54.67
1932-10-09,58.59
1932-10-10,54.67
1932-10-11,78.65
1932-10-12,143.50
1932-10-13,232.40
1932-10-14,195.15
1932-10-15,716.42
1932-10-16,858.27
1932-10-17,711.73
1932-10-18,558.41
1932-10-19,426.00
1932-10-20,328.79
1932-10-21,325.64
1932-10-22,495.24
1932-10-23,374.58
1932-10-24,274.75
1932-10-25,426.00
1932-10-26,484.69
1932-10-27,868.96
1932-10-28,1071.60
1932-10-29,1082.64
1932-10-30,1017.63
1932-10-31,1099.17
1932-11-01,1269.28
1932-11-02,1242.84
1932-11-03,1060.56
1932-11-04,927.77
1932-11-05,848.68
1932-11-06,660.98
1932-11-07,515.55
1932-11-08,460.46
1932-11-09,418.85
1932-11-10,334.04
1932-11-11,274.75
1932-11-12,260.74
1932-11-13,207.86
1932-11-14,209.91
1932-11-15,171.56
1932-11-16,171.56
1932-11-17,151.92
1932-11-18,162.41
1932-11-19,147.55
1932-11-20,133.10
1932-11-21,137.13
1932-11-22,145.53
1932-11-23,166.48
1932-11-24,192.71
1932-11-25,235.50
1932-11-26,550.90
1932-11-27,522.94
1932-11-28,512.31
1932-11-29,555.12
1932-11-30,495.24
1932-12-01,477.39
1932-12-02,360.17
1932-12-03,348.98
1932-12-04,331.94
1932-12-05,351.08
1932-12-06,318.75
1932-12-07,260.74
1932-12-08,246.29
1932-12-09,230.34
1932-12-10,230.34
1932-12-11,216.51
1932-12-12,200.27
1932-12-13,164.44
1932-12-14,164.44
1932-12-15,164.44
1932-12-16,155.98
1932-12-17,171.56
1932-12-18,164.44
1932-12-19,145.53
1932-12-20,143.50
1932-12-21,122.74
1932-12-22,133.10
1932-12-23,112.44
1932-12-24,116.45
1932-12-25,114.44
1932-12-26,116.45
1932-12-27,143.50
1932-12-28,171.56
1932-12-29,143.50
1932-12-30,122.74
1932-12-31,112.44
1933-01-01,126.11
1933-01-02,116.33
1933-01-03,116.33
1933-01-04,120.24
1933-01-05,145.71
1933-01-06,167.32
1933-01-07,167.32
1933-01-08,153.57
1933-01-09,151.60
1933-01-10,348.09
1933-01-11,286.70
1933-01-12,254.07
1933-01-13,228.40
1933-01-14,228.40
1933-01-15,207.69
1933-01-16,197.83
1933-01-17,149.64
1933-01-18,151.60
1933-01-19,114.38
1933-01-20,122.20
1933-01-21,104.61
1933-01-22,106.56
1933-01-23,90.97
1933-01-24,110.47
1933-01-25,172.24
1933-01-26,112.42
1933-01-27,98.76
1933-01-28,133.95
1933-01-29,124.16
1933-01-30,104.61
1933-01-31,77.36
1933-02-01,120.24
1933-02-02,151.60
1933-02-03,280.77
1933-02-04,371.88
1933-02-05,383.77
1933-02-06,318.37
1933-02-07,380.80
1933-02-08,422.46
1933-02-09,407.58
1933-02-10,407.58
1933-02-11,407.58
1933-02-12,392.70
1933-02-13,357.01
1933-02-14,327.28
1933-02-15,310.45
1933-02-16,278.79
1933-02-17,267.91
1933-02-18,220.51
1933-02-19,190.94
1933-02-20,202.76
1933-02-21,190.94
1933-02-22,143.75
1933-02-23,164.37
1933-02-24,199.80
1933-02-25,143.75
1933-02-26,112.42
1933-02-27,135.91
1933-02-28,139.83
1933-03-01,135.91
1933-03-02,139.83
1933-03-03,187.98
1933-03-04,455.22
1933-03-05,476.07
1933-03-06,404.60
1933-03-07,327.28
1933-03-08,332.24
1933-03-09,275.82
1933-03-10,267.91
1933-03-11,259.02
1933-03-12,210.64
1933-03-13,215.57
1933-03-14,159.46
1933-03-15,177.16
1933-03-16,162.41
1933-03-17,133.95
1933-03-18,153.57
1933-03-19,174.20
1933-03-20,220.51
1933-03-21,267.91
1933-03-22,233.34
1933-03-23,241.23
1933-03-24,155.53
1933-03-25,184.04
1933-03-26,149.64
1933-03-27,162.41
1933-03-28,149.64
1933-03-29,139.83
1933-03-30,139.83
1933-03-31,106.56
1933-04-01,122.20
1933-04-02,114.38
1933-04-03,122.20
1933-04-04,122.20
1933-04-05,96.81
1933-04-06,100.71
1933-04-07,100.71
1933-04-08,96.81
1933-04-09,94.86
1933-04-10,87.08
1933-04-11,72.52
1933-04-12,87.08
1933-04-13,81.25
1933-04-14,87.08
1933-04-15,70.58
1933-04-16,72.52
1933-04-17,67.68
1933-04-18,59.95
1933-04-19,67.68
1933-04-20,51.28
1933-04-21,63.81
1933-04-22,59.95
1933-04-23,37.86
1933-04-24,51.28
1933-04-25,57.05
1933-04-26,59.95
1933-04-27,55.13
1933-04-28,63.81
1933-04-29,51.28
1933-04-30,55.13
1933-05-01,34.05
1933-05-02,55.13
1933-05-03,59.95
1933-05-04,68.64
1933-05-05,83.19
1933-05-06,98.76
1933-05-07,100.71
1933-05-08,110.47
1933-05-09,116.33
1933-05-10,122.20
1933-05-11,122.20
1933-05-12,223.47
1933-05-13,259.02
1933-05-14,223.47
1933-05-15,295.60
1933-05-16,295.60
1933-05-17,280.77
1933-05-18,238.27
1933-05-19,215.57
1933-05-20,162.41
1933-05-21,167.32
1933-05-22,135.91
1933-05-23,130.03
1933-05-24,116.33
1933-05-25,68.64
1933-05-26,108.52
1933-05-27,139.83
1933-05-28,135.91
1933-05-29,104.61
1933-05-30,98.76
1933-05-31,90.97
1933-06-01,81.25
1933-06-02,83.19
1933-06-03,81.25
1933-06-04,74.45
1933-06-05,65.74
1933-06-06,51.28
1933-06-07,61.88
1933-06-08,44.56
1933-06-09,51.28
1933-06-10,48.40
1933-06-11,65.74
1933-06-12,87.08
1933-06-13,190.94
1933-06-14,130.03
1933-06-15,87.08
1933-06-16,68.64
1933-06-17,59.95
1933-06-18,63.81
1933-06-19,81.25
1933-06-20,106.56
1933-06-21,116.33
1933-06-22,96.81
1933-06-23,77.36
1933-06-24,68.64
1933-06-25,81.25
1933-06-26,167.32
1933-06-27,110.47
1933-06-28,100.71
1933-06-29,90.97
1933-06-30,68.64
1933-07-01,42.64
1933-07-02,37.86
1933-07-03,68.64
1933-07-04,70.58
1933-07-05,68.64
1933-07-06,59.95
1933-07-07,51.28
1933-07-08,38.82
1933-07-09,51.28
1933-07-10,51.28
1933-07-11,40.73
1933-07-12,42.64
1933-07-13,40.73
1933-07-14,38.82
1933-07-15,37.86
1933-07-16,33.10
1933-07-17,28.35
1933-07-18,26.46
1933-07-19,34.05
1933-07-20,28.35
1933-07-21,38.82
1933-07-22,51.28
1933-07-23,42.64
1933-07-24,26.46
1933-07-25,22.68
1933-07-26,17.04
1933-07-27,17.04
1933-07-28,17.04
1933-07-29,12.37
1933-07-30,12.37
1933-07-31,22.68
1933-08-01,22.68
1933-08-02,12.37
1933-08-03,17.04
1933-08-04,17.04
1933-08-05,10.00
1933-08-06,23.62
1933-08-07,12.37
1933-08-08,34.05
1933-08-09,10.00
1933-08-10,10.00
1933-08-11,10.00
1933-08-12,10.00
1933-08-13,10.00
1933-08-14,10.00
1933-08-15,10.00
1933-08-16,10.00
1933-08-17,10.00
1933-08-18,10.00
1933-08-19,10.00
1933-08-20,12.37
1933-08-21,59.95
1933-08-22,19.85
1933-08-23,19.85
1933-08-24,26.46
1933-08-25,19.85
1933-08-26,10.00
1933-08-27,10.00
1933-08-28,10.00
1933-08-29,10.00
1933-08-30,10.00
1933-08-31,10.00
1933-09-01,10.00
1933-09-02,10.00
1933-09-03,10.00
1933-09-04,10.00
1933-09-05,10.00
1933-09-06,10.00
1933-09-07,10.00
1933-09-08,10.00
1933-09-09,10.00
1933-09-10,10.00
1933-09-11,10.00
1933-09-12,10.00
1933-09-13,10.00
1933-09-14,10.00
1933-09-15,10.00
1933-09-16,10.00
1933-09-17,10.00
1933-09-18,10.00
1933-09-19,10.00
1933-09-20,10.00
1933-09-21,10.00
1933-09-22,10.00
1933-09-23,10.00
1933-09-24,10.00
1933-09-25,10.00
1933-09-26,11.43
1933-09-27,10.00
1933-09-28,10.00
1933-09-29,10.00
1933-09-30,10.00
1933-10-01,10.00
1933-10-02,10.00
1933-10-03,10.00
1933-10-04,10.00
1933-10-05,10.00
1933-10-06,10.00
1933-10-07,10.00
1933-10-08,10.00
1933-10-09,10.00
1933-10-10,10.00
1933-10-11,10.00
1933-10-12,10.00
1933-10-13,10.00
1933-10-14,10.00
1933-10-15,10.00
1933-10-16,10.00
1933-10-17,10.00
1933-10-18,10.00
1933-10-19,10.00
1933-10-20,10.00
1933-10-21,10.00
1933-10-22,10.00
1933-10-23,10.00
1933-10-24,10.00
1933-10-25,10.00
1933-10-26,10.00
1933-10-27,15.16
1933-10-28,76.39
1933-10-29,51.28
1933-10-30,59.95
1933-10-31,22.68
1933-11-01,57.05
1933-11-02,90.97
1933-11-03,106.56
1933-11-04,104.61
1933-11-05,126.11
1933-11-06,68.64
1933-11-07,76.39
1933-11-08,104.61
1933-11-09,89.02
1933-11-10,85.13
1933-11-11,40.73
1933-11-12,51.28
1933-11-13,37.86
1933-11-14,53.20
1933-11-15,55.13
1933-11-16,46.48
1933-11-17,35.96
1933-11-18,50.32
1933-11-19,81.25
1933-11-20,42.64
1933-11-21,50.32
1933-11-22,46.48
1933-11-23,35.96
1933-11-24,68.64
1933-11-25,89.02
1933-11-26,50.32
1933-11-27,74.45
1933-11-28,63.81
1933-11-29,28.35
1933-11-30,72.52
1933-12-01,48.40
1933-12-02,50.32
1933-12-03,37.86
1933-12-04,33.10
1933-12-05,48.40
1933-12-06,29.30
1933-12-07,90.97
1933-12-08,141.79
1933-12-09,94.86
1933-12-10,46.48
1933-12-11,34.05
1933-12-12,10.00
1933-12-13,33.10
1933-12-14,25.51
1933-12-15,22.68
1933-12-16,34.05
1933-12-17,22.68
1933-12-18,20.79
1933-12-19,20.79
1933-12-20,20.79
1933-12-21,37.86
1933-12-22,46.48
1933-12-23,40.73
1933-12-24,35.96
1933-12-25,34.05
1933-12-26,23.62
1933-12-27,34.05
1933-12-28,23.62
1933-12-29,20.79
1933-12-30,17.97
1933-12-31,11.43
1934-01-01,10.00
1934-01-02,10.00
1934-01-03,10.00
1934-01-04,10.00
1934-01-05,10.00
1934-01-06,26.46
1934-01-07,10.00
1934-01-08,22.68
1934-01-09,10.00
1934-01-10,10.00
1934-01-11,10.00
1934-01-12,10.00
1934-01-13,68.64
1934-01-14,280.77
1934-01-15,264.95
1934-01-16,351.06
1934-01-17,280.77
1934-01-18,338.18
1934-01-19,461.18
1934-01-20,476.07
1934-01-21,440.33
1934-01-22,374.85
1934-01-23,238.27
1934-01-24,267.91
1934-01-25,264.95
1934-01-26,238.27
1934-01-27,225.44
1934-01-28,157.49
1934-01-29,190.94
1934-01-30,190.94
1934-01-31,186.01
1934-02-01,199.80
1934-02-02,194.88
1934-02-03,184.04
1934-02-04,118.29
1934-02-05,116.33
1934-02-06,114.38
1934-02-07,116.33
1934-02-08,100.71
1934-02-09,94.86
1934-02-10,118.29
1934-02-11,108.52
1934-02-12,90.97
1934-02-13,74.45
1934-02-14,72.52
1934-02-15,85.13
1934-02-16,85.13
1934-02-17,85.13
1934-02-18,77.36
1934-02-19,81.25
1934-02-20,76.39
1934-02-21,85.13
1934-02-22,74.45
1934-02-23,79.30
1934-02-24,76.39
1934-02-25,74.45
1934-02-26,65.74
1934-02-27,65.74
1934-02-28,74.45
1934-03-01,68.64
1934-03-02,74.45
1934-03-03,72.52
1934-03-04,68.64
1934-03-05,67.68
1934-03-06,68.64
1934-03-07,85.13
1934-03-08,133.95
1934-03-09,179.12
1934-03-10,164.37
1934-03-11,167.32
1934-03-12,246.17
1934-03-13,267.91
1934-03-14,315.40
1934-03-15,301.54
1934-03-16,362.95
1934-03-17,357.01
1934-03-18,404.60
1934-03-19,494.00
1934-03-20,479.05
1934-03-21,479.05
1934-03-22,470.11
1934-03-23,428.42
1934-03-24,345.11
1934-03-25,327.28
1934-03-26,298.57
1934-03-27,246.17
1934-03-28,244.20
1934-03-29,212.62
1934-03-30,187.98
1934-03-31,143.75
1934-04-01,155.53
1934-04-02,145.71
1934-04-03,135.91
1934-04-04,94.86
1934-04-05,128.07
1934-04-06,112.42
1934-04-07,106.56
1934-04-08,92.91
1934-04-09,92.91
1934-04-10,90.97
1934-04-11,100.71
1934-04-12,81.25
1934-04-13,70.58
1934-04-14,72.52
1934-04-15,63.81
1934-04-16,63.81
1934-04-17,57.05
1934-04-18,74.45
1934-04-19,315.40
1934-04-20,90.97
1934-04-21,87.08
1934-04-22,74.45
1934-04-23,85.13
1934-04-24,145.71
1934-04-25,139.83
1934-04-26,207.69
1934-04-27,108.52
1934-04-28,149.64
1934-04-29,145.71
1934-04-30,143.75
1934-05-01,104.61
1934-05-02,89.02
1934-05-03,120.24
1934-05-04,122.20
1934-05-05,108.52
1934-05-06,145.71
1934-05-07,137.87
1934-05-08,118.29
1934-05-09,76.39
1934-05-10,104.61
1934-05-11,102.66
1934-05-12,92.91
1934-05-13,128.07
1934-05-14,74.45
1934-05-15,55.13
1934-05-16,55.13
1934-05-17,57.05
1934-05-18,55.13
1934-05-19,10.00
1934-05-20,34.05
1934-05-21,34.05
1934-05-22,23.62
1934-05-23,10.00
1934-05-24,59.95
1934-05-25,37.86
1934-05-26,40.73
1934-05-27,37.86
1934-05-28,37.86
1934-05-29,35.96
1934-05-30,35.96
1934-05-31,10.00
1934-06-01,31.20
1934-06-02,10.00
1934-06-03,26.46
1934-06-04,44.56
1934-06-05,25.51
1934-06-06,17.04
1934-06-07,31.20
1934-06-08,35.96
1934-06-09,42.64
1934-06-10,33.10
1934-06-11,34.05
1934-06-12,10.00
1934-06-13,22.68
1934-06-14,10.00
1934-06-15,10.00
1934-06-16,10.00
1934-06-17,10.00
1934-06-18,10.00
1934-06-19,10.00
1934-06-20,10.00
1934-06-21,10.00
1934-06-22,10.00
1934-06-23,10.00
1934-06-24,10.00
1934-06-25,34.05
1934-06-26,10.00
1934-06-27,10.00
1934-06-28,10.00
1934-06-29,10.00
1934-06-30,10.00
1934-07-01,10.00
1934-07-02,10.00
1934-07-03,10.00
1934-07-04,10.00
1934-07-05,10.00
1934-07-06,10.00
1934-07-07,10.00
1934-07-08,10.00
1934-07-09,10.00
1934-07-10,10.00
1934-07-11,10.00
1934-07-12,10.00
1934-07-13,10.00
1934-07-14,10.00
1934-07-15,10.00
1934-07-16,10.00
1934-07-17,10.00
1934-07-18,10.00
1934-07-19,10.00
1934-07-20,10.00
1934-07-21,10.00
1934-07-22,10.00
1934-07-23,10.00
1934-07-24,10.00
1934-07-25,10.00
1934-07-26,10.00
1934-07-27,10.00
1934-07-28,10.00
1934-07-29,10.00
1934-07-30,10.00
1934-07-31,10.00
1934-08-01,10.00
1934-08-02,10.00
1934-08-03,10.00
1934-08-04,10.00
1934-08-05,10.00
1934-08-06,10.00
1934-08-07,10.00
1934-08-08,10.00
1934-08-09,10.00
1934-08-10,10.00
1934-08-11,10.00
1934-08-12,10.00
1934-08-13,10.00
1934-08-14,10.00
1934-08-15,10.00
1934-08-16,10.00
1934-08-17,10.00
1934-08-18,10.00
1934-08-19,10.00
1934-08-20,10.00
1934-08-21,10.00
1934-08-22,10.00
1934-08-23,10.00
1934-08-24,10.00
1934-08-25,10.00
1934-08-26,10.00
1934-08-27,10.00
1934-08-28,10.00
1934-08-29,10.00
1934-08-30,10.00
1934-08-31,10.00
1934-09-01,10.00
1934-09-02,10.00
1934-09-03,10.00
1934-09-04,10.00
1934-09-05,10.00
1934-09-06,10.00
1934-09-07,10.00
1934-09-08,10.00
1934-09-09,10.00
1934-09-10,10.00
1934-09-11,10.00
1934-09-12,10.00
1934-09-13,10.00
1934-09-14,10.00
1934-09-15,10.00
1934-09-16,10.00
1934-09-17,10.00
1934-09-18,10.00
1934-09-19,10.00
1934-09-20,10.00
1934-09-21,10.00
1934-09-22,10.00
1934-09-23,10.00
1934-09-24,10.00
1934-09-25,10.00
1934-09-26,10.00
1934-09-27,10.00
1934-09-28,10.00
1934-09-29,10.00
1934-09-30,10.00
1934-10-01,10.00
1934-10-02,10.00
1934-10-03,10.00
1934-10-04,10.00
1934-10-05,10.00
1934-10-06,10.00
1934-10-07,10.00
1934-10-08,10.00
1934-10-09,10.00
1934-10-10,10.00
1934-10-11,10.00
1934-10-12,10.00
1934-10-13,10.00
1934-10-14,10.00
1934-10-15,10.00
1934-10-16,10.00
1934-10-17,10.00
1934-10-18,10.00
1934-10-19,10.00
1934-10-20,10.00
1934-10-21,10.00
1934-10-22,10.00
1934-10-23,10.00
1934-10-24,10.00
1934-10-25,10.00
1934-10-26,10.00
1934-10-27,10.00
1934-10-28,10.00
1934-10-29,10.00
1934-10-30,10.00
1934-10-31,10.00
1934-11-01,50.32
1934-11-02,110.47
1934-11-03,19.85
1934-11-04,38.82
1934-11-05,59.95
1934-11-06,42.64
1934-11-07,50.32
1934-11-08,76.39
1934-11-09,37.86
1934-11-10,26.46
1934-11-11,42.64
1934-11-12,58.98
1934-11-13,77.36
1934-11-14,87.08
1934-11-15,68.64
1934-11-16,85.13
1934-11-17,92.91
1934-11-18,83.19
1934-11-19,85.13
1934-11-20,58.98
1934-11-21,55.13
1934-11-22,48.40
1934-11-23,15.16
1934-11-24,22.68
1934-11-25,17.04
1934-11-26,28.35
1934-11-27,29.30
1934-11-28,12.37
1934-11-29,12.37
1934-11-30,11.43
1934-12-01,14.23
1934-12-02,10.00
1934-12-03,22.68
1934-12-04,29.30
1934-12-05,85.13
1934-12-06,104.61
1934-12-07,133.95
1934-12-08,187.98
1934-12-09,167.32
1934-12-10,151.60
1934-12-11,371.88
1934-12-12,512.00
1934-12-13,443.31
1934-12-14,315.40
1934-12-15,254.07
1934-12-16,307.48
1934-12-17,307.48
1934-12-18,280.77
1934-12-19,304.51
1934-12-20,368.90
1934-12-21,407.58
1934-12-22,559.00
1934-12-23,573.00
1934-12-24,434.37
1934-12-25,320.35
1934-12-26,292.64
1934-12-27,320.35
1934-12-28,458.20
1934-12-29,443.31
1934-12-30,440.33
1934-12-31,357.01
1935-01-01,428.42
1935-01-02,651.00
1935-01-03,667.00
1935-01-04,591.00
1935-01-05,612.00
1935-01-06,797.00
1935-01-07,802.00
1935-01-08,647.00
1935-01-09,559.00
1935-01-10,470.11
1935-01-11,392.70
1935-01-12,318.37
1935-01-13,289.67
1935-01-14,270.88
1935-01-15,228.40
1935-01-16,278.79
1935-01-17,267.91
1935-01-18,292.64
1935-01-19,286.70
1935-01-20,233.34
1935-01-21,233.34
1935-01-22,231.36
1935-01-23,241.23
1935-01-24,231.36
1935-01-25,218.53
1935-01-26,325.30
1935-01-27,470.11
1935-01-28,425.44
1935-01-29,348.09
1935-01-30,280.77
1935-01-31,254.07
1935-02-01,272.85
1935-02-02,395.68
1935-02-03,655.00
1935-02-04,667.00
1935-02-05,1002.00
1935-02-06,897.00
1935-02-07,750.00
1935-02-08,636.00
1935-02-09,515.00
1935-02-10,410.56
1935-02-11,380.80
1935-02-12,401.63
1935-02-13,365.93
1935-02-14,437.35
1935-02-15,683.00
1935-02-16,563.00
1935-02-17,882.00
1935-02-18,817.00
1935-02-19,708.00
1935-02-20,626.00
1935-02-21,566.00
1935-02-22,573.00
1935-02-23,636.00
1935-02-24,772.00
1935-02-25,750.00
1935-02-26,952.00
1935-02-27,897.00
1935-02-28,750.00
1935-03-01,712.00
1935-03-02,746.00
1935-03-03,742.00
1935-03-04,659.00
1935-03-05,594.00
1935-03-06,533.00
1935-03-07,482.03
1935-03-08,437.35
1935-03-09,359.98
1935-03-10,354.03
1935-03-11,295.60
1935-03-12,286.70
1935-03-13,304.51
1935-03-14,238.27
1935-03-15,218.53
1935-03-16,215.57
1935-03-17,190.94
1935-03-18,179.12
1935-03-19,179.12
1935-03-20,167.32
1935-03-21,157.49
1935-03-22,151.60
1935-03-23,122.20
1935-03-24,141.79
1935-03-25,174.20
1935-03-26,199.80
1935-03-27,177.16
1935-03-28,155.53
1935-03-29,143.75
1935-03-30,143.75
1935-03-31,139.83
1935-04-01,120.24
1935-04-02,143.75
1935-04-03,186.01
1935-04-04,145.71
1935-04-05,157.49
1935-04-06,241.23
1935-04-07,335.21
1935-04-08,527.00
1935-04-09,577.00
1935-04-10,663.00
1935-04-11,591.00
1935-04-12,485.01
1935-04-13,512.00
1935-04-14,485.01
1935-04-15,488.00
1935-04-16,476.07
1935-04-17,518.00
1935-04-18,667.00
1935-04-19,629.00
1935-04-20,559.00
1935-04-21,494.00
1935-04-22,377.82
1935-04-23,371.88
1935-04-24,354.03
1935-04-25,357.01
1935-04-26,437.35
1935-04-27,431.40
1935-04-28,377.82
1935-04-29,315.40
1935-04-30,301.54
1935-05-01,289.67
1935-05-02,241.23
1935-05-03,254.07
1935-05-04,231.36
1935-05-05,179.12
1935-05-06,177.16
1935-05-07,167.32
1935-05-08,162.41
1935-05-09,96.81
1935-05-10,147.68
1935-05-11,124.16
1935-05-12,116.33
1935-05-13,98.76
1935-05-14,106.56
1935-05-15,104.61
1935-05-16,100.71
1935-05-17,108.52
1935-05-18,79.30
1935-05-19,83.19
1935-05-20,83.19
1935-05-21,83.19
1935-05-22,79.30
1935-05-23,79.30
1935-05-24,89.02
1935-05-25,79.30
1935-05-26,72.52
1935-05-27,116.33
1935-05-28,104.61
1935-05-29,190.94
1935-05-30,190.94
1935-05-31,145.71
1935-06-01,215.57
1935-06-02,126.11
1935-06-03,118.29
1935-06-04,94.86
1935-06-05,94.86
1935-06-06,102.66
1935-06-07,143.75
1935-06-08,94.86
1935-06-09,114.38
1935-06-10,98.76
1935-06-11,94.86
1935-06-12,126.11
1935-06-13,116.33
1935-06-14,94.86
1935-06-15,94.86
1935-06-16,114.38
1935-06-17,131.99
1935-06-18,112.42
1935-06-19,184.04
1935-06-20,329.26
1935-06-21,248.15
1935-06-22,278.79
1935-06-23,186.01
1935-06-24,177.16
1935-06-25,135.91
1935-06-26,114.38
1935-06-27,94.86
1935-06-28,94.86
1935-06-29,90.97
1935-06-30,34.05
1935-07-01,68.64
1935-07-02,63.81
1935-07-03,59.95
1935-07-04,50.32
1935-07-05,59.95
1935-07-06,31.20
1935-07-07,50.32
1935-07-08,37.86
1935-07-09,34.05
1935-07-10,28.35
1935-07-11,29.30
1935-07-12,34.05
1935-07-13,22.68
1935-07-14,23.62
1935-07-15,22.68
1935-07-16,22.68
1935-07-17,10.00
1935-07-18,10.00
1935-07-19,10.00
1935-07-20,26.46
1935-07-21,10.00
1935-07-22,12.37
1935-07-23,20.79
1935-07-24,15.16
1935-07-25,11.43
1935-07-26,10.00
1935-07-27,10.00
1935-07-28,10.00
1935-07-29,10.00
1935-07-30,10.00
1935-07-31,10.00
1935-08-01,10.00
1935-08-02,10.00
1935-08-03,10.00
1935-08-04,10.00
1935-08-05,10.00
1935-08-06,10.00
1935-08-07,10.00
1935-08-08,10.00
1935-08-09,10.00
1935-08-10,10.00
1935-08-11,10.00
1935-08-12,10.00
1935-08-13,10.00
1935-08-14,10.00
1935-08-15,10.00
1935-08-16,10.00
1935-08-17,10.00
1935-08-18,10.00
1935-08-19,10.00
1935-08-20,10.00
1935-08-21,10.00
1935-08-22,10.00
1935-08-23,10.00
1935-08-24,10.00
1935-08-25,10.00
1935-08-26,10.00
1935-08-27,10.00
1935-08-28,10.00
1935-08-29,10.00
1935-08-30,19.85
1935-08-31,10.00
1935-09-01,22.68
1935-09-02,10.00
1935-09-03,10.00
1935-09-04,10.00
1935-09-05,10.00
1935-09-06,10.00
1935-09-07,42.64
1935-09-08,10.00
1935-09-09,10.00
1935-09-10,12.37
1935-09-11,10.00
1935-09-12,10.00
1935-09-13,10.00
1935-09-14,10.00
1935-09-15,10.00
1935-09-16,10.00
1935-09-17,26.46
1935-09-18,12.37
1935-09-19,10.00
1935-09-20,19.85
1935-09-21,20.79
1935-09-22,22.68
1935-09-23,10.00
1935-09-24,15.16
1935-09-25,22.68
1935-09-26,22.68
1935-09-27,10.00
1935-09-28,10.00
1935-09-29,10.00
1935-09-30,10.00
1935-10-01,10.00
1935-10-02,10.00
1935-10-03,10.00
1935-10-04,10.00
1935-10-05,10.00
1935-10-06,10.00
1935-10-07,10.00
1935-10-08,10.00
1935-10-09,10.00
1935-10-10,10.00
1935-10-11,10.00
1935-10-12,20.79
1935-10-13,22.68
1935-10-14,22.68
1935-10-15,22.68
1935-10-16,10.00
1935-10-17,10.00
1935-10-18,10.00
1935-10-19,10.00
1935-10-20,10.00
1935-10-21,10.00
1935-10-22,19.85
1935-10-23,19.85
1935-10-24,12.37
1935-10-25,10.00
1935-10-26,10.00
1935-10-27,10.00
1935-10-28,114.38
1935-10-29,335.21
1935-10-30,354.03
1935-10-31,241.23
1935-11-01,184.04
1935-11-02,135.91
1935-11-03,87.08
1935-11-04,68.64
1935-11-05,85.13
1935-11-06,87.08
1935-11-07,96.81
1935-11-08,116.33
1935-11-09,106.56
1935-11-10,77.36
1935-11-11,77.36
1935-11-12,74.45
1935-11-13,63.81
1935-11-14,77.36
1935-11-15,108.52
1935-11-16,85.13
1935-11-17,98.76
1935-11-18,112.42
1935-11-19,130.03
1935-11-20,145.71
1935-11-21,172.24
1935-11-22,169.29
1935-11-23,145.71
1935-11-24,130.03
1935-11-25,110.47
1935-11-26,90.97
1935-11-27,90.97
1935-11-28,72.52
1935-11-29,100.71
1935-11-30,139.83
1935-12-01,215.57
1935-12-02,729.00
1935-12-03,832.00
1935-12-04,720.00
1935-12-05,581.00
1935-12-06,549.00
1935-12-07,458.20
1935-12-08,407.58
1935-12-09,476.07
1935-12-10,467.14
1935-12-11,443.31
1935-12-12,345.11
1935-12-13,332.24
1935-12-14,267.91
1935-12-15,238.27
1935-12-16,220.51
1935-12-17,212.62
1935-12-18,223.47
1935-12-19,267.91
1935-12-20,267.91
1935-12-21,228.40
1935-12-22,190.94
1935-12-23,192.91
1935-12-24,194.88
1935-12-25,187.98
1935-12-26,228.40
1935-12-27,407.58
1935-12-28,467.14
1935-12-29,437.35
1935-12-30,446.28
1935-12-31,494.00
1936-01-01,598.00
1936-01-02,598.00
1936-01-03,636.00
1936-01-04,832.00
1936-01-05,1127.00
1936-01-06,1047.00
1936-01-07,917.00
1936-01-08,822.00
1936-01-09,687.00
1936-01-10,667.00
1936-01-11,917.00
1936-01-12,1052.00
1936-01-13,972.00
1936-01-14,807.00
1936-01-15,703.00
1936-01-16,626.00
1936-01-17,569.00
1936-01-18,708.00
1936-01-19,807.00
1936-01-20,807.00
1936-01-21,822.00
1936-01-22,872.00
1936-01-23,807.00
1936-01-24,687.00
1936-01-25,598.00
1936-01-26,509.00
1936-01-27,497.00
1936-01-28,467.14
1936-01-29,452.24
1936-01-30,458.20
1936-01-31,470.11
1936-02-01,512.00
1936-02-02,636.00
1936-02-03,947.00
1936-02-04,937.00
1936-02-05,847.00
1936-02-06,724.00
1936-02-07,636.00
1936-02-08,533.00
1936-02-09,497.00
1936-02-10,446.28
1936-02-11,404.60
1936-02-12,338.18
1936-02-13,280.77
1936-02-14,270.88
1936-02-15,254.07
1936-02-16,241.23
1936-02-17,233.34
1936-02-18,241.23
1936-02-19,244.20
1936-02-20,267.91
1936-02-21,315.40
1936-02-22,298.57
1936-02-23,301.54
1936-02-24,315.40
1936-02-25,398.65
1936-02-26,359.98
1936-02-27,312.43
1936-02-28,286.70
1936-02-29,280.77
1936-03-01,267.91
1936-03-02,199.80
1936-03-03,238.27
1936-03-04,223.47
1936-03-05,215.57
1936-03-06,202.76
1936-03-07,190.94
1936-03-08,167.32
1936-03-09,162.41
1936-03-10,190.94
1936-03-11,187.98
1936-03-12,174.20
1936-03-13,155.53
1936-03-14,145.71
1936-03-15,83.19
1936-03-16,130.03
1936-03-17,131.99
1936-03-18,124.16
1936-03-19,116.33
1936-03-20,106.56
1936-03-21,92.91
1936-03-22,106.56
1936-03-23,100.71
1936-03-24,114.38
1936-03-25,92.91
1936-03-26,92.91
1936-03-27,92.91
1936-03-28,96.81
1936-03-29,94.86
1936-03-30,104.61
1936-03-31,96.81
1936-04-01,85.13
1936-04-02,83.19
1936-04-03,89.02
1936-04-04,116.33
1936-04-05,147.68
1936-04-06,362.95
1936-04-07,292.64
1936-04-08,278.79
1936-04-09,202.76
1936-04-10,177.16
1936-04-11,118.29
1936-04-12,141.79
1936-04-13,131.99
1936-04-14,128.07
1936-04-15,120.24
1936-04-16,108.52
1936-04-17,215.57
1936-04-18,184.04
1936-04-19,199.80
1936-04-20,199.80
1936-04-21,190.94
1936-04-22,202.76
1936-04-23,310.45
1936-04-24,325.30
1936-04-25,332.24
1936-04-26,278.79
1936-04-27,292.64
1936-04-28,473.09
1936-04-29,348.09
1936-04-30,325.30
1936-05-01,264.95
1936-05-02,218.53
1936-05-03,228.40
1936-05-04,179.12
1936-05-05,190.94
1936-05-06,172.24
1936-05-07,153.57
1936-05-08,151.60
1936-05-09,145.71
1936-05-10,116.33
1936-05-11,114.38
1936-05-12,116.33
1936-05-13,104.61
1936-05-14,116.33
1936-05-15,106.56
1936-05-16,87.08
1936-05-17,59.95
1936-05-18,79.30
1936-05-19,72.52
1936-05-20,70.58
1936-05-21,59.95
1936-05-22,51.28
1936-05-23,76.39
1936-05-24,61.88
1936-05-25,42.64
1936-05-26,51.28
1936-05-27,59.95
1936-05-28,42.64
1936-05-29,51.28
1936-05-30,38.82
1936-05-31,29.30
1936-06-01,22.68
1936-06-02,34.05
1936-06-03,33.10
1936-06-04,33.10
1936-06-05,59.95
1936-06-06,149.64
1936-06-07,106.56
1936-06-08,212.62
1936-06-09,106.56
1936-06-10,77.36
1936-06-11,98.76
1936-06-12,89.02
1936-06-13,53.20
1936-06-14,65.74
1936-06-15,70.58
1936-06-16,70.58
1936-06-17,68.64
1936-06-18,108.52
1936-06-19,29.30
1936-06-20,59.95
1936-06-21,51.28
1936-06-22,51.28
1936-06-23,77.36
1936-06-24,72.52
1936-06-25,51.28
1936-06-26,12.37
1936-06-27,17.04
1936-06-28,51.28
1936-06-29,26.46
1936-06-30,34.05
1936-07-01,12.37
1936-07-02,19.85
1936-07-03,37.86
1936-07-04,26.46
1936-07-05,10.00
1936-07-06,10.00
1936-07-07,31.20
1936-07-08,147.68
1936-07-09,90.97
1936-07-10,106.56
1936-07-11,72.52
1936-07-12,63.81
1936-07-13,42.64
1936-07-14,48.40
1936-07-15,55.13
1936-07-16,202.76
1936-07-17,194.88
1936-07-18,128.07
1936-07-19,174.20
1936-07-20,153.57
1936-07-21,135.91
1936-07-22,120.24
1936-07-23,100.71
1936-07-24,106.56
1936-07-25,38.82
1936-07-26,77.36
1936-07-27,83.19
1936-07-28,67.68
1936-07-29,34.05
1936-07-30,87.08
1936-07-31,110.47
1936-08-01,83.19
1936-08-02,102.66
1936-08-03,172.24
1936-08-04,137.87
1936-08-05,220.51
1936-08-06,135.91
1936-08-07,126.11
1936-08-08,135.91
1936-08-09,155.53
1936-08-10,145.71
1936-08-11,141.79
1936-08-12,130.03
1936-08-13,106.56
1936-08-14,116.33
1936-08-15,106.56
1936-08-16,116.33
1936-08-17,87.08
1936-08-18,96.81
1936-08-19,98.76
1936-08-20,96.81
1936-08-21,94.86
1936-08-22,106.56
1936-08-23,116.33
1936-08-24,106.56
1936-08-25,108.52
1936-08-26,100.71
1936-08-27,51.28
1936-08-28,59.95
1936-08-29,51.28
1936-08-30,42.64
1936-08-31,38.82
1936-09-01,51.28
1936-09-02,42.64
1936-09-03,29.30
1936-09-04,40.73
1936-09-05,34.05
1936-09-06,44.56
1936-09-07,51.28
1936-09-08,42.64
1936-09-09,63.81
1936-09-10,67.68
1936-09-11,61.88
1936-09-12,55.13
1936-09-13,34.05
1936-09-14,51.28
1936-09-15,48.40
1936-09-16,48.40
1936-09-17,59.95
1936-09-18,81.25
1936-09-19,51.28
1936-09-20,51.28
1936-09-21,59.95
1936-09-22,63.81
1936-09-23,63.81
1936-09-24,63.81
1936-09-25,68.64
1936-09-26,59.95
1936-09-27,167.32
1936-09-28,126.11
1936-09-29,145.71
1936-09-30,102.66
1936-10-01,106.56
1936-10-02,87.08
1936-10-03,81.25
1936-10-04,110.47
1936-10-05,77.36
1936-10-06,68.64
1936-10-07,34.05
1936-10-08,65.74
1936-10-09,42.64
1936-10-10,23.62
1936-10-11,48.40
1936-10-12,37.86
1936-10-13,31.20
1936-10-14,26.46
1936-10-15,23.62
1936-10-16,17.04
1936-10-17,34.05
1936-10-18,26.46
1936-10-19,26.46
1936-10-20,37.86
1936-10-21,139.83
1936-10-22,145.71
1936-10-23,106.56
1936-10-24,108.52
1936-10-25,100.71
1936-10-26,89.02
1936-10-27,120.24
1936-10-28,322.33
1936-10-29,545.00
1936-10-30,437.35
1936-10-31,345.11
1936-11-01,254.07
1936-11-02,280.77
1936-11-03,286.70
1936-11-04,223.47
1936-11-05,254.07
1936-11-06,215.57
1936-11-07,215.57
1936-11-08,270.88
1936-11-09,320.35
1936-11-10,264.95
1936-11-11,354.03
1936-11-12,327.28
1936-11-13,437.35
1936-11-14,473.09
1936-11-15,491.00
1936-11-16,431.40
1936-11-17,413.53
1936-11-18,633.00
1936-11-19,729.00
1936-11-20,687.00
1936-11-21,594.00
1936-11-22,458.20
1936-11-23,398.65
1936-11-24,329.26
1936-11-25,322.33
1936-11-26,270.88
1936-11-27,218.53
1936-11-28,220.51
1936-11-29,202.76
1936-11-30,167.32
1936-12-01,194.88
1936-12-02,202.76
1936-12-03,241.23
1936-12-04,335.21
1936-12-05,340.16
1936-12-06,332.24
1936-12-07,354.03
1936-12-08,449.26
1936-12-09,392.70
1936-12-10,362.95
1936-12-11,320.35
1936-12-12,283.73
1936-12-13,272.85
1936-12-14,259.02
1936-12-15,251.11
1936-12-16,264.95
1936-12-17,295.60
1936-12-18,437.35
1936-12-19,404.60
1936-12-20,458.20
1936-12-21,407.58
1936-12-22,335.21
1936-12-23,315.40
1936-12-24,280.77
1936-12-25,264.95
1936-12-26,248.15
1936-12-27,215.57
1936-12-28,215.57
1936-12-29,179.12
1936-12-30,186.01
1936-12-31,187.98
1937-01-01,162.41
1937-01-02,153.57
1937-01-03,190.94
1937-01-04,267.91
1937-01-05,238.27
1937-01-06,264.95
1937-01-07,671.00
1937-01-08,1116.00
1937-01-09,997.00
1937-01-10,750.00
1937-01-11,609.00
1937-01-12,470.11
1937-01-13,413.53
1937-01-14,407.58
1937-01-15,639.00
1937-01-16,750.00
1937-01-17,667.00
1937-01-18,594.00
1937-01-19,559.00
1937-01-20,633.00
1937-01-21,671.00
1937-01-22,626.00
1937-01-23,577.00
1937-01-24,497.00
1937-01-25,458.20
1937-01-26,437.35
1937-01-27,675.00
1937-01-28,729.00
1937-01-29,629.00
1937-01-30,533.00
1937-01-31,488.00
1937-02-01,497.00
1937-02-02,449.26
1937-02-03,407.58
1937-02-04,392.70
1937-02-05,386.75
1937-02-06,437.35
1937-02-07,659.00
1937-02-08,708.00
1937-02-09,922.00
1937-02-10,1027.00
1937-02-11,1022.00
1937-02-12,942.00
1937-02-13,847.00
1937-02-14,759.00
1937-02-15,671.00
1937-02-16,655.00
1937-02-17,675.00
1937-02-18,842.00
1937-02-19,842.00
1937-02-20,1052.00
1937-02-21,1052.00
1937-02-22,1027.00
1937-02-23,1344.00
1937-02-24,1280.00
1937-02-25,1105.00
1937-02-26,997.00
1937-02-27,1052.00
1937-02-28,1127.00
1937-03-01,1211.00
1937-03-02,1175.00
1937-03-03,1067.00
1937-03-04,947.00
1937-03-05,832.00
1937-03-06,807.00
1937-03-07,787.00
1937-03-08,932.00
1937-03-09,897.00
1937-03-10,842.00
1937-03-11,737.00
1937-03-12,671.00
1937-03-13,643.00
1937-03-14,683.00
1937-03-15,763.00
1937-03-16,837.00
1937-03-17,792.00
1937-03-18,767.00
1937-03-19,772.00
1937-03-20,737.00
1937-03-21,683.00
1937-03-22,626.00
1937-03-23,663.00
1937-03-24,612.00
1937-03-25,536.00
1937-03-26,509.00
1937-03-27,671.00
1937-03-28,667.00
1937-03-29,609.00
1937-03-30,530.00
1937-03-31,476.07
1937-04-01,443.31
1937-04-02,422.46
1937-04-03,398.65
1937-04-04,389.72
1937-04-05,377.82
1937-04-06,329.26
1937-04-07,325.30
1937-04-08,304.51
1937-04-09,386.75
1937-04-10,392.70
1937-04-11,386.75
1937-04-12,452.24
1937-04-13,407.58
1937-04-14,401.63
1937-04-15,395.68
1937-04-16,392.70
1937-04-17,413.53
1937-04-18,847.00
1937-04-19,1067.00
1937-04-20,1022.00
1937-04-21,957.00
1937-04-22,1325.00
1937-04-23,1241.00
1937-04-24,1067.00
1937-04-25,912.00
1937-04-26,792.00
1937-04-27,667.00
1937-04-28,729.00
1937-04-29,623.00
1937-04-30,533.00
1937-05-01,467.14
1937-05-02,431.40
1937-05-03,374.85
1937-05-04,357.01
1937-05-05,443.31
1937-05-06,348.09
1937-05-07,315.40
1937-05-08,310.45
1937-05-09,327.28
1937-05-10,307.48
1937-05-11,320.35
1937-05-12,295.60
1937-05-13,267.91
1937-05-14,261.98
1937-05-15,261.98
1937-05-16,295.60
1937-05-17,329.26
1937-05-18,310.45
1937-05-19,377.82
1937-05-20,458.20
1937-05-21,437.35
1937-05-22,413.53
1937-05-23,371.88
1937-05-24,322.33
1937-05-25,286.70
1937-05-26,241.23
1937-05-27,220.51
1937-05-28,220.51
1937-05-29,220.51
1937-05-30,167.32
1937-05-31,133.95
1937-06-01,254.07
1937-06-02,202.76
1937-06-03,172.24
1937-06-04,143.75
1937-06-05,149.64
1937-06-06,126.11
1937-06-07,126.11
1937-06-08,159.46
1937-06-09,128.07
1937-06-10,130.03
1937-06-11,126.11
1937-06-12,90.97
1937-06-13,155.53
1937-06-14,145.71
1937-06-15,120.24
1937-06-16,110.47
1937-06-17,126.11
1937-06-18,114.38
1937-06-19,106.56
1937-06-20,106.56
1937-06-21,96.81
1937-06-22,106.56
1937-06-23,104.61
1937-06-24,94.86
1937-06-25,96.81
1937-06-26,94.86
1937-06-27,63.81
1937-06-28,68.64
1937-06-29,70.58
1937-06-30,77.36
1937-07-01,77.36
1937-07-02,77.36
1937-07-03,76.39
1937-07-04,76.39
1937-07-05,51.28
1937-07-06,63.81
1937-07-07,70.58
1937-07-08,72.52
1937-07-09,67.68
1937-07-10,63.81
1937-07-11,63.81
1937-07-12,68.64
1937-07-13,67.68
1937-07-14,55.13
1937-07-15,72.52
1937-07-16,59.95
1937-07-17,63.81
1937-07-18,90.97
1937-07-19,68.64
1937-07-20,81.25
1937-07-21,42.64
1937-07-22,59.95
1937-07-23,10.00
1937-07-24,42.64
1937-07-25,34.05
1937-07-26,33.10
1937-07-27,29.30
1937-07-28,22.68
1937-07-29,26.46
1937-07-30,34.05
1937-07-31,33.10
1937-08-01,33.10
1937-08-02,19.85
1937-08-03,10.00
1937-08-04,26.46
1937-08-05,29.30
1937-08-06,19.85
1937-08-07,17.97
1937-08-08,17.04
1937-08-09,10.00
1937-08-10,10.00
1937-08-11,19.85
1937-08-12,22.68
1937-08-13,10.00
1937-08-14,19.85
1937-08-15,26.46
1937-08-16,26.46
1937-08-17,26.46
1937-08-18,34.05
1937-08-19,51.28
1937-08-20,12.37
1937-08-21,26.46
1937-08-22,55.13
1937-08-23,68.64
1937-08-24,55.13
1937-08-25,26.46
1937-08-26,37.86
1937-08-27,37.86
1937-08-28,28.35
1937-08-29,26.46
1937-08-30,23.62
1937-08-31,25.51
1937-09-01,31.20
1937-09-02,23.62
1937-09-03,12.37
1937-09-04,17.04
1937-09-05,12.37
1937-09-06,10.00
1937-09-07,10.00
1937-09-08,10.00
1937-09-09,15.16
1937-09-10,17.04
1937-09-11,19.85
1937-09-12,12.37
1937-09-13,12.37
1937-09-14,10.00
1937-09-15,26.46
1937-09-16,40.73
1937-09-17,68.64
1937-09-18,96.81
1937-09-19,89.02
1937-09-20,31.20
1937-09-21,116.33
1937-09-22,110.47
1937-09-23,116.33
1937-09-24,90.97
1937-09-25,37.86
1937-09-26,26.46
1937-09-27,38.82
1937-09-28,33.10
1937-09-29,26.46
1937-09-30,23.62
1937-10-01,26.46
1937-10-02,23.62
1937-10-03,31.20
1937-10-04,22.68
1937-10-05,25.51
1937-10-06,23.62
1937-10-07,68.64
1937-10-08,59.95
1937-10-09,61.88
1937-10-10,67.68
1937-10-11,26.46
1937-10-12,42.64
1937-10-13,12.37
1937-10-14,59.95
1937-10-15,34.05
1937-10-16,17.04
1937-10-17,17.04
1937-10-18,25.51
1937-10-19,22.68
1937-10-20,19.85
1937-10-21,17.04
1937-10-22,11.43
1937-10-23,10.00
1937-10-24,19.85
1937-10-25,22.68
1937-10-26,31.20
1937-10-27,40.73
1937-10-28,83.19
1937-10-29,67.68
1937-10-30,42.64
1937-10-31,42.64
1937-11-01,34.05
1937-11-02,34.05
1937-11-03,19.85
1937-11-04,48.40
1937-11-05,17.04
1937-11-06,37.86
1937-11-07,28.35
1937-11-08,19.85
1937-11-09,17.97
1937-11-10,10.00
1937-11-11,23.62
1937-11-12,34.05
1937-11-13,37.86
1937-11-14,34.05
1937-11-15,22.68
1937-11-16,34.05
1937-11-17,26.46
1937-11-18,10.00
1937-11-19,31.20
1937-11-20,38.82
1937-11-21,50.32
1937-11-22,68.64
1937-11-23,59.95
1937-11-24,51.28
1937-11-25,50.32
1937-11-26,48.40
1937-11-27,37.86
1937-11-28,51.28
1937-11-29,44.56
1937-11-30,44.56
1937-12-01,34.05
1937-12-02,37.86
1937-12-03,42.64
1937-12-04,42.64
1937-12-05,51.28
1937-12-06,83.19
1937-12-07,164.37
1937-12-08,149.64
1937-12-09,124.16
1937-12-10,295.60
1937-12-11,238.27
1937-12-12,267.91
1937-12-13,377.82
1937-12-14,327.28
1937-12-15,301.54
1937-12-16,354.03
1937-12-17,354.03
1937-12-18,272.85
1937-12-19,244.20
1937-12-20,246.17
1937-12-21,223.47
1937-12-22,187.98
1937-12-23,174.20
1937-12-24,179.12
1937-12-25,241.23
1937-12-26,267.91
1937-12-27,254.07
1937-12-28,228.40
1937-12-29,199.80
1937-12-30,181.09
1937-12-31,164.37
1938-01-01,135.91
1938-01-02,118.29
1938-01-03,124.16
1938-01-04,90.97
1938-01-05,145.71
1938-01-06,167.32
1938-01-07,102.66
1938-01-08,120.24
1938-01-09,145.71
1938-01-10,228.40
1938-01-11,542.00
1938-01-12,552.00
1938-01-13,822.00
1938-01-14,1205.00
1938-01-15,1477.00
1938-01-16,1412.00
1938-01-17,1110.00
1938-01-18,1121.00
1938-01-19,1042.00
1938-01-20,947.00
1938-01-21,847.00
1938-01-22,787.00
1938-01-23,687.00
1938-01-24,619.00
1938-01-25,552.00
1938-01-26,482.03
1938-01-27,443.31
1938-01-28,461.18
1938-01-29,467.14
1938-01-30,675.00
1938-01-31,922.00
1938-02-01,957.00
1938-02-02,932.00
1938-02-03,797.00
1938-02-04,729.00
1938-02-05,643.00
1938-02-06,594.00
1938-02-07,559.00
1938-02-08,521.00
1938-02-09,434.37
1938-02-10,422.46
1938-02-11,552.00
1938-02-12,503.00
1938-02-13,647.00
1938-02-14,675.00
1938-02-15,591.00
1938-02-16,509.00
1938-02-17,407.58
1938-02-18,392.70
1938-02-19,335.21
1938-02-20,348.09
1938-02-21,301.54
1938-02-22,280.77
1938-02-23,272.85
1938-02-24,254.07
1938-02-25,244.20
1938-02-26,238.27
1938-02-27,212.62
1938-02-28,264.95
1938-03-01,264.95
1938-03-02,264.95
1938-03-03,246.17
1938-03-04,225.44
1938-03-05,212.62
1938-03-06,187.98
1938-03-07,172.24
1938-03-08,167.32
1938-03-09,172.24
1938-03-10,143.75
1938-03-11,145.71
1938-03-12,149.64
1938-03-13,145.71
1938-03-14,130.03
1938-03-15,106.56
1938-03-16,124.16
1938-03-17,126.11
1938-03-18,112.42
1938-03-19,90.97
1938-03-20,106.56
1938-03-21,108.52
1938-03-22,100.71
1938-03-23,100.71
1938-03-24,90.97
1938-03-25,81.25
1938-03-26,68.64
1938-03-27,96.81
1938-03-28,96.81
1938-03-29,131.99
1938-03-30,118.29
1938-03-31,114.38
1938-04-01,77.36
1938-04-02,90.97
1938-04-03,77.36
1938-04-04,90.97
1938-04-05,90.97
1938-04-06,81.25
1938-04-07,81.25
1938-04-08,81.25
1938-04-09,68.64
1938-04-10,50.32
1938-04-11,59.95
1938-04-12,72.52
1938-04-13,72.52
1938-04-14,59.95
1938-04-15,72.52
1938-04-16,59.95
1938-04-17,37.86
1938-04-18,65.74
1938-04-19,51.28
1938-04-20,51.28
1938-04-21,58.98
1938-04-22,61.88
1938-04-23,59.95
1938-04-24,61.88
1938-04-25,53.20
1938-04-26,57.05
1938-04-27,38.82
1938-04-28,50.32
1938-04-29,42.64
1938-04-30,48.40
1938-05-01,46.48
1938-05-02,61.88
1938-05-03,286.70
1938-05-04,179.12
1938-05-05,141.79
1938-05-06,96.81
1938-05-07,96.81
1938-05-08,77.36
1938-05-09,63.81
1938-05-10,63.81
1938-05-11,68.64
1938-05-12,51.28
1938-05-13,29.30
1938-05-14,40.73
1938-05-15,38.82
1938-05-16,25.51
1938-05-17,26.46
1938-05-18,12.37
1938-05-19,50.32
1938-05-20,51.28
1938-05-21,34.05
1938-05-22,38.82
1938-05-23,51.28
1938-05-24,33.10
1938-05-25,48.40
1938-05-26,17.04
1938-05-27,50.32
1938-05-28,48.40
1938-05-29,38.82
1938-05-30,37.86
1938-05-31,55.13
1938-06-01,79.30
1938-06-02,57.05
1938-06-03,51.28
1938-06-04,40.73
1938-06-05,34.05
1938-06-06,34.05
1938-06-07,34.05
1938-06-08,26.46
1938-06-09,17.04
1938-06-10,59.95
1938-06-11,38.82
1938-06-12,38.82
1938-06-13,22.68
1938-06-14,42.64
1938-06-15,22.68
1938-06-16,19.85
1938-06-17,10.00
1938-06-18,22.68
1938-06-19,10.00
1938-06-20,10.00
1938-06-21,31.20
1938-06-22,10.00
1938-06-23,10.00
1938-06-24,10.00
1938-06-25,10.00
1938-06-26,10.00
1938-06-27,10.00
1938-06-28,10.00
1938-06-29,10.00
1938-06-30,10.00
1938-07-01,10.00
1938-07-02,10.00
1938-07-03,10.00
1938-07-04,10.00
1938-07-05,10.00
1938-07-06,22.68
1938-07-07,55.13
1938-07-08,10.00
1938-07-09,12.37
1938-07-10,17.97
1938-07-11,10.00
1938-07-12,17.97
1938-07-13,37.86
1938-07-14,50.32
1938-07-15,26.46
1938-07-16,50.32
1938-07-17,10.00
1938-07-18,19.85
1938-07-19,12.37
1938-07-20,10.00
1938-07-21,10.00
1938-07-22,10.00
1938-07-23,10.00
1938-07-24,10.00
1938-07-25,10.00
1938-07-26,10.00
1938-07-27,10.00
1938-07-28,10.00
1938-07-29,10.00
1938-07-30,10.00
1938-07-31,10.00
1938-08-01,10.00
1938-08-02,10.00
1938-08-03,10.00
1938-08-04,10.00
1938-08-05,10.00
1938-08-06,10.00
1938-08-07,10.00
1938-08-08,10.00
1938-08-09,10.00
1938-08-10,10.00
1938-08-11,10.00
1938-08-12,10.00
1938-08-13,33.10
1938-08-14,38.82
1938-08-15,102.66
1938-08-16,29.30
1938-08-17,37.86
1938-08-18,12.37
1938-08-19,10.00
1938-08-20,26.46
1938-08-21,10.00
1938-08-22,10.00
1938-08-23,10.00
1938-08-24,10.00
1938-08-25,10.00
1938-08-26,10.00
1938-08-27,10.00
1938-08-28,10.00
1938-08-29,10.00
1938-08-30,10.00
1938-08-31,94.86
1938-09-01,254.07
1938-09-02,137.87
1938-09-03,25.51
1938-09-04,12.37
1938-09-05,22.68
1938-09-06,10.00
1938-09-07,10.00
1938-09-08,10.00
1938-09-09,10.00
1938-09-10,10.00
1938-09-11,10.00
1938-09-12,10.00
1938-09-13,10.00
1938-09-14,10.00
1938-09-15,10.00
1938-09-16,10.00
1938-09-17,10.00
1938-09-18,10.00
1938-09-19,10.00
1938-09-20,10.00
1938-09-21,10.00
1938-09-22,10.00
1938-09-23,10.00
1938-09-24,10.00
1938-09-25,10.00
1938-09-26,10.00
1938-09-27,10.00
1938-09-28,10.00
1938-09-29,10.00
1938-09-30,10.00
1938-10-01,10.00
1938-10-02,10.00
1938-10-03,10.00
1938-10-04,10.00
1938-10-05,15.16
1938-10-06,77.36
1938-10-07,10.00
1938-10-08,44.56
1938-10-09,48.40
1938-10-10,12.37
1938-10-11,126.11
1938-10-12,122.20
1938-10-13,87.08
1938-10-14,48.40
1938-10-15,29.30
1938-10-16,19.85
1938-10-17,65.74
1938-10-18,25.51
1938-10-19,22.68
1938-10-20,19.85
1938-10-21,10.00
1938-10-22,11.43
1938-10-23,10.00
1938-10-24,10.00
1938-10-25,10.00
1938-10-26,10.00
1938-10-27,10.00
1938-10-28,10.00
1938-10-29,10.00
1938-10-30,10.00
1938-10-31,10.00
1938-11-01,10.00
1938-11-02,10.00
1938-11-03,10.00
1938-11-04,20.79
1938-11-05,10.00
1938-11-06,26.46
1938-11-07,29.30
1938-11-08,10.00
1938-11-09,10.00
1938-11-10,17.04
1938-11-11,31.20
1938-11-12,10.00
1938-11-13,10.00
1938-11-14,10.00
1938-11-15,10.00
1938-11-16,10.00
1938-11-17,10.00
1938-11-18,10.00
1938-11-19,10.00
1938-11-20,10.00
1938-11-21,14.23
1938-11-22,90.97
1938-11-23,301.54
1938-11-24,241.23
1938-11-25,267.91
1938-11-26,354.03
1938-11-27,428.42
1938-11-28,419.49
1938-11-29,357.01
1938-11-30,301.54
1938-12-01,261.98
1938-12-02,257.04
1938-12-03,272.85
1938-12-04,280.77
1938-12-05,267.91
1938-12-06,272.85
1938-12-07,348.09
1938-12-08,345.11
1938-12-09,327.28
1938-12-10,354.03
1938-12-11,354.03
1938-12-12,318.37
1938-12-13,286.70
1938-12-14,246.17
1938-12-15,202.76
1938-12-16,167.32
1938-12-17,164.37
1938-12-18,145.71
1938-12-19,98.76
1938-12-20,90.97
1938-12-21,210.64
1938-12-22,187.98
1938-12-23,98.76
1938-12-24,87.08
1938-12-25,68.64
1938-12-26,59.95
1938-12-27,85.13
1938-12-28,96.81
1938-12-29,108.52
1938-12-30,110.47
1938-12-31,145.71
1939-01-01,133.07
1939-01-02,388.77
1939-01-03,688.00
1939-01-04,487.03
1939-01-05,409.60
1939-01-06,359.03
1939-01-07,327.33
1939-01-08,297.64
1939-01-09,353.09
1939-01-10,406.63
1939-01-11,385.80
1939-01-12,385.80
1939-01-13,373.90
1939-01-14,353.09
1939-01-15,359.03
1939-01-16,596.00
1939-01-17,621.00
1939-01-18,617.00
1939-01-19,877.00
1939-01-20,962.00
1939-01-21,857.00
1939-01-22,882.00
1939-01-23,927.00
1939-01-24,1168.00
1939-01-25,1438.00
1939-01-26,1285.00
1939-01-27,1093.00
1939-01-28,927.00
1939-01-29,764.00
1939-01-30,621.00
1939-01-31,557.00
1939-02-01,466.18
1939-02-02,412.58
1939-02-03,340.21
1939-02-04,306.54
1939-02-05,236.36
1939-02-06,240.31
1939-02-07,215.64
1939-02-08,192.98
1939-02-09,182.16
1939-02-10,191.01
1939-02-11,217.62
1939-02-12,199.88
1939-02-13,202.83
1939-02-14,210.71
1939-02-15,197.91
1939-02-16,192.98
1939-02-17,179.20
1939-02-18,169.37
1939-02-19,160.53
1939-02-20,233.40
1939-02-21,228.47
1939-02-22,207.76
1939-02-23,199.88
1939-02-24,199.88
1939-02-25,272.91
1939-02-26,291.70
1939-02-27,325.35
1939-02-28,353.09
1939-03-01,362.01
1939-03-02,362.01
1939-03-03,317.43
1939-03-04,272.91
1939-03-05,251.17
1939-03-06,240.31
1939-03-07,367.95
1939-03-08,599.00
1939-03-09,564.00
1939-03-10,668.00
1939-03-11,660.00
1939-03-12,564.00
1939-03-13,517.00
1939-03-14,382.82
1939-03-15,472.14
1939-03-16,502.00
1939-03-17,466.18
1939-03-18,451.28
1939-03-19,442.35
1939-03-20,391.75
1939-03-21,382.82
1939-03-22,397.70
1939-03-23,457.24
1939-03-24,554.00
1939-03-25,557.00
1939-03-26,514.00
1939-03-27,457.24
1939-03-28,388.77
1939-03-29,388.77
1939-03-30,340.21
1939-03-31,353.09
1939-04-01,300.60
1939-04-02,315.45
1939-04-03,300.60
1939-04-04,300.60
1939-04-05,359.03
1939-04-06,394.72
1939-04-07,499.00
1939-04-08,388.77
1939-04-09,364.98
1939-04-10,327.33
1939-04-11,300.60
1939-04-12,272.91
1939-04-13,269.95
1939-04-14,256.11
1939-04-15,285.77
1939-04-16,291.70
1939-04-17,225.51
1939-04-18,300.60
1939-04-19,327.33
1939-04-20,294.67
1939-04-21,266.98
1939-04-22,217.62
1939-04-23,210.71
1939-04-24,199.88
1939-04-25,207.76
1939-04-26,306.54
1939-04-27,272.91
1939-04-28,210.71
1939-04-29,195.94
1939-04-30,172.32
1939-05-01,240.31
1939-05-02,195.94
1939-05-03,233.40
1939-05-04,212.69
1939-05-05,172.32
1939-05-06,182.16
1939-05-07,131.11
1939-05-08,158.57
1939-05-09,150.71
1939-05-10,135.03
1939-05-11,148.75
1939-05-12,140.91
1939-05-13,133.07
1939-05-14,138.95
1939-05-15,131.11
1939-05-16,125.24
1939-05-17,204.80
1939-05-18,195.94
1939-05-19,207.76
1939-05-20,207.76
1939-05-21,195.94
1939-05-22,177.24
1939-05-23,184.12
1939-05-24,179.20
1939-05-25,160.53
1939-05-26,150.71
1939-05-27,144.83
1939-05-28,146.79
1939-05-29,135.03
1939-05-30,125.24
1939-05-31,82.36
1939-06-01,95.97
1939-06-02,95.97
1939-06-03,68.81
1939-06-04,56.28
1939-06-05,84.30
1939-06-06,42.86
1939-06-07,39.05
1939-06-08,47.64
1939-06-09,56.28
1939-06-10,49.56
1939-06-11,31.46
1939-06-12,56.28
1939-06-13,56.28
1939-06-14,42.86
1939-06-15,45.73
1939-06-16,43.82
1939-06-17,42.86
1939-06-18,51.48
1939-06-19,160.53
1939-06-20,31.46
1939-06-21,56.28
1939-06-22,62.05
1939-06-23,73.64
1939-06-24,45.73
1939-06-25,39.05
1939-06-26,31.46
1939-06-27,47.64
1939-06-28,51.48
1939-06-29,45.73
1939-06-30,43.82
1939-07-01,31.46
1939-07-02,68.81
1939-07-03,24.85
1939-07-04,42.86
1939-07-05,24.85
1939-07-06,10.00
1939-07-07,24.85
1939-07-08,13.65
1939-07-09,10.00
1939-07-10,10.00
1939-07-11,10.00
1939-07-12,10.00
1939-07-13,24.85
1939-07-14,20.16
1939-07-15,22.04
1939-07-16,10.88
1939-07-17,17.37
1939-07-18,17.37
1939-07-19,17.37
1939-07-20,14.58
1939-07-21,39.05
1939-07-22,10.00
1939-07-23,27.68
1939-07-24,20.16
1939-07-25,10.88
1939-07-26,25.79
1939-07-27,56.28
1939-07-28,24.85
1939-07-29,47.64
1939-07-30,17.37
1939-07-31,17.37
1939-08-01,40.96
1939-08-02,25.79
1939-08-03,11.81
1939-08-04,17.37
1939-08-05,27.68
1939-08-06,42.86
1939-08-07,31.46
1939-08-08,10.00
1939-08-09,19.23
1939-08-10,24.85
1939-08-11,17.37
1939-08-12,27.68
1939-08-13,24.85
1939-08-14,24.85
1939-08-15,17.37
1939-08-16,13.65
1939-08-17,17.37
1939-08-18,17.37
1939-08-19,11.81
1939-08-20,10.00
1939-08-21,10.00
1939-08-22,10.88
1939-08-23,17.37
1939-08-24,10.88
1939-08-25,10.00
1939-08-26,66.88
1939-08-27,31.46
1939-08-28,22.04
1939-08-29,27.68
1939-08-30,27.68
1939-08-31,10.00
1939-09-01,56.28
1939-09-02,24.85
1939-09-03,22.04
1939-09-04,47.64
1939-09-05,73.64
1939-09-06,56.28
1939-09-07,31.46
1939-09-08,42.86
1939-09-09,39.05
1939-09-10,17.37
1939-09-11,10.00
1939-09-12,17.37
1939-09-13,24.85
1939-09-14,64.95
1939-09-15,101.81
1939-09-16,86.25
1939-09-17,82.36
1939-09-18,73.64
1939-09-19,56.28
1939-09-20,51.48
1939-09-21,27.68
1939-09-22,17.37
1939-09-23,24.85
1939-09-24,24.85
1939-09-25,36.20
1939-09-26,17.37
1939-09-27,39.05
1939-09-28,10.00
1939-09-29,73.64
1939-09-30,27.68
1939-10-01,10.00
1939-10-02,10.00
1939-10-03,17.37
1939-10-04,95.97
1939-10-05,27.68
1939-10-06,10.88
1939-10-07,27.68
1939-10-08,10.00
1939-10-09,24.85
1939-10-10,10.00
1939-10-11,34.30
1939-10-12,119.38
1939-10-13,30.51
1939-10-14,107.66
1939-10-15,101.81
1939-10-16,246.23
1939-10-17,195.94
1939-10-18,197.91
1939-10-19,246.23
1939-10-20,442.35
1939-10-21,688.00
1939-10-22,652.00
1939-10-23,610.00
1939-10-24,538.00
1939-10-25,554.00
1939-10-26,692.00
1939-10-27,648.00
1939-10-28,532.00
1939-10-29,520.00
1939-10-30,526.00
1939-10-31,409.60
1939-11-01,382.82
1939-11-02,409.60
1939-11-03,367.95
1939-11-04,359.03
1939-11-05,340.21
1939-11-06,350.11
1939-11-07,400.68
1939-11-08,442.35
1939-11-09,406.63
1939-11-10,382.82
1939-11-11,340.21
1939-11-12,327.33
1939-11-13,320.40
1939-11-14,320.40
1939-11-15,300.60
1939-11-16,291.70
1939-11-17,320.40
1939-11-18,538.00
1939-11-19,526.00
1939-11-20,1027.00
1939-11-21,1007.00
1939-11-22,812.00
1939-11-23,680.00
1939-11-24,596.00
1939-11-25,582.00
1939-11-26,571.00
1939-11-27,1278.00
1939-11-28,1639.00
1939-11-29,2030.00
1939-11-30,1711.00
1939-12-01,1675.00
1939-12-02,1452.00
1939-12-03,1240.00
1939-12-04,1052.00
1939-12-05,942.00
1939-12-06,882.00
1939-12-07,751.00
1939-12-08,684.00
1939-12-09,638.00
1939-12-10,624.00
1939-12-11,634.00
1939-12-12,680.00
1939-12-13,644.00
1939-12-14,617.00
1939-12-15,547.00
1939-12-16,505.00
1939-12-17,478.09
1939-12-18,418.53
1939-12-19,412.58
1939-12-20,412.58
1939-12-21,340.21
1939-12-22,330.30
1939-12-23,264.02
1939-12-24,233.40
1939-12-25,251.17
1939-12-26,240.31
1939-12-27,217.62
1939-12-28,217.62
1939-12-29,262.04
1939-12-30,140.91
1939-12-31,167.41
1940-01-01,167.41
1940-01-02,154.64
1940-01-03,135.03
1940-01-04,140.91
1940-01-05,140.91
1940-01-06,140.91
1940-01-07,105.71
1940-01-08,131.11
1940-01-09,125.24
1940-01-10,167.41
1940-01-11,150.71
1940-01-12,140.91
1940-01-13,121.33
1940-01-14,269.95
1940-01-15,167.41
1940-01-16,135.03
1940-01-17,140.91
1940-01-18,95.97
1940-01-19,90.13
1940-01-20,107.66
1940-01-21,92.08
1940-01-22,82.36
1940-01-23,109.61
1940-01-24,63.98
1940-01-25,68.81
1940-01-26,70.74
1940-01-27,84.30
1940-01-28,101.81
1940-01-29,95.97
1940-01-30,92.08
1940-01-31,97.91
1940-02-01,101.81
1940-02-02,103.76
1940-02-03,121.33
1940-02-04,172.32
1940-02-05,264.02
1940-02-06,606.00
1940-02-07,617.00
1940-02-08,708.00
1940-02-09,862.00
1940-02-10,751.00
1940-02-11,582.00
1940-02-12,442.35
1940-02-13,367.95
1940-02-14,262.04
1940-02-15,240.31
1940-02-16,207.76
1940-02-17,199.88
1940-02-18,220.57
1940-02-19,167.41
1940-02-20,332.28
1940-02-21,448.31
1940-02-22,517.00
1940-02-23,457.24
1940-02-24,478.09
1940-02-25,487.03
1940-02-26,436.40
1940-02-27,385.80
1940-02-28,424.49
1940-02-29,388.77
1940-03-01,340.21
1940-03-02,332.28
1940-03-03,272.91
1940-03-04,266.98
1940-03-05,233.40
1940-03-06,243.27
1940-03-07,202.83
1940-03-08,184.12
1940-03-09,189.04
1940-03-10,184.12
1940-03-11,167.41
1940-03-12,167.41
1940-03-13,162.49
1940-03-14,240.31
1940-03-15,532.00
1940-03-16,593.00
1940-03-17,538.00
1940-03-18,648.00
1940-03-19,907.00
1940-03-20,877.00
1940-03-21,729.00
1940-03-22,641.00
1940-03-23,561.00
1940-03-24,508.00
1940-03-25,484.05
1940-03-26,397.70
1940-03-27,388.77
1940-03-28,353.09
1940-03-29,367.95
1940-03-30,362.01
1940-03-31,397.70
1940-04-01,418.53
1940-04-02,388.77
1940-04-03,382.82
1940-04-04,487.03
1940-04-05,688.00
1940-04-06,812.00
1940-04-07,680.00
1940-04-08,578.00
1940-04-09,499.00
1940-04-10,478.09
1940-04-11,436.40
1940-04-12,391.75
1940-04-13,327.33
1940-04-14,359.03
1940-04-15,340.21
1940-04-16,359.03
1940-04-17,409.60
1940-04-18,442.35
1940-04-19,424.49
1940-04-20,430.44
1940-04-21,388.77
1940-04-22,367.95
1940-04-23,343.18
1940-04-24,312.48
1940-04-25,306.54
1940-04-26,397.70
1940-04-27,379.85
1940-04-28,356.06
1940-04-29,327.33
1940-04-30,300.60
1940-05-01,238.34
1940-05-02,291.70
1940-05-03,303.57
1940-05-04,280.82
1940-05-05,312.48
1940-05-06,277.85
1940-05-07,240.31
1940-05-08,240.31
1940-05-09,215.64
1940-05-10,217.62
1940-05-11,192.98
1940-05-12,189.04
1940-05-13,192.98
1940-05-14,184.12
1940-05-15,167.41
1940-05-16,156.60
1940-05-17,164.46
1940-05-18,148.75
1940-05-19,146.79
1940-05-20,138.95
1940-05-21,121.33
1940-05-22,119.38
1940-05-23,115.47
1940-05-24,105.71
1940-05-25,101.81
1940-05-26,101.81
1940-05-27,99.86
1940-05-28,97.91
1940-05-29,101.81
1940-05-30,101.81
1940-05-31,99.86
1940-06-01,68.81
1940-06-02,82.36
1940-06-03,90.13
1940-06-04,81.39
1940-06-05,66.88
1940-06-06,66.88
1940-06-07,64.95
1940-06-08,68.81
1940-06-09,62.05
1940-06-10,55.32
1940-06-11,47.64
1940-06-12,53.40
1940-06-13,58.20
1940-06-14,51.48
1940-06-15,77.52
1940-06-16,79.45
1940-06-17,79.45
1940-06-18,66.88
1940-06-19,75.58
1940-06-20,58.20
1940-06-21,64.95
1940-06-22,60.13
1940-06-23,55.32
1940-06-24,49.56
1940-06-25,55.32
1940-06-26,66.88
1940-06-27,94.02
1940-06-28,88.19
1940-06-29,73.64
1940-06-30,63.98
1940-07-01,66.88
1940-07-02,70.74
1940-07-03,154.64
1940-07-04,45.73
1940-07-05,31.46
1940-07-06,68.81
1940-07-07,60.13
1940-07-08,66.88
1940-07-09,72.68
1940-07-10,63.98
1940-07-11,49.56
1940-07-12,64.95
1940-07-13,72.68
1940-07-14,63.98
1940-07-15,45.73
1940-07-16,34.30
1940-07-17,45.73
1940-07-18,47.64
1940-07-19,72.68
1940-07-20,55.32
1940-07-21,63.98
1940-07-22,58.20
1940-07-23,73.64
1940-07-24,62.05
1940-07-25,42.86
1940-07-26,84.30
1940-07-27,66.88
1940-07-28,88.19
1940-07-29,107.66
1940-07-30,119.38
1940-07-31,95.97
1940-08-01,115.47
1940-08-02,79.45
1940-08-03,66.88
1940-08-04,73.64
1940-08-05,70.74
1940-08-06,97.91
1940-08-07,45.73
1940-08-08,43.82
1940-08-09,55.32
1940-08-10,66.88
1940-08-11,86.25
1940-08-12,68.81
1940-08-13,38.10
1940-08-14,36.20
1940-08-15,28.62
1940-08-16,72.68
1940-08-17,40.96
1940-08-18,47.64
1940-08-19,28.62
1940-08-20,51.48
1940-08-21,42.86
1940-08-22,43.82
1940-08-23,79.45
1940-08-24,33.35
1940-08-25,55.32
1940-08-26,36.20
1940-08-27,40.96
1940-08-28,60.13
1940-08-29,31.46
1940-08-30,39.05
1940-08-31,56.28
1940-09-01,19.23
1940-09-02,10.00
1940-09-03,10.00
1940-09-04,10.88
1940-09-05,10.00
1940-09-06,10.88
1940-09-07,10.00
1940-09-08,10.00
1940-09-09,10.00
1940-09-10,14.58
1940-09-11,10.00
1940-09-12,10.00
1940-09-13,10.00
1940-09-14,55.32
1940-09-15,56.28
1940-09-16,14.58
1940-09-17,42.86
1940-09-18,60.13
1940-09-19,31.46
1940-09-20,38.10
1940-09-21,31.46
1940-09-22,144.83
1940-09-23,79.45
1940-09-24,117.42
1940-09-25,207.76
1940-09-26,179.20
1940-09-27,169.37
1940-09-28,144.83
1940-09-29,84.30
1940-09-30,77.52
1940-10-01,95.97
1940-10-02,101.81
1940-10-03,101.81
1940-10-04,95.97
1940-10-05,99.86
1940-10-06,101.81
1940-10-07,101.81
1940-10-08,95.97
1940-10-09,99.86
1940-10-10,97.91
1940-10-11,109.61
1940-10-12,115.47
1940-10-13,119.38
1940-10-14,115.47
1940-10-15,119.38
1940-10-16,121.33
1940-10-17,123.29
1940-10-18,111.56
1940-10-19,109.61
1940-10-20,121.33
1940-10-21,119.38
1940-10-22,162.49
1940-10-23,140.91
1940-10-24,129.16
1940-10-25,86.25
1940-10-26,82.36
1940-10-27,24.85
1940-10-28,45.73
1940-10-29,56.28
1940-10-30,56.28
1940-10-31,77.52
1940-11-01,56.28
1940-11-02,53.40
1940-11-03,62.05
1940-11-04,150.71
1940-11-05,962.00
1940-11-06,1317.00
1940-11-07,1104.00
1940-11-08,867.00
1940-11-09,672.00
1940-11-10,571.00
1940-11-11,478.09
1940-11-12,433.42
1940-11-13,877.00
1940-11-14,1067.00
1940-11-15,1027.00
1940-11-16,862.00
1940-11-17,696.00
1940-11-18,617.00
1940-11-19,606.00
1940-11-20,561.00
1940-11-21,499.00
1940-11-22,487.03
1940-11-23,454.26
1940-11-24,454.26
1940-11-25,412.58
1940-11-26,364.98
1940-11-27,353.09
1940-11-28,323.37
1940-11-29,233.40
1940-11-30,262.04
1940-12-01,225.51
1940-12-02,220.57
1940-12-03,182.16
1940-12-04,191.01
1940-12-05,184.12
1940-12-06,195.94
1940-12-07,251.17
1940-12-08,350.11
1940-12-09,418.53
1940-12-10,517.00
1940-12-11,680.00
1940-12-12,764.00
1940-12-13,738.00
1940-12-14,652.00
1940-12-15,571.00
1940-12-16,499.00
1940-12-17,412.58
1940-12-18,382.82
1940-12-19,332.28
1940-12-20,364.98
1940-12-21,388.77
1940-12-22,388.77
1940-12-23,412.58
1940-12-24,272.91
1940-12-25,207.76
1940-12-26,192.98
1940-12-27,195.94
1940-12-28,207.76
1940-12-29,150.71
1940-12-30,167.41
1940-12-31,433.42
1941-01-01,617.00
1941-01-02,837.00
1941-01-03,717.00
1941-01-04,544.00
1941-01-05,502.00
1941-01-06,406.63
1941-01-07,439.37
1941-01-08,409.60
1941-01-09,337.24
1941-01-10,300.60
1941-01-11,272.91
1941-01-12,251.17
1941-01-13,233.40
1941-01-14,251.17
1941-01-15,285.77
1941-01-16,233.40
1941-01-17,195.94
1941-01-18,160.53
1941-01-19,158.57
1941-01-20,238.34
1941-01-21,538.00
1941-01-22,713.00
1941-01-23,772.00
1941-01-24,734.00
1941-01-25,822.00
1941-01-26,802.00
1941-01-27,997.00
1941-01-28,1144.00
1941-01-29,1174.00
1941-01-30,1077.00
1941-01-31,977.00
1941-02-01,867.00
1941-02-02,787.00
1941-02-03,700.00
1941-02-04,624.00
1941-02-05,538.00
1941-02-06,448.31
1941-02-07,409.60
1941-02-08,382.82
1941-02-09,397.70
1941-02-10,418.53
1941-02-11,469.16
1941-02-12,466.18
1941-02-13,433.42
1941-02-14,415.56
1941-02-15,388.77
1941-02-16,388.77
1941-02-17,394.72
1941-02-18,397.70
1941-02-19,388.77
1941-02-20,448.31
1941-02-21,454.26
1941-02-22,469.16
1941-02-23,451.28
1941-02-24,418.53
1941-02-25,397.70
1941-02-26,382.82
1941-02-27,359.03
1941-02-28,348.13
1941-03-01,617.00
1941-03-02,912.00
1941-03-03,897.00
1941-03-04,812.00
1941-03-05,755.00
1941-03-06,713.00
1941-03-07,641.00
1941-03-08,586.00
1941-03-09,547.00
1941-03-10,526.00
1941-03-11,472.14
1941-03-12,412.58
1941-03-13,394.72
1941-03-14,340.21
1941-03-15,306.54
1941-03-16,297.64
1941-03-17,272.91
1941-03-18,249.20
1941-03-19,246.23
1941-03-20,215.64
1941-03-21,199.88
1941-03-22,177.24
1941-03-23,207.76
1941-03-24,323.37
1941-03-25,291.70
1941-03-26,285.77
1941-03-27,734.00
1941-03-28,768.00
1941-03-29,764.00
1941-03-30,734.00
1941-03-31,652.00
1941-04-01,582.00
1941-04-02,487.03
1941-04-03,466.18
1941-04-04,472.14
1941-04-05,433.42
1941-04-06,409.60
1941-04-07,394.72
1941-04-08,388.77
1941-04-09,379.85
1941-04-10,350.11
1941-04-11,266.98
1941-04-12,285.77
1941-04-13,280.82
1941-04-14,272.91
1941-04-15,272.91
1941-04-16,283.79
1941-04-17,280.82
1941-04-18,256.11
1941-04-19,202.83
1941-04-20,202.83
1941-04-21,207.76
1941-04-22,192.98
1941-04-23,184.12
1941-04-24,177.24
1941-04-25,154.64
1941-04-26,150.71
1941-04-27,144.83
1941-04-28,150.71
1941-04-29,148.75
1941-04-30,101.81
1941-05-01,146.79
1941-05-02,135.03
1941-05-03,177.24
1941-05-04,154.64
1941-05-05,150.71
1941-05-06,135.03
1941-05-07,121.33
1941-05-08,92.08
1941-05-09,109.61
1941-05-10,107.66
1941-05-11,92.08
1941-05-12,95.97
1941-05-13,86.25
1941-05-14,94.02
1941-05-15,82.36
1941-05-16,82.36
1941-05-17,82.36
1941-05-18,66.88
1941-05-19,77.52
1941-05-20,82.36
1941-05-21,119.38
1941-05-22,109.61
1941-05-23,92.08
1941-05-24,90.13
1941-05-25,92.08
1941-05-26,99.86
1941-05-27,119.38
1941-05-28,131.11
1941-05-29,121.33
1941-05-30,115.47
1941-05-31,101.81
1941-06-01,101.81
1941-06-02,101.81
1941-06-03,109.61
1941-06-04,113.52
1941-06-05,109.61
1941-06-06,131.11
1941-06-07,172.32
1941-06-08,140.91
1941-06-09,135.03
1941-06-10,135.03
1941-06-11,140.91
1941-06-12,246.23
1941-06-13,220.57
1941-06-14,225.51
1941-06-15,202.83
1941-06-16,189.04
1941-06-17,169.37
1941-06-18,164.46
1941-06-19,148.75
1941-06-20,140.91
1941-06-21,105.71
1941-06-22,125.24
1941-06-23,103.76
1941-06-24,121.33
1941-06-25,140.91
1941-06-26,148.75
1941-06-27,202.83
1941-06-28,197.91
1941-06-29,144.83
1941-06-30,111.56
1941-07-01,111.56
1941-07-02,56.28
1941-07-03,95.97
1941-07-04,53.40
1941-07-05,75.58
1941-07-06,62.05
1941-07-07,47.64
1941-07-08,58.20
1941-07-09,60.13
1941-07-10,24.85
1941-07-11,40.96
1941-07-12,31.46
1941-07-13,56.28
1941-07-14,39.05
1941-07-15,43.82
1941-07-16,38.10
1941-07-17,42.86
1941-07-18,51.48
1941-07-19,17.37
1941-07-20,47.64
1941-07-21,34.30
1941-07-22,10.88
1941-07-23,63.98
1941-07-24,24.85
1941-07-25,10.00
1941-07-26,60.13
1941-07-27,17.37
1941-07-28,17.37
1941-07-29,11.81
1941-07-30,31.46
1941-07-31,39.05
1941-08-01,60.13
1941-08-02,47.64
1941-08-03,31.46
1941-08-04,31.46
1941-08-05,47.64
1941-08-06,70.74
1941-08-07,64.95
1941-08-08,82.36
1941-08-09,72.68
1941-08-10,82.36
1941-08-11,117.42
1941-08-12,117.42
1941-08-13,97.91
1941-08-14,107.66
1941-08-15,177.24
1941-08-16,246.23
1941-08-17,195.94
1941-08-18,167.41
1941-08-19,154.64
1941-08-20,125.24
1941-08-21,109.61
1941-08-22,97.91
1941-08-23,136.99
1941-08-24,140.91
1941-08-25,169.37
1941-08-26,184.12
1941-08-27,277.85
1941-08-28,300.60
1941-08-29,275.88
1941-08-30,233.40
1941-08-31,156.60
1941-09-01,172.32
1941-09-02,154.64
1941-09-03,109.61
1941-09-04,117.42
1941-09-05,105.71
1941-09-06,94.02
1941-09-07,72.68
1941-09-08,94.02
1941-09-09,92.08
1941-09-10,64.95
1941-09-11,73.64
1941-09-12,68.81
1941-09-13,79.45
1941-09-14,68.81
1941-09-15,72.68
1941-09-16,119.38
1941-09-17,95.97
1941-09-18,79.45
1941-09-19,53.40
1941-09-20,64.95
1941-09-21,47.64
1941-09-22,24.85
1941-09-23,27.68
1941-09-24,39.05
1941-09-25,53.40
1941-09-26,17.37
1941-09-27,33.35
1941-09-28,30.51
1941-09-29,24.85
1941-09-30,27.68
1941-10-01,10.00
1941-10-02,17.37
1941-10-03,22.97
1941-10-04,10.88
1941-10-05,28.62
1941-10-06,27.68
1941-10-07,22.97
1941-10-08,31.46
1941-10-09,17.37
1941-10-10,10.88
1941-10-11,10.00
1941-10-12,55.32
1941-10-13,43.82
1941-10-14,34.30
1941-10-15,31.46
1941-10-16,31.46
1941-10-17,34.30
1941-10-18,31.46
1941-10-19,27.68
1941-10-20,66.88
1941-10-21,101.81
1941-10-22,136.99
1941-10-23,133.07
1941-10-24,107.66
1941-10-25,82.36
1941-10-26,56.28
1941-10-27,133.07
1941-10-28,135.03
1941-10-29,272.91
1941-10-30,460.22
1941-10-31,359.03
1941-11-01,382.82
1941-11-02,376.88
1941-11-03,340.21
1941-11-04,272.91
1941-11-05,272.91
1941-11-06,207.76
1941-11-07,233.40
1941-11-08,418.53
1941-11-09,418.53
1941-11-10,382.82
1941-11-11,332.28
1941-11-12,269.95
1941-11-13,259.07
1941-11-14,243.27
1941-11-15,223.53
1941-11-16,164.46
1941-11-17,172.32
1941-11-18,140.91
1941-11-19,164.46
1941-11-20,150.71
1941-11-21,142.87
1941-11-22,138.95
1941-11-23,135.03
1941-11-24,129.16
1941-11-25,129.16
1941-11-26,131.11
1941-11-27,121.33
1941-11-28,107.66
1941-11-29,95.97
1941-11-30,103.76
1941-12-01,94.02
1941-12-02,82.36
1941-12-03,77.52
1941-12-04,84.30
1941-12-05,77.52
1941-12-06,115.47
1941-12-07,77.52
1941-12-08,92.08
1941-12-09,280.82
1941-12-10,160.53
1941-12-11,233.40
1941-12-12,217.62
1941-12-13,306.54
1941-12-14,348.13
1941-12-15,412.58
1941-12-16,472.14
1941-12-17,564.00
1941-12-18,713.00
1941-12-19,692.00
1941-12-20,606.00
1941-12-21,511.00
1941-12-22,472.14
1941-12-23,367.95
1941-12-24,353.09
1941-12-25,359.03
1941-12-26,397.70
1941-12-27,350.11
1941-12-28,359.03
1941-12-29,315.45
1941-12-30,285.77
1941-12-31,246.23
1942-01-01,256.11
1942-01-02,251.17
1942-01-03,233.40
1942-01-04,199.88
1942-01-05,215.64
1942-01-06,223.53
1942-01-07,236.36
1942-01-08,246.23
1942-01-09,233.40
1942-01-10,223.53
1942-01-11,223.53
1942-01-12,199.88
1942-01-13,177.24
1942-01-14,150.71
1942-01-15,233.40
1942-01-16,172.32
1942-01-17,133.07
1942-01-18,101.81
1942-01-19,107.66
1942-01-20,101.81
1942-01-21,92.08
1942-01-22,73.64
1942-01-23,64.95
1942-01-24,56.28
1942-01-25,68.81
1942-01-26,225.51
1942-01-27,277.85
1942-01-28,184.12
1942-01-29,246.23
1942-01-30,259.07
1942-01-31,266.98
1942-02-01,266.98
1942-02-02,243.27
1942-02-03,199.88
1942-02-04,148.75
1942-02-05,150.71
1942-02-06,131.11
1942-02-07,135.03
1942-02-08,105.71
1942-02-09,95.97
1942-02-10,109.61
1942-02-11,107.66
1942-02-12,144.83
1942-02-13,131.11
1942-02-14,172.32
1942-02-15,179.20
1942-02-16,146.79
1942-02-17,129.16
1942-02-18,101.81
1942-02-19,109.61
1942-02-20,95.97
1942-02-21,73.64
1942-02-22,90.13
1942-02-23,90.13
1942-02-24,86.25
1942-02-25,81.39
1942-02-26,75.58
1942-02-27,79.45
1942-02-28,99.86
1942-03-01,115.47
1942-03-02,129.16
1942-03-03,144.83
1942-03-04,217.62
1942-03-05,430.44
1942-03-06,538.00
1942-03-07,478.09
1942-03-08,554.00
1942-03-09,547.00
1942-03-10,624.00
1942-03-11,641.00
1942-03-12,624.00
1942-03-13,738.00
1942-03-14,777.00
1942-03-15,867.00
1942-03-16,912.00
1942-03-17,887.00
1942-03-18,852.00
1942-03-19,947.00
1942-03-20,1093.00
1942-03-21,1012.00
1942-03-22,912.00
1942-03-23,734.00
1942-03-24,606.00
1942-03-25,532.00
1942-03-26,457.24
1942-03-27,433.42
1942-03-28,397.70
1942-03-29,300.60
1942-03-30,303.57
1942-03-31,256.11
1942-04-01,246.23
1942-04-02,315.45
1942-04-03,285.77
1942-04-04,272.91
1942-04-05,243.27
1942-04-06,233.40
1942-04-07,269.95
1942-04-08,285.77
1942-04-09,300.60
1942-04-10,280.82
1942-04-11,291.70
1942-04-12,259.07
1942-04-13,236.36
1942-04-14,228.47
1942-04-15,192.98
1942-04-16,154.64
1942-04-17,154.64
1942-04-18,167.41
1942-04-19,140.91
1942-04-20,136.99
1942-04-21,121.33
1942-04-22,119.38
1942-04-23,115.47
1942-04-24,109.61
1942-04-25,81.39
1942-04-26,105.71
1942-04-27,95.97
1942-04-28,90.13
1942-04-29,81.39
1942-04-30,84.30
1942-05-01,72.68
1942-05-02,64.95
1942-05-03,82.36
1942-05-04,82.36
1942-05-05,82.36
1942-05-06,64.95
1942-05-07,62.05
1942-05-08,56.28
1942-05-09,82.36
1942-05-10,109.61
1942-05-11,107.66
1942-05-12,101.81
1942-05-13,82.36
1942-05-14,56.28
1942-05-15,56.28
1942-05-16,58.20
1942-05-17,62.05
1942-05-18,56.28
1942-05-19,56.28
1942-05-20,51.48
1942-05-21,70.74
1942-05-22,73.64
1942-05-23,77.52
1942-05-24,72.68
1942-05-25,64.95
1942-05-26,56.28
1942-05-27,56.28
1942-05-28,64.95
1942-05-29,131.11
1942-05-30,184.12
1942-05-31,142.87
1942-06-01,150.71
1942-06-02,160.53
1942-06-03,164.46
1942-06-04,140.91
1942-06-05,121.33
1942-06-06,73.64
1942-06-07,56.28
1942-06-08,82.36
1942-06-09,77.52
1942-06-10,62.05
1942-06-11,49.56
1942-06-12,38.10
1942-06-13,55.32
1942-06-14,56.28
1942-06-15,53.40
1942-06-16,101.81
1942-06-17,121.33
1942-06-18,119.38
1942-06-19,105.71
1942-06-20,82.36
1942-06-21,79.45
1942-06-22,73.64
1942-06-23,64.95
1942-06-24,62.05
1942-06-25,73.64
1942-06-26,73.64
1942-06-27,31.46
1942-06-28,47.64
1942-06-29,42.86
1942-06-30,13.65
1942-07-01,31.46
1942-07-02,30.51
1942-07-03,39.05
1942-07-04,95.97
1942-07-05,63.98
1942-07-06,31.46
1942-07-07,34.30
1942-07-08,51.48
1942-07-09,36.20
1942-07-10,33.35
1942-07-11,10.00
1942-07-12,10.00
1942-07-13,56.28
1942-07-14,31.46
1942-07-15,40.96
1942-07-16,51.48
1942-07-17,60.13
1942-07-18,53.40
1942-07-19,109.61
1942-07-20,418.53
1942-07-21,291.70
1942-07-22,233.40
1942-07-23,246.23
1942-07-24,243.27
1942-07-25,179.20
1942-07-26,95.97
1942-07-27,125.24
1942-07-28,107.66
1942-07-29,111.56
1942-07-30,111.56
1942-07-31,92.08
1942-08-01,77.52
1942-08-02,36.20
1942-08-03,51.48
1942-08-04,82.36
1942-08-05,95.97
1942-08-06,127.20
1942-08-07,95.97
1942-08-08,60.13
1942-08-09,73.64
1942-08-10,56.28
1942-08-11,47.64
1942-08-12,47.64
1942-08-13,31.46
1942-08-14,43.82
1942-08-15,27.68
1942-08-16,28.62
1942-08-17,19.23
1942-08-18,27.68
1942-08-19,19.23
1942-08-20,19.23
1942-08-21,31.46
1942-08-22,28.62
1942-08-23,43.82
1942-08-24,34.30
1942-08-25,34.30
1942-08-26,31.46
1942-08-27,25.79
1942-08-28,13.65
1942-08-29,10.00
1942-08-30,28.62
1942-08-31,10.00
1942-09-01,10.00
1942-09-02,10.00
1942-09-03,10.00
1942-09-04,10.00
1942-09-05,17.37
1942-09-06,10.00
1942-09-07,10.00
1942-09-08,10.00
1942-09-09,10.88
1942-09-10,10.00
1942-09-11,10.00
1942-09-12,10.00
1942-09-13,10.00
1942-09-14,10.00
1942-09-15,10.00
1942-09-16,10.00
1942-09-17,10.88
1942-09-18,24.85
1942-09-19,10.00
1942-09-20,10.00
1942-09-21,10.00
1942-09-22,10.00
1942-09-23,10.00
1942-09-24,10.00
1942-09-25,27.68
1942-09-26,10.00
1942-09-27,17.37
1942-09-28,19.23
1942-09-29,25.79
1942-09-30,31.46
1942-10-01,10.00
1942-10-02,22.04
1942-10-03,19.23
1942-10-04,10.00
1942-10-05,10.00
1942-10-06,10.00
1942-10-07,10.00
1942-10-08,10.00
1942-10-09,10.00
1942-10-10,10.00
1942-10-11,10.00
1942-10-12,10.00
1942-10-13,17.37
1942-10-14,10.00
1942-10-15,30.51
1942-10-16,30.51
1942-10-17,10.00
1942-10-18,14.58
1942-10-19,10.00
1942-10-20,47.64
1942-10-21,22.04
1942-10-22,10.00
1942-10-23,56.28
1942-10-24,142.87
1942-10-25,140.91
1942-10-26,131.11
1942-10-27,73.64
1942-10-28,99.86
1942-10-29,125.24
1942-10-30,184.12
1942-10-31,160.53
1942-11-01,233.40
1942-11-02,294.67
1942-11-03,277.85
1942-11-04,251.17
1942-11-05,243.27
1942-11-06,251.17
1942-11-07,300.60
1942-11-08,340.21
1942-11-09,300.60
1942-11-10,272.91
1942-11-11,199.88
1942-11-12,199.88
1942-11-13,207.76
1942-11-14,191.01
1942-11-15,121.33
1942-11-16,133.07
1942-11-17,127.20
1942-11-18,119.38
1942-11-19,135.03
1942-11-20,135.03
1942-11-21,88.19
1942-11-22,111.56
1942-11-23,107.66
1942-11-24,70.74
1942-11-25,107.66
1942-11-26,95.97
1942-11-27,56.28
1942-11-28,84.30
1942-11-29,95.97
1942-11-30,99.86
1942-12-01,92.08
1942-12-02,111.56
1942-12-03,154.64
1942-12-04,148.75
1942-12-05,131.11
1942-12-06,169.37
1942-12-07,251.17
1942-12-08,269.95
1942-12-09,228.47
1942-12-10,169.37
1942-12-11,156.60
1942-12-12,220.57
1942-12-13,172.32
1942-12-14,154.64
1942-12-15,158.57
1942-12-16,164.46
1942-12-17,169.37
1942-12-18,160.53
1942-12-19,220.57
1942-12-20,246.23
1942-12-21,215.64
1942-12-22,220.57
1942-12-23,202.83
1942-12-24,207.76
1942-12-25,212.69
1942-12-26,191.01
1942-12-27,150.71
1942-12-28,152.68
1942-12-29,111.56
1942-12-30,131.11
1942-12-31,129.16
1943-01-01,121.33
1943-01-02,154.64
1943-01-03,634.00
1943-01-04,603.00
1943-01-05,532.00
1943-01-06,412.58
1943-01-07,315.45
1943-01-08,345.16
1943-01-09,382.82
1943-01-10,323.37
1943-01-11,272.91
1943-01-12,215.64
1943-01-13,353.09
1943-01-14,628.00
1943-01-15,1052.00
1943-01-16,1222.00
1943-01-17,987.00
1943-01-18,837.00
1943-01-19,713.00
1943-01-20,610.00
1943-01-21,582.00
1943-01-22,557.00
1943-01-23,523.00
1943-01-24,517.00
1943-01-25,424.49
1943-01-26,373.90
1943-01-27,320.40
1943-01-28,334.26
1943-01-29,315.45
1943-01-30,317.43
1943-01-31,300.60
1943-02-01,315.45
1943-02-02,317.43
1943-02-03,315.45
1943-02-04,297.64
1943-02-05,294.67
1943-02-06,272.91
1943-02-07,315.45
1943-02-08,439.37
1943-02-09,394.72
1943-02-10,409.60
1943-02-11,391.75
1943-02-12,391.75
1943-02-13,373.90
1943-02-14,379.85
1943-02-15,345.16
1943-02-16,409.60
1943-02-17,421.51
1943-02-18,439.37
1943-02-19,409.60
1943-02-20,367.95
1943-02-21,315.45
1943-02-22,315.45
1943-02-23,246.23
1943-02-24,243.27
1943-02-25,230.44
1943-02-26,184.12
1943-02-27,195.94
1943-02-28,160.53
1943-03-01,174.29
1943-03-02,154.64
1943-03-03,148.75
1943-03-04,150.71
1943-03-05,127.20
1943-03-06,127.20
1943-03-07,121.33
1943-03-08,101.81
1943-03-09,115.47
1943-03-10,111.56
1943-03-11,105.71
1943-03-12,94.02
1943-03-13,94.02
1943-03-14,88.19
1943-03-15,95.97
1943-03-16,90.13
1943-03-17,90.13
1943-03-18,90.13
1943-03-19,73.64
1943-03-20,56.28
1943-03-21,53.40
1943-03-22,86.25
1943-03-23,60.13
1943-03-24,58.20
1943-03-25,53.40
1943-03-26,58.20
1943-03-27,60.13
1943-03-28,58.20
1943-03-29,68.81
1943-03-30,64.95
1943-03-31,63.98
1943-04-01,105.71
1943-04-02,172.32
1943-04-03,179.20
1943-04-04,156.60
1943-04-05,138.95
1943-04-06,117.42
1943-04-07,94.02
1943-04-08,164.46
1943-04-09,172.32
1943-04-10,177.24
1943-04-11,169.37
1943-04-12,162.49
1943-04-13,150.71
1943-04-14,144.83
1943-04-15,125.24
1943-04-16,107.66
1943-04-17,101.81
1943-04-18,64.95
1943-04-19,88.19
1943-04-20,86.25
1943-04-21,86.25
1943-04-22,92.08
1943-04-23,81.39
1943-04-24,77.52
1943-04-25,77.52
1943-04-26,56.28
1943-04-27,73.64
1943-04-28,64.95
1943-04-29,73.64
1943-04-30,73.64
1943-05-01,68.81
1943-05-02,115.47
1943-05-03,111.56
1943-05-04,105.71
1943-05-05,84.30
1943-05-06,77.52
1943-05-07,84.30
1943-05-08,121.33
1943-05-09,127.20
1943-05-10,182.16
1943-05-11,192.98
1943-05-12,154.64
1943-05-13,182.16
1943-05-14,148.75
1943-05-15,127.20
1943-05-16,119.38
1943-05-17,107.66
1943-05-18,86.25
1943-05-19,95.97
1943-05-20,42.86
1943-05-21,77.52
1943-05-22,64.95
1943-05-23,73.64
1943-05-24,84.30
1943-05-25,75.58
1943-05-26,94.02
1943-05-27,105.71
1943-05-28,90.13
1943-05-29,75.58
1943-05-30,73.64
1943-05-31,70.74
1943-06-01,73.64
1943-06-02,56.28
1943-06-03,53.40
1943-06-04,51.48
1943-06-05,79.45
1943-06-06,73.64
1943-06-07,140.91
1943-06-08,135.03
1943-06-09,101.81
1943-06-10,195.94
1943-06-11,174.29
1943-06-12,133.07
1943-06-13,95.97
1943-06-14,86.25
1943-06-15,70.74
1943-06-16,81.39
1943-06-17,86.25
1943-06-18,94.02
1943-06-19,82.36
1943-06-20,92.08
1943-06-21,79.45
1943-06-22,105.71
1943-06-23,73.64
1943-06-24,68.81
1943-06-25,42.86
1943-06-26,31.46
1943-06-27,27.68
1943-06-28,28.62
1943-06-29,39.05
1943-06-30,30.51
1943-07-01,24.85
1943-07-02,22.04
1943-07-03,22.97
1943-07-04,10.00
1943-07-05,10.00
1943-07-06,10.88
1943-07-07,10.00
1943-07-08,10.00
1943-07-09,10.88
1943-07-10,10.00
1943-07-11,10.00
1943-07-12,10.00
1943-07-13,28.62
1943-07-14,10.88
1943-07-15,13.65
1943-07-16,10.00
1943-07-17,10.00
1943-07-18,10.00
1943-07-19,10.00
1943-07-20,10.00
1943-07-21,10.88
1943-07-22,13.65
1943-07-23,73.64
1943-07-24,111.56
1943-07-25,47.64
1943-07-26,36.20
1943-07-27,40.96
1943-07-28,38.10
1943-07-29,38.10
1943-07-30,39.05
1943-07-31,10.88
1943-08-01,10.00
1943-08-02,10.00
1943-08-03,10.00
1943-08-04,10.00
1943-08-05,10.00
1943-08-06,10.00
1943-08-07,10.00
1943-08-08,13.65
1943-08-09,13.65
1943-08-10,11.81
1943-08-11,10.00
1943-08-12,10.00
1943-08-13,10.00
1943-08-14,10.00
1943-08-15,14.58
1943-08-16,27.68
1943-08-17,22.97
1943-08-18,30.51
1943-08-19,28.62
1943-08-20,30.51
1943-08-21,10.00
1943-08-22,10.00
1943-08-23,13.65
1943-08-24,10.00
1943-08-25,10.00
1943-08-26,10.00
1943-08-27,17.37
1943-08-28,10.88
1943-08-29,10.00
1943-08-30,10.00
1943-08-31,14.58
1943-09-01,105.71
1943-09-02,34.30
1943-09-03,10.00
1943-09-04,10.00
1943-09-05,10.00
1943-09-06,10.00
1943-09-07,10.00
1943-09-08,10.00
1943-09-09,10.00
1943-09-10,10.00
1943-09-11,10.00
1943-09-12,10.00
1943-09-13,10.00
1943-09-14,10.00
1943-09-15,10.00
1943-09-16,10.00
1943-09-17,10.00
1943-09-18,10.00
1943-09-19,10.00
1943-09-20,10.00
1943-09-21,10.00
1943-09-22,10.00
1943-09-23,10.00
1943-09-24,10.00
1943-09-25,10.00
1943-09-26,10.00
1943-09-27,13.65
1943-09-28,24.85
1943-09-29,20.16
1943-09-30,20.16
1943-10-01,10.00
1943-10-02,14.58
1943-10-03,24.85
1943-10-04,11.81
1943-10-05,10.00
1943-10-06,10.00
1943-10-07,10.00
1943-10-08,10.00
1943-10-09,10.00
1943-10-10,10.00
1943-10-11,10.00
1943-10-12,10.00
1943-10-13,10.00
1943-10-14,10.00
1943-10-15,10.00
1943-10-16,10.00
1943-10-17,10.00
1943-10-18,10.00
1943-10-19,10.00
1943-10-20,10.00
1943-10-21,10.00
1943-10-22,10.00
1943-10-23,10.00
1943-10-24,10.00
1943-10-25,24.85
1943-10-26,31.46
1943-10-27,10.00
1943-10-28,27.68
1943-10-29,11.81
1943-10-30,14.58
1943-10-31,20.16
1943-11-01,10.00
1943-11-02,10.00
1943-11-03,10.00
1943-11-04,10.00
1943-11-05,10.00
1943-11-06,10.00
1943-11-07,13.65
1943-11-08,95.97
1943-11-09,81.39
1943-11-10,56.28
1943-11-11,31.46
1943-11-12,56.28
1943-11-13,43.82
1943-11-14,228.47
1943-11-15,269.95
1943-11-16,240.31
1943-11-17,207.76
1943-11-18,172.32
1943-11-19,131.11
1943-11-20,86.25
1943-11-21,90.13
1943-11-22,90.13
1943-11-23,82.36
1943-11-24,79.45
1943-11-25,195.94
1943-11-26,382.82
1943-11-27,309.51
1943-11-28,275.88
1943-11-29,285.77
1943-11-30,345.16
1943-12-01,502.00
1943-12-02,557.00
1943-12-03,517.00
1943-12-04,463.20
1943-12-05,418.53
1943-12-06,320.40
1943-12-07,285.77
1943-12-08,277.85
1943-12-09,191.01
1943-12-10,207.76
1943-12-11,167.41
1943-12-12,160.53
1943-12-13,135.03
1943-12-14,119.38
1943-12-15,123.29
1943-12-16,111.56
1943-12-17,92.08
1943-12-18,95.97
1943-12-19,73.64
1943-12-20,340.21
1943-12-21,511.00
1943-12-22,403.65
1943-12-23,367.95
1943-12-24,297.64
1943-12-25,272.91
1943-12-26,251.17
1943-12-27,212.69
1943-12-28,177.24
1943-12-29,199.88
1943-12-30,150.71
1943-12-31,169.37
1944-01-01,150.71
1944-01-02,160.53
1944-01-03,189.04
1944-01-04,259.07
1944-01-05,394.72
1944-01-06,391.75
1944-01-07,334.26
1944-01-08,306.54
1944-01-09,243.27
1944-01-10,300.60
1944-01-11,664.00
1944-01-12,700.00
1944-01-13,634.00
1944-01-14,557.00
1944-01-15,469.16
1944-01-16,442.35
1944-01-17,382.82
1944-01-18,340.21
1944-01-19,303.57
1944-01-20,272.91
1944-01-21,220.57
1944-01-22,266.98
1944-01-23,246.23
1944-01-24,283.79
1944-01-25,317.43
1944-01-26,424.49
1944-01-27,484.05
1944-01-28,526.00
1944-01-29,520.00
1944-01-30,487.03
1944-01-31,448.31
1944-02-01,382.82
1944-02-02,327.33
1944-02-03,359.03
1944-02-04,502.00
1944-02-05,499.00
1944-02-06,487.03
1944-02-07,454.26
1944-02-08,472.14
1944-02-09,535.00
1944-02-10,547.00
1944-02-11,631.00
1944-02-12,593.00
1944-02-13,514.00
1944-02-14,451.28
1944-02-15,367.95
1944-02-16,353.09
1944-02-17,332.28
1944-02-18,320.40
1944-02-19,269.95
1944-02-20,249.20
1944-02-21,199.88
1944-02-22,207.76
1944-02-23,195.94
1944-02-24,179.20
1944-02-25,150.71
1944-02-26,164.46
1944-02-27,158.57
1944-02-28,150.71
1944-02-29,146.79
1944-03-01,148.75
1944-03-02,135.03
1944-03-03,133.07
1944-03-04,133.07
1944-03-05,119.38
1944-03-06,117.42
1944-03-07,82.36
1944-03-08,109.61
1944-03-09,109.61
1944-03-10,111.56
1944-03-11,111.56
1944-03-12,107.66
1944-03-13,131.11
1944-03-14,306.54
1944-03-15,291.70
1944-03-16,266.98
1944-03-17,233.40
1944-03-18,220.57
1944-03-19,233.40
1944-03-20,280.82
1944-03-21,264.02
1944-03-22,283.79
1944-03-23,259.07
1944-03-24,207.76
1944-03-25,217.62
1944-03-26,169.37
1944-03-27,192.98
1944-03-28,184.12
1944-03-29,174.29
1944-03-30,164.46
1944-03-31,131.11
1944-04-01,144.83
1944-04-02,131.11
1944-04-03,125.24
1944-04-04,111.56
1944-04-05,146.79
1944-04-06,220.57
1944-04-07,228.47
1944-04-08,195.94
1944-04-09,186.09
1944-04-10,179.20
1944-04-11,158.57
1944-04-12,142.87
1944-04-13,115.47
1944-04-14,121.33
1944-04-15,121.33
1944-04-16,111.56
1944-04-17,111.56
1944-04-18,101.81
1944-04-19,53.40
1944-04-20,86.25
1944-04-21,77.52
1944-04-22,86.25
1944-04-23,73.64
1944-04-24,68.81
1944-04-25,73.64
1944-04-26,82.36
1944-04-27,82.36
1944-04-28,64.95
1944-04-29,64.95
1944-04-30,47.64
1944-05-01,49.56
1944-05-02,47.64
1944-05-03,55.32
1944-05-04,45.73
1944-05-05,55.32
1944-05-06,42.86
1944-05-07,38.10
1944-05-08,43.82
1944-05-09,39.05
1944-05-10,39.05
1944-05-11,39.05
1944-05-12,31.46
1944-05-13,24.85
1944-05-14,28.62
1944-05-15,31.46
1944-05-16,31.46
1944-05-17,33.35
1944-05-18,31.46
1944-05-19,31.46
1944-05-20,34.30
1944-05-21,30.51
1944-05-22,30.51
1944-05-23,40.96
1944-05-24,17.37
1944-05-25,17.37
1944-05-26,10.00
1944-05-27,10.00
1944-05-28,10.88
1944-05-29,10.88
1944-05-30,10.88
1944-05-31,10.00
1944-06-01,10.00
1944-06-02,17.37
1944-06-03,17.37
1944-06-04,17.37
1944-06-05,13.65
1944-06-06,10.88
1944-06-07,10.88
1944-06-08,17.37
1944-06-09,17.37
1944-06-10,43.82
1944-06-11,51.48
1944-06-12,40.96
1944-06-13,36.20
1944-06-14,28.62
1944-06-15,16.43
1944-06-16,10.00
1944-06-17,24.85
1944-06-18,243.27
1944-06-19,148.75
1944-06-20,86.25
1944-06-21,56.28
1944-06-22,38.10
1944-06-23,30.51
1944-06-24,10.88
1944-06-25,10.88
1944-06-26,13.65
1944-06-27,10.00
1944-06-28,10.88
1944-06-29,10.00
1944-06-30,10.00
1944-07-01,10.00
1944-07-02,31.46
1944-07-03,10.00
1944-07-04,10.00
1944-07-05,24.85
1944-07-06,24.85
1944-07-07,10.00
1944-07-08,10.88
1944-07-09,10.00
1944-07-10,10.00
1944-07-11,17.37
1944-07-12,56.28
1944-07-13,68.81
1944-07-14,28.62
1944-07-15,27.68
1944-07-16,17.37
1944-07-17,10.00
1944-07-18,10.00
1944-07-19,10.00
1944-07-20,10.00
1944-07-21,10.00
1944-07-22,14.58
1944-07-23,10.00
1944-07-24,60.13
1944-07-25,30.51
1944-07-26,16.43
1944-07-27,10.00
1944-07-28,10.88
1944-07-29,10.88
1944-07-30,10.00
1944-07-31,10.88
1944-08-01,38.10
1944-08-02,40.96
1944-08-03,24.85
1944-08-04,10.00
1944-08-05,10.00
1944-08-06,10.00
1944-08-07,10.00
1944-08-08,10.00
1944-08-09,10.00
1944-08-10,10.00
1944-08-11,10.00
1944-08-12,10.00
1944-08-13,10.00
1944-08-14,10.00
1944-08-15,10.00
1944-08-16,10.00
1944-08-17,10.00
1944-08-18,10.00
1944-08-19,10.00
1944-08-20,10.00
1944-08-21,10.00
1944-08-22,10.00
1944-08-23,10.00
1944-08-24,10.00
1944-08-25,10.00
1944-08-26,10.00
1944-08-27,10.00
1944-08-28,10.00
1944-08-29,10.00
1944-08-30,10.00
1944-08-31,16.43
1944-09-01,10.88
1944-09-02,10.00
1944-09-03,10.00
1944-09-04,10.00
1944-09-05,28.62
1944-09-06,14.58
1944-09-07,17.37
1944-09-08,24.85
1944-09-09,24.85
1944-09-10,34.30
1944-09-11,28.62
1944-09-12,16.43
1944-09-13,10.00
1944-09-14,10.00
1944-09-15,27.68
1944-09-16,47.64
1944-09-17,36.20
1944-09-18,45.73
1944-09-19,47.64
1944-09-20,39.05
1944-09-21,31.46
1944-09-22,24.85
1944-09-23,24.85
1944-09-24,25.79
1944-09-25,36.20
1944-09-26,10.00
1944-09-27,10.00
1944-09-28,10.00
1944-09-29,10.00
1944-09-30,10.00
1944-10-01,77.52
1944-10-02,105.71
1944-10-03,90.13
1944-10-04,81.39
1944-10-05,94.02
1944-10-06,60.13
1944-10-07,55.32
1944-10-08,55.32
1944-10-09,73.64
1944-10-10,51.48
1944-10-11,53.40
1944-10-12,105.71
1944-10-13,101.81
1944-10-14,86.25
1944-10-15,121.33
1944-10-16,92.08
1944-10-17,400.68
1944-10-18,478.09
1944-10-19,532.00
1944-10-20,892.00
1944-10-21,852.00
1944-10-22,688.00
1944-10-23,127.20
1944-10-24,251.17
1944-10-25,215.64
1944-10-26,154.64
1944-10-27,115.47
1944-10-28,113.52
1944-10-29,113.52
1944-10-30,81.39
1944-10-31,36.20
1944-11-01,172.32
1944-11-02,156.60
1944-11-03,125.24
1944-11-04,99.86
1944-11-05,115.47
1944-11-06,131.11
1944-11-07,154.64
1944-11-08,217.62
1944-11-09,350.11
1944-11-10,475.11
1944-11-11,599.00
1944-11-12,777.00
1944-11-13,734.00
1944-11-14,644.00
1944-11-15,713.00
1944-11-16,660.00
1944-11-17,624.00
1944-11-18,547.00
1944-11-19,526.00
1944-11-20,478.09
1944-11-21,644.00
1944-11-22,1027.00
1944-11-23,1121.00
1944-11-24,1317.00
1944-11-25,1474.00
1944-11-26,1810.00
1944-11-27,1791.00
1944-11-28,1396.00
1944-11-29,1192.00
1944-11-30,1168.00
1944-12-01,1077.00
1944-12-02,1067.00
1944-12-03,1002.00
1944-12-04,927.00
1944-12-05,1067.00
1944-12-06,977.00
1944-12-07,962.00
1944-12-08,1067.00
1944-12-09,1093.00
1944-12-10,1252.00
1944-12-11,1062.00
1944-12-12,1088.00
1944-12-13,1210.00
1944-12-14,1186.00
1944-12-15,1204.00
1944-12-16,957.00
1944-12-17,892.00
1944-12-18,777.00
1944-12-19,742.00
1944-12-20,692.00
1944-12-21,634.00
1944-12-22,582.00
1944-12-23,561.00
1944-12-24,502.00
1944-12-25,472.14
1944-12-26,445.33
1944-12-27,427.46
1944-12-28,323.37
1944-12-29,264.02
1944-12-30,233.40
1944-12-31,220.57
1945-01-01,115.47
1945-01-02,195.94
1945-01-03,160.53
1945-01-04,154.64
1945-01-05,152.68
1945-01-06,150.71
1945-01-07,146.79
1945-01-08,131.11
1945-01-09,129.16
1945-01-10,119.38
1945-01-11,105.71
1945-01-12,81.39
1945-01-13,63.98
1945-01-14,53.40
1945-01-15,64.95
1945-01-16,63.98
1945-01-17,49.56
1945-01-18,47.64
1945-01-19,92.08
1945-01-20,272.91
1945-01-21,309.51
1945-01-22,246.23
1945-01-23,172.32
1945-01-24,174.29
1945-01-25,172.32
1945-01-26,140.91
1945-01-27,160.53
1945-01-28,129.16
1945-01-29,109.61
1945-01-30,117.42
1945-01-31,131.11
1945-02-01,256.11
1945-02-02,617.00
1945-02-03,1002.00
1945-02-04,992.00
1945-02-05,992.00
1945-02-06,1240.00
1945-02-07,1285.00
1945-02-08,1252.00
1945-02-09,1162.00
1945-02-10,1210.00
1945-02-11,1210.00
1945-02-12,1396.00
1945-02-13,1915.00
1945-02-14,1749.00
1945-02-15,1630.00
1945-02-16,1356.00
1945-02-17,1150.00
1945-02-18,952.00
1945-02-19,827.00
1945-02-20,787.00
1945-02-21,708.00
1945-02-22,582.00
1945-02-23,532.00
1945-02-24,457.24
1945-02-25,406.63
1945-02-26,367.95
1945-02-27,343.18
1945-02-28,306.54
1945-03-01,195.94
1945-03-02,150.71
1945-03-03,152.68
1945-03-04,115.47
1945-03-05,259.07
1945-03-06,259.07
1945-03-07,327.33
1945-03-08,502.00
1945-03-09,517.00
1945-03-10,448.31
1945-03-11,397.70
1945-03-12,340.21
1945-03-13,280.82
1945-03-14,283.79
1945-03-15,272.91
1945-03-16,228.47
1945-03-17,199.88
1945-03-18,207.76
1945-03-19,150.71
1945-03-20,184.12
1945-03-21,174.29
1945-03-22,162.49
1945-03-23,162.49
1945-03-24,131.11
1945-03-25,140.91
1945-03-26,136.99
1945-03-27,142.87
1945-03-28,133.07
1945-03-29,152.68
1945-03-30,121.33
1945-03-31,140.91
1945-04-01,140.91
1945-04-02,135.03
1945-04-03,140.91
1945-04-04,220.57
1945-04-05,246.23
1945-04-06,150.71
1945-04-07,131.11
1945-04-08,131.11
1945-04-09,138.95
1945-04-10,140.91
1945-04-11,113.52
1945-04-12,101.81
1945-04-13,105.71
1945-04-14,125.24
1945-04-15,131.11
1945-04-16,150.71
1945-04-17,133.07
1945-04-18,121.33
1945-04-19,127.20
1945-04-20,72.68
1945-04-21,73.64
1945-04-22,82.36
1945-04-23,121.33
1945-04-24,123.29
1945-04-25,101.81
1945-04-26,64.95
1945-04-27,73.64
1945-04-28,92.08
1945-04-29,84.30
1945-04-30,111.56
1945-05-01,138.95
1945-05-02,133.07
1945-05-03,136.99
1945-05-04,138.95
1945-05-05,136.99
1945-05-06,140.91
1945-05-07,253.15
1945-05-08,246.23
1945-05-09,233.40
1945-05-10,195.94
1945-05-11,207.76
1945-05-12,127.20
1945-05-13,117.42
1945-05-14,92.08
1945-05-15,56.28
1945-05-16,92.08
1945-05-17,95.97
1945-05-18,64.95
1945-05-19,73.64
1945-05-20,82.36
1945-05-21,172.32
1945-05-22,164.46
1945-05-23,233.40
1945-05-24,195.94
1945-05-25,140.91
1945-05-26,111.56
1945-05-27,64.95
1945-05-28,92.08
1945-05-29,105.71
1945-05-30,103.76
1945-05-31,150.71
1945-06-01,121.33
1945-06-02,115.47
1945-06-03,101.81
1945-06-04,82.36
1945-06-05,47.64
1945-06-06,82.36
1945-06-07,53.40
1945-06-08,53.40
1945-06-09,49.56
1945-06-10,47.64
1945-06-11,64.95
1945-06-12,45.73
1945-06-13,72.68
1945-06-14,88.19
1945-06-15,94.02
1945-06-16,82.36
1945-06-17,47.64
1945-06-18,56.28
1945-06-19,49.56
1945-06-20,51.48
1945-06-21,42.86
1945-06-22,56.28
1945-06-23,10.00
1945-06-24,17.37
1945-06-25,39.05
1945-06-26,40.96
1945-06-27,31.46
1945-06-28,39.05
1945-06-29,47.64
1945-06-30,39.05
1945-07-01,30.51
1945-07-02,39.05
1945-07-03,56.28
1945-07-04,81.39
1945-07-05,81.39
1945-07-06,70.74
1945-07-07,56.28
1945-07-08,36.20
1945-07-09,73.64
1945-07-10,24.85
1945-07-11,33.35
1945-07-12,27.68
1945-07-13,27.68
1945-07-14,10.00
1945-07-15,10.00
1945-07-16,10.00
1945-07-17,10.00
1945-07-18,10.00
1945-07-19,34.30
1945-07-20,10.00
1945-07-21,10.00
1945-07-22,10.00
1945-07-23,10.00
1945-07-24,10.00
1945-07-25,10.00
1945-07-26,10.00
1945-07-27,10.00
1945-07-28,10.00
1945-07-29,10.00
1945-07-30,10.00
1945-07-31,10.00
1945-08-01,10.00
1945-08-02,10.00
1945-08-03,10.00
1945-08-04,10.00
1945-08-05,10.00
1945-08-06,10.00
1945-08-07,10.00
1945-08-08,10.00
1945-08-09,10.00
1945-08-10,10.00
1945-08-11,121.33
1945-08-12,47.64
1945-08-13,47.64
1945-08-14,30.51
1945-08-15,39.05
1945-08-16,20.16
1945-08-17,39.05
1945-08-18,39.05
1945-08-19,56.28
1945-08-20,39.05
1945-08-21,119.38
1945-08-22,24.85
1945-08-23,33.35
1945-08-24,49.56
1945-08-25,17.37
1945-08-26,64.95
1945-08-27,73.64
1945-08-28,103.76
1945-08-29,10.88
1945-08-30,24.85
1945-08-31,13.65
1945-09-01,10.00
1945-09-02,17.37
1945-09-03,17.37
1945-09-04,24.85
1945-09-05,17.37
1945-09-06,10.00
1945-09-07,64.95
1945-09-08,10.88
1945-09-09,24.85
1945-09-10,22.97
1945-09-11,24.85
1945-09-12,20.16
1945-09-13,22.04
1945-09-14,22.04
1945-09-15,27.68
1945-09-16,31.46
1945-09-17,20.16
1945-09-18,16.43
1945-09-19,20.16
1945-09-20,28.62
1945-09-21,49.56
1945-09-22,34.30
1945-09-23,55.32
1945-09-24,56.28
1945-09-25,39.05
1945-09-26,47.64
1945-09-27,39.05
1945-09-28,68.81
1945-09-29,92.08
1945-09-30,101.81
1945-10-01,56.28
1945-10-02,53.40
1945-10-03,39.05
1945-10-04,47.64
1945-10-05,39.05
1945-10-06,36.20
1945-10-07,31.46
1945-10-08,39.05
1945-10-09,31.46
1945-10-10,10.00
1945-10-11,20.16
1945-10-12,20.16
1945-10-13,10.00
1945-10-14,56.28
1945-10-15,10.00
1945-10-16,17.37
1945-10-17,11.81
1945-10-18,11.81
1945-10-19,19.23
1945-10-20,19.23
1945-10-21,24.85
1945-10-22,24.85
1945-10-23,20.16
1945-10-24,10.00
1945-10-25,10.00
1945-10-26,10.88
1945-10-27,10.00
1945-10-28,17.37
1945-10-29,49.56
1945-10-30,14.58
1945-10-31,10.88
1945-11-01,10.00
1945-11-02,10.00
1945-11-03,28.62
1945-11-04,31.46
1945-11-05,38.10
1945-11-06,22.04
1945-11-07,17.37
1945-11-08,14.58
1945-11-09,53.40
1945-11-10,111.56
1945-11-11,101.81
1945-11-12,129.16
1945-11-13,119.38
1945-11-14,92.08
1945-11-15,92.08
1945-11-16,92.08
1945-11-17,88.19
1945-11-18,92.08
1945-11-19,56.28
1945-11-20,56.28
1945-11-21,53.40
1945-11-22,47.64
1945-11-23,42.86
1945-11-24,47.64
1945-11-25,47.64
1945-11-26,30.51
1945-11-27,55.32
1945-11-28,24.85
1945-11-29,45.73
1945-11-30,40.96
1945-12-01,30.51
1945-12-02,38.10
1945-12-03,31.46
1945-12-04,56.28
1945-12-05,92.08
1945-12-06,92.08
1945-12-07,73.64
1945-12-08,121.33
1945-12-09,82.36
1945-12-10,82.36
1945-12-11,77.52
1945-12-12,75.58
1945-12-13,63.98
1945-12-14,121.33
1945-12-15,111.56
1945-12-16,92.08
1945-12-17,82.36
1945-12-18,131.11
1945-12-19,127.20
1945-12-20,160.53
1945-12-21,101.81
1945-12-22,150.71
1945-12-23,136.99
1945-12-24,121.33
1945-12-25,121.33
1945-12-26,220.57
1945-12-27,207.76
1945-12-28,225.51
1945-12-29,315.45
1945-12-30,334.26
1945-12-31,427.46
1946-01-01,397.70
1946-01-02,353.09
1946-01-03,251.17
1946-01-04,246.23
1946-01-05,207.76
1946-01-06,195.94
1946-01-07,189.04
1946-01-08,160.53
1946-01-09,144.83
1946-01-10,195.94
1946-01-11,259.07
1946-01-12,412.58
1946-01-13,472.14
1946-01-14,538.00
1946-01-15,457.24
1946-01-16,353.09
1946-01-17,327.33
1946-01-18,246.23
1946-01-19,266.98
1946-01-20,210.71
1946-01-21,210.71
1946-01-22,172.32
1946-01-23,150.71
1946-01-24,135.03
1946-01-25,131.11
1946-01-26,140.91
1946-01-27,123.29
1946-01-28,90.13
1946-01-29,101.81
1946-01-30,150.71
1946-01-31,652.00
1946-02-01,599.00
1946-02-02,571.00
1946-02-03,564.00
1946-02-04,902.00
1946-02-05,1438.00
1946-02-06,1657.00
1946-02-07,1482.00
1946-02-08,1375.00
1946-02-09,1452.00
1946-02-10,1639.00
1946-02-11,1612.00
1946-02-12,1452.00
1946-02-13,1252.00
1946-02-14,1012.00
1946-02-15,852.00
1946-02-16,742.00
1946-02-17,628.00
1946-02-18,571.00
1946-02-19,538.00
1946-02-20,478.09
1946-02-21,442.35
1946-02-22,457.24
1946-02-23,460.22
1946-02-24,902.00
1946-02-25,887.00
1946-02-26,713.00
1946-02-27,634.00
1946-02-28,617.00
1946-03-01,564.00
1946-03-02,529.00
1946-03-03,472.14
1946-03-04,487.03
1946-03-05,457.24
1946-03-06,412.58
1946-03-07,484.05
1946-03-08,508.00
1946-03-09,487.03
1946-03-10,385.80
1946-03-11,315.45
1946-03-12,315.45
1946-03-13,300.60
1946-03-14,388.77
1946-03-15,367.95
1946-03-16,340.21
1946-03-17,300.60
1946-03-18,275.88
1946-03-19,253.15
1946-03-20,223.53
1946-03-21,259.07
1946-03-22,220.57
1946-03-23,259.07
1946-03-24,266.98
1946-03-25,233.40
1946-03-26,225.51
1946-03-27,207.76
1946-03-28,177.24
1946-03-29,189.04
1946-03-30,150.71
1946-03-31,154.64
1946-04-01,144.83
1946-04-02,150.71
1946-04-03,131.11
1946-04-04,97.91
1946-04-05,125.24
1946-04-06,123.29
1946-04-07,121.33
1946-04-08,146.79
1946-04-09,125.24
1946-04-10,127.20
1946-04-11,121.33
1946-04-12,109.61
1946-04-13,101.81
1946-04-14,79.45
1946-04-15,92.08
1946-04-16,82.36
1946-04-17,92.08
1946-04-18,95.97
1946-04-19,123.29
1946-04-20,103.76
1946-04-21,97.91
1946-04-22,101.81
1946-04-23,101.81
1946-04-24,88.19
1946-04-25,79.45
1946-04-26,60.13
1946-04-27,81.39
1946-04-28,75.58
1946-04-29,70.74
1946-04-30,82.36
1946-05-01,101.81
1946-05-02,95.97
1946-05-03,95.97
1946-05-04,92.08
1946-05-05,81.39
1946-05-06,68.81
1946-05-07,53.40
1946-05-08,64.95
1946-05-09,47.64
1946-05-10,45.73
1946-05-11,49.56
1946-05-12,53.40
1946-05-13,49.56
1946-05-14,60.13
1946-05-15,73.64
1946-05-16,72.68
1946-05-17,62.05
1946-05-18,56.28
1946-05-19,53.40
1946-05-20,53.40
1946-05-21,62.05
1946-05-22,56.28
1946-05-23,56.28
1946-05-24,56.28
1946-05-25,49.56
1946-05-26,53.40
1946-05-27,140.91
1946-05-28,217.62
1946-05-29,101.81
1946-05-30,125.24
1946-05-31,121.33
1946-06-01,101.81
1946-06-02,95.97
1946-06-03,97.91
1946-06-04,140.91
1946-06-05,117.42
1946-06-06,95.97
1946-06-07,56.28
1946-06-08,75.58
1946-06-09,72.68
1946-06-10,148.75
1946-06-11,127.20
1946-06-12,95.97
1946-06-13,99.86
1946-06-14,79.45
1946-06-15,99.86
1946-06-16,94.02
1946-06-17,125.24
1946-06-18,140.91
1946-06-19,107.66
1946-06-20,107.66
1946-06-21,99.86
1946-06-22,105.71
1946-06-23,103.76
1946-06-24,94.02
1946-06-25,109.61
1946-06-26,97.91
1946-06-27,92.08
1946-06-28,101.81
1946-06-29,103.76
1946-06-30,84.30
1946-07-01,17.37
1946-07-02,64.95
1946-07-03,53.40
1946-07-04,140.91
1946-07-05,101.81
1946-07-06,77.52
1946-07-07,66.88
1946-07-08,79.45
1946-07-09,68.81
1946-07-10,53.40
1946-07-11,24.85
1946-07-12,25.79
1946-07-13,17.37
1946-07-14,40.96
1946-07-15,22.04
1946-07-16,17.37
1946-07-17,22.04
1946-07-18,31.46
1946-07-19,30.51
1946-07-20,27.68
1946-07-21,39.05
1946-07-22,22.04
1946-07-23,22.04
1946-07-24,19.23
1946-07-25,22.04
1946-07-26,17.37
1946-07-27,22.97
1946-07-28,10.88
1946-07-29,10.88
1946-07-30,10.00
1946-07-31,10.88
1946-08-01,16.43
1946-08-02,10.00
1946-08-03,24.85
1946-08-04,13.65
1946-08-05,17.37
1946-08-06,17.37
1946-08-07,17.37
1946-08-08,17.37
1946-08-09,17.37
1946-08-10,10.88
1946-08-11,11.81
1946-08-12,14.58
1946-08-13,10.00
1946-08-14,10.88
1946-08-15,10.88
1946-08-16,13.65
1946-08-17,10.88
1946-08-18,10.88
1946-08-19,10.00
1946-08-20,10.00
1946-08-21,11.81
1946-08-22,17.37
1946-08-23,28.62
1946-08-24,22.04
1946-08-25,36.20
1946-08-26,10.00
1946-08-27,10.00
1946-08-28,17.37
1946-08-29,24.85
1946-08-30,10.88
1946-08-31,10.00
1946-09-01,10.88
1946-09-02,127.20
1946-09-03,24.85
1946-09-04,47.64
1946-09-05,24.85
1946-09-06,39.05
1946-09-07,30.51
1946-09-08,24.85
1946-09-09,24.85
1946-09-10,233.40
1946-09-11,31.46
1946-09-12,10.00
1946-09-13,17.37
1946-09-14,22.04
1946-09-15,10.00
1946-09-16,10.00
1946-09-17,10.00
1946-09-18,10.00
1946-09-19,10.00
1946-09-20,24.85
1946-09-21,115.47
1946-09-22,113.52
1946-09-23,99.86
1946-09-24,17.37
1946-09-25,60.13
1946-09-26,43.82
1946-09-27,10.00
1946-09-28,13.65
1946-09-29,17.37
1946-09-30,31.46
1946-10-01,31.46
1946-10-02,31.46
1946-10-03,33.35
1946-10-04,39.05
1946-10-05,73.64
1946-10-06,73.64
1946-10-07,56.28
1946-10-08,43.82
1946-10-09,17.37
1946-10-10,47.64
1946-10-11,27.68
1946-10-12,24.85
1946-10-13,10.88
1946-10-14,13.65
1946-10-15,13.65
1946-10-16,47.64
1946-10-17,82.36
1946-10-18,22.04
1946-10-19,17.37
1946-10-20,10.00
1946-10-21,10.00
1946-10-22,10.00
1946-10-23,10.88
1946-10-24,38.10
1946-10-25,10.88
1946-10-26,17.37
1946-10-27,10.00
1946-10-28,10.88
1946-10-29,31.46
1946-10-30,36.20
1946-10-31,27.68
1946-11-01,13.65
1946-11-02,10.88
1946-11-03,10.88
1946-11-04,16.43
1946-11-05,16.43
1946-11-06,10.00
1946-11-07,10.88
1946-11-08,10.88
1946-11-09,10.00
1946-11-10,10.00
1946-11-11,10.00
1946-11-12,10.00
1946-11-13,10.00
1946-11-14,10.88
1946-11-15,10.88
1946-11-16,14.58
1946-11-17,10.88
1946-11-18,10.88
1946-11-19,27.68
1946-11-20,42.86
1946-11-21,101.81
1946-11-22,131.11
1946-11-23,68.81
1946-11-24,90.13
1946-11-25,82.36
1946-11-26,60.13
1946-11-27,97.91
1946-11-28,77.52
1946-11-29,77.52
1946-11-30,64.95
1946-12-01,88.19
1946-12-02,101.81
1946-12-03,285.77
1946-12-04,442.35
1946-12-05,487.03
1946-12-06,472.14
1946-12-07,353.09
1946-12-08,202.83
1946-12-09,53.40
1946-12-10,300.60
1946-12-11,457.24
1946-12-12,382.82
1946-12-13,367.95
1946-12-14,272.91
1946-12-15,262.04
1946-12-16,191.01
1946-12-17,179.20
1946-12-18,127.20
1946-12-19,148.75
1946-12-20,220.57
1946-12-21,189.04
1946-12-22,135.03
1946-12-23,82.36
1946-12-24,47.64
1946-12-25,31.46
1946-12-26,31.46
1946-12-27,92.08
1946-12-28,64.95
1946-12-29,82.36
1946-12-30,86.25
1946-12-31,73.64
1947-01-01,60.28
1947-01-02,26.04
1947-01-03,51.64
1947-01-04,43.05
1947-01-05,10.00
1947-01-06,10.00
1947-01-07,171.41
1947-01-08,105.81
1947-01-09,62.20
1947-01-10,74.74
1947-01-11,74.74
1947-01-12,74.74
1947-01-13,164.53
1947-01-14,289.77
1947-01-15,413.60
1947-01-16,419.56
1947-01-17,416.58
1947-01-18,352.13
1947-01-19,266.04
1947-01-20,287.79
1947-01-21,266.04
1947-01-22,229.51
1947-01-23,214.71
1947-01-24,227.53
1947-01-25,121.42
1947-01-26,164.53
1947-01-27,199.94
1947-01-28,176.32
1947-01-29,115.56
1947-01-30,68.95
1947-01-31,66.05
1947-02-01,67.98
1947-02-02,77.64
1947-02-03,77.64
1947-02-04,74.74
1947-02-05,60.28
1947-02-06,74.74
1947-02-07,74.74
1947-02-08,42.10
1947-02-09,51.64
1947-02-10,86.36
1947-02-11,77.64
1947-02-12,94.13
1947-02-13,68.95
1947-02-14,53.56
1947-02-15,57.40
1947-02-16,67.98
1947-02-17,57.40
1947-02-18,53.56
1947-02-19,49.73
1947-02-20,53.56
1947-02-21,23.23
1947-02-22,37.35
1947-02-23,43.05
1947-02-24,96.08
1947-02-25,144.91
1947-02-26,144.91
1947-02-27,139.03
1947-02-28,115.56
1947-03-01,77.64
1947-03-02,13.96
1947-03-03,46.86
1947-03-04,47.82
1947-03-05,72.81
1947-03-06,386.82
1947-03-07,476.14
1947-03-08,416.58
1947-03-09,371.95
1947-03-10,357.09
1947-03-11,473.16
1947-03-12,1001.00
1947-03-13,821.00
1947-03-14,759.00
1947-03-15,996.00
1947-03-16,831.00
1947-03-17,696.00
1947-03-18,586.00
1947-03-19,497.00
1947-03-20,446.35
1947-03-21,482.09
1947-03-22,500.00
1947-03-23,856.00
1947-03-24,911.00
1947-03-25,946.00
1947-03-26,881.00
1947-03-27,781.00
1947-03-28,708.00
1947-03-29,638.00
1947-03-30,558.00
1947-03-31,521.00
1947-04-01,431.46
1947-04-02,344.21
1947-04-03,366.01
1947-04-04,304.60
1947-04-05,366.01
1947-04-06,494.01
1947-04-07,1097.00
1947-04-08,1421.00
1947-04-09,1456.00
1947-04-10,1321.00
1947-04-11,1006.00
1947-04-12,831.00
1947-04-13,491.03
1947-04-14,437.42
1947-04-15,371.95
1947-04-16,371.95
1947-04-17,289.77
1947-04-18,270.98
1947-04-19,234.44
1947-04-20,199.94
1947-04-21,244.31
1947-04-22,196.98
1947-04-23,199.94
1947-04-24,188.12
1947-04-25,188.12
1947-04-26,144.91
1947-04-27,135.11
1947-04-28,131.20
1947-04-29,125.33
1947-04-30,129.24
1947-05-01,131.20
1947-05-02,125.33
1947-05-03,139.03
1947-05-04,127.29
1947-05-05,123.38
1947-05-06,125.33
1947-05-07,123.38
1947-05-08,115.56
1947-05-09,43.05
1947-05-10,77.64
1947-05-11,115.56
1947-05-12,123.38
1947-05-13,129.24
1947-05-14,88.30
1947-05-15,74.74
1947-05-16,92.19
1947-05-17,70.88
1947-05-18,77.64
1947-05-19,77.64
1947-05-20,77.64
1947-05-21,79.58
1947-05-22,60.28
1947-05-23,53.56
1947-05-24,28.85
1947-05-25,60.28
1947-05-26,64.13
1947-05-27,66.05
1947-05-28,66.05
1947-05-29,57.40
1947-05-30,53.56
1947-05-31,53.56
1947-06-01,10.00
1947-06-02,51.64
1947-06-03,26.04
1947-06-04,51.64
1947-06-05,53.56
1947-06-06,51.64
1947-06-07,49.73
1947-06-08,51.64
1947-06-09,60.28
1947-06-10,94.13
1947-06-11,88.30
1947-06-12,47.82
1947-06-13,51.64
1947-06-14,28.85
1947-06-15,43.05
1947-06-16,38.30
1947-06-17,43.05
1947-06-18,37.35
1947-06-19,10.00
1947-06-20,10.00
1947-06-21,38.30
1947-06-22,12.13
1947-06-23,12.13
1947-06-24,10.00
1947-06-25,10.00
1947-06-26,10.00
1947-06-27,10.00
1947-06-28,10.00
1947-06-29,10.00
1947-06-30,10.00
1947-07-01,10.00
1947-07-02,10.00
1947-07-03,10.00
1947-07-04,10.00
1947-07-05,10.00
1947-07-06,10.00
1947-07-07,10.00
1947-07-08,10.00
1947-07-09,10.00
1947-07-10,10.00
1947-07-11,10.00
1947-07-12,10.00
1947-07-13,10.00
1947-07-14,10.00
1947-07-15,10.00
1947-07-16,10.00
1947-07-17,10.00
1947-07-18,10.00
1947-07-19,21.37
1947-07-20,21.37
1947-07-21,31.68
1947-07-22,10.00
1947-07-23,10.00
1947-07-24,10.00
1947-07-25,10.00
1947-07-26,10.00
1947-07-27,10.00
1947-07-28,10.00
1947-07-29,10.00
1947-07-30,10.00
1947-07-31,10.00
1947-08-01,10.00
1947-08-02,10.00
1947-08-03,10.00
1947-08-04,10.00
1947-08-05,10.00
1947-08-06,10.00
1947-08-07,10.00
1947-08-08,10.00
1947-08-09,10.00
1947-08-10,10.00
1947-08-11,10.00
1947-08-12,10.00
1947-08-13,10.00
1947-08-14,10.00
1947-08-15,10.00
1947-08-16,10.00
1947-08-17,10.00
1947-08-18,10.00
1947-08-19,10.00
1947-08-20,10.00
1947-08-21,10.00
1947-08-22,10.00
1947-08-23,10.00
1947-08-24,10.00
1947-08-25,10.00
1947-08-26,10.00
1947-08-27,10.00
1947-08-28,10.00
1947-08-29,10.00
1947-08-30,10.00
1947-08-31,10.00
1947-09-01,10.00
1947-09-02,10.00
1947-09-03,10.00
1947-09-04,10.00
1947-09-05,10.00
1947-09-06,10.00
1947-09-07,10.00
1947-09-08,10.00
1947-09-09,10.00
1947-09-10,10.00
1947-09-11,10.00
1947-09-12,10.00
1947-09-13,10.00
1947-09-14,10.00
1947-09-15,224.57
1947-09-16,47.82
1947-09-17,10.00
1947-09-18,10.00
1947-09-19,10.00
1947-09-20,10.00
1947-09-21,10.00
1947-09-22,10.00
1947-09-23,10.00
1947-09-24,10.00
1947-09-25,10.00
1947-09-26,10.00
1947-09-27,10.00
1947-09-28,10.00
1947-09-29,10.00
1947-09-30,10.00
1947-10-01,10.00
1947-10-02,10.00
1947-10-03,10.00
1947-10-04,10.00
1947-10-05,10.00
1947-10-06,10.00
1947-10-07,10.00
1947-10-08,10.00
1947-10-09,10.00
1947-10-10,10.00
1947-10-11,10.00
1947-10-12,10.00
1947-10-13,10.00
1947-10-14,10.00
1947-10-15,10.00
1947-10-16,10.00
1947-10-17,10.00
1947-10-18,10.00
1947-10-19,10.00
1947-10-20,10.00
1947-10-21,10.00
1947-10-22,10.00
1947-10-23,10.00
1947-10-24,10.00
1947-10-25,10.00
1947-10-26,10.00
1947-10-27,10.00
1947-10-28,10.00
1947-10-29,10.00
1947-10-30,10.00
1947-10-31,10.00
1947-11-01,10.00
1947-11-02,10.00
1947-11-03,10.00
1947-11-04,10.00
1947-11-05,10.00
1947-11-06,10.00
1947-11-07,10.00
1947-11-08,10.00
1947-11-09,10.00
1947-11-10,10.00
1947-11-11,10.00
1947-11-12,10.00
1947-11-13,10.00
1947-11-14,14.88
1947-11-15,26.04
1947-11-16,10.00
1947-11-17,10.00
1947-11-18,10.00
1947-11-19,10.00
1947-11-20,10.00
1947-11-21,10.00
1947-11-22,10.00
1947-11-23,10.00
1947-11-24,10.00
1947-11-25,14.88
1947-11-26,35.46
1947-11-27,28.85
1947-11-28,23.23
1947-11-29,18.58
1947-11-30,21.37
1947-12-01,21.37
1947-12-02,21.37
1947-12-03,11.22
1947-12-04,10.00
1947-12-05,10.00
1947-12-06,10.00
1947-12-07,32.62
1947-12-08,35.46
1947-12-09,53.56
1947-12-10,53.56
1947-12-11,14.88
1947-12-12,17.65
1947-12-13,29.79
1947-12-14,59.32
1947-12-15,43.05
1947-12-16,37.35
1947-12-17,55.48
1947-12-18,96.08
1947-12-19,60.28
1947-12-20,68.95
1947-12-21,115.56
1947-12-22,154.71
1947-12-23,176.32
1947-12-24,160.60
1947-12-25,115.56
1947-12-26,150.79
1947-12-27,164.53
1947-12-28,603.00
1947-12-29,1289.00
1947-12-30,1347.00
1947-12-31,971.00
1948-01-01,729.00
1948-01-02,781.00
1948-01-03,1097.00
1948-01-04,1456.00
1948-01-05,1435.00
1948-01-06,1196.00
1948-01-07,971.00
1948-01-08,871.00
1948-01-09,856.00
1948-01-10,871.00
1948-01-11,806.00
1948-01-12,696.00
1948-01-13,680.00
1948-01-14,1031.00
1948-01-15,1327.00
1948-01-16,1501.00
1948-01-17,1302.00
1948-01-18,1142.00
1948-01-19,1021.00
1948-01-20,931.00
1948-01-21,796.00
1948-01-22,772.00
1948-01-23,717.00
1948-01-24,638.00
1948-01-25,568.00
1948-01-26,527.00
1948-01-27,506.00
1948-01-28,491.03
1948-01-29,446.35
1948-01-30,446.35
1948-01-31,536.00
1948-02-01,759.00
1948-02-02,742.00
1948-02-03,688.00
1948-02-04,729.00
1948-02-05,742.00
1948-02-06,656.00
1948-02-07,656.00
1948-02-08,772.00
1948-02-09,956.00
1948-02-10,866.00
1948-02-11,796.00
1948-02-12,751.00
1948-02-13,676.00
1948-02-14,603.00
1948-02-15,558.00
1948-02-16,551.00
1948-02-17,455.28
1948-02-18,401.70
1948-02-19,357.09
1948-02-20,319.45
1948-02-21,237.40
1948-02-22,260.11
1948-02-23,250.23
1948-02-24,237.40
1948-02-25,201.91
1948-02-26,206.83
1948-02-27,168.46
1948-02-28,146.87
1948-02-29,164.53
1948-03-01,176.32
1948-03-02,168.46
1948-03-03,173.37
1948-03-04,164.53
1948-03-05,154.71
1948-03-06,150.79
1948-03-07,142.95
1948-03-08,115.56
1948-03-09,115.56
1948-03-10,105.81
1948-03-11,96.08
1948-03-12,90.25
1948-03-13,96.08
1948-03-14,68.95
1948-03-15,85.39
1948-03-16,88.30
1948-03-17,105.81
1948-03-18,199.94
1948-03-19,211.76
1948-03-20,224.57
1948-03-21,196.98
1948-03-22,186.16
1948-03-23,176.32
1948-03-24,154.71
1948-03-25,154.71
1948-03-26,125.33
1948-03-27,121.42
1948-03-28,125.33
1948-03-29,115.56
1948-03-30,107.76
1948-03-31,103.86
1948-04-01,105.81
1948-04-02,111.66
1948-04-03,152.75
1948-04-04,162.57
1948-04-05,181.24
1948-04-06,416.58
1948-04-07,692.00
1948-04-08,635.00
1948-04-09,568.00
1948-04-10,506.00
1948-04-11,491.03
1948-04-12,401.70
1948-04-13,253.20
1948-04-14,295.70
1948-04-15,247.27
1948-04-16,201.91
1948-04-17,221.62
1948-04-18,216.69
1948-04-19,181.24
1948-04-20,181.24
1948-04-21,188.12
1948-04-22,156.68
1948-04-23,168.46
1948-04-24,224.57
1948-04-25,193.04
1948-04-26,195.01
1948-04-27,176.32
1948-04-28,158.64
1948-04-29,125.33
1948-04-30,144.91
1948-05-01,183.20
1948-05-02,242.34
1948-05-03,203.88
1948-05-04,232.47
1948-05-05,219.64
1948-05-06,186.16
1948-05-07,150.79
1948-05-08,152.75
1948-05-09,139.03
1948-05-10,129.24
1948-05-11,79.58
1948-05-12,164.53
1948-05-13,176.32
1948-05-14,160.60
1948-05-15,144.91
1948-05-16,127.29
1948-05-17,98.02
1948-05-18,107.76
1948-05-19,51.64
1948-05-20,90.25
1948-05-21,88.30
1948-05-22,49.73
1948-05-23,67.98
1948-05-24,60.28
1948-05-25,57.40
1948-05-26,60.28
1948-05-27,119.47
1948-05-28,46.86
1948-05-29,81.52
1948-05-30,70.88
1948-05-31,86.36
1948-06-01,111.66
1948-06-02,77.64
1948-06-03,83.45
1948-06-04,121.42
1948-06-05,105.81
1948-06-06,140.99
1948-06-07,113.61
1948-06-08,109.71
1948-06-09,74.74
1948-06-10,72.81
1948-06-11,68.95
1948-06-12,51.64
1948-06-13,46.86
1948-06-14,43.05
1948-06-15,42.10
1948-06-16,68.95
1948-06-17,26.97
1948-06-18,29.79
1948-06-19,55.48
1948-06-20,37.35
1948-06-21,35.46
1948-06-22,26.04
1948-06-23,28.85
1948-06-24,53.56
1948-06-25,35.46
1948-06-26,35.46
1948-06-27,34.51
1948-06-28,26.04
1948-06-29,32.62
1948-06-30,60.28
1948-07-01,140.99
1948-07-02,242.34
1948-07-03,152.75
1948-07-04,99.97
1948-07-05,94.13
1948-07-06,162.57
1948-07-07,371.95
1948-07-08,313.51
1948-07-09,349.16
1948-07-10,455.28
1948-07-11,746.00
1948-07-12,700.00
1948-07-13,565.00
1948-07-14,603.00
1948-07-15,542.00
1948-07-16,452.31
1948-07-17,431.46
1948-07-18,289.77
1948-07-19,377.90
1948-07-20,392.77
1948-07-21,336.28
1948-07-22,284.82
1948-07-23,240.36
1948-07-24,203.88
1948-07-25,188.12
1948-07-26,168.46
1948-07-27,139.03
1948-07-28,139.03
1948-07-29,142.95
1948-07-30,117.52
1948-07-31,119.47
1948-08-01,115.56
1948-08-02,125.33
1948-08-03,219.64
1948-08-04,199.94
1948-08-05,162.57
1948-08-06,140.99
1948-08-07,148.83
1948-08-08,139.03
1948-08-09,146.87
1948-08-10,115.56
1948-08-11,113.61
1948-08-12,140.99
1948-08-13,148.83
1948-08-14,203.88
1948-08-15,183.20
1948-08-16,188.12
1948-08-17,176.32
1948-08-18,146.87
1948-08-19,242.34
1948-08-20,295.70
1948-08-21,268.02
1948-08-22,250.23
1948-08-23,234.44
1948-08-24,247.27
1948-08-25,310.54
1948-08-26,313.51
1948-08-27,295.70
1948-08-28,266.04
1948-08-29,240.36
1948-08-30,240.36
1948-08-31,171.41
1948-09-01,164.53
1948-09-02,146.87
1948-09-03,142.95
1948-09-04,139.03
1948-09-05,131.20
1948-09-06,115.56
1948-09-07,224.57
1948-09-08,266.04
1948-09-09,244.31
1948-09-10,173.37
1948-09-11,148.83
1948-09-12,152.75
1948-09-13,144.91
1948-09-14,164.53
1948-09-15,193.04
1948-09-16,176.32
1948-09-17,178.29
1948-09-18,154.71
1948-09-19,117.52
1948-09-20,121.42
1948-09-21,115.56
1948-09-22,109.71
1948-09-23,98.02
1948-09-24,86.36
1948-09-25,86.36
1948-09-26,96.08
1948-09-27,70.88
1948-09-28,38.30
1948-09-29,55.48
1948-09-30,64.13
1948-10-01,76.68
1948-10-02,47.82
1948-10-03,68.95
1948-10-04,57.40
1948-10-05,57.40
1948-10-06,66.05
1948-10-07,55.48
1948-10-08,57.40
1948-10-09,55.48
1948-10-10,43.05
1948-10-11,43.05
1948-10-12,47.82
1948-10-13,49.73
1948-10-14,43.05
1948-10-15,64.13
1948-10-16,46.86
1948-10-17,44.96
1948-10-18,49.73
1948-10-19,47.82
1948-10-20,60.28
1948-10-21,101.91
1948-10-22,40.20
1948-10-23,66.05
1948-10-24,60.28
1948-10-25,55.48
1948-10-26,60.28
1948-10-27,55.48
1948-10-28,60.28
1948-10-29,60.28
1948-10-30,47.82
1948-10-31,42.10
1948-11-01,55.48
1948-11-02,44.96
1948-11-03,59.32
1948-11-04,62.20
1948-11-05,66.05
1948-11-06,150.79
1948-11-07,154.71
1948-11-08,195.01
1948-11-09,146.87
1948-11-10,150.79
1948-11-11,171.41
1948-11-12,123.38
1948-11-13,146.87
1948-11-14,125.33
1948-11-15,133.16
1948-11-16,131.20
1948-11-17,109.71
1948-11-18,81.52
1948-11-19,137.07
1948-11-20,119.47
1948-11-21,133.16
1948-11-22,133.16
1948-11-23,133.16
1948-11-24,135.11
1948-11-25,119.47
1948-11-26,109.71
1948-11-27,94.13
1948-11-28,94.13
1948-11-29,94.13
1948-11-30,94.13
1948-12-01,57.40
1948-12-02,77.64
1948-12-03,81.52
1948-12-04,59.32
1948-12-05,55.48
1948-12-06,119.47
1948-12-07,115.56
1948-12-08,111.66
1948-12-09,94.13
1948-12-10,74.74
1948-12-11,77.64
1948-12-12,74.74
1948-12-13,68.95
1948-12-14,135.11
1948-12-15,164.53
1948-12-16,401.70
1948-12-17,521.00
1948-12-18,506.00
1948-12-19,455.28
1948-12-20,331.33
1948-12-21,301.64
1948-12-22,224.57
1948-12-23,232.47
1948-12-24,176.32
1948-12-25,164.53
1948-12-26,150.79
1948-12-27,186.16
1948-12-28,260.11
1948-12-29,168.46
1948-12-30,135.11
1948-12-31,60.28
1949-01-01,68.95
1949-01-02,371.95
1949-01-03,413.60
1949-01-04,354.11
1949-01-05,319.45
1949-01-06,292.73
1949-01-07,336.28
1949-01-08,307.57
1949-01-09,289.77
1949-01-10,247.27
1949-01-11,250.23
1949-01-12,224.57
1949-01-13,219.64
1949-01-14,214.71
1949-01-15,211.76
1949-01-16,219.64
1949-01-17,219.64
1949-01-18,270.98
1949-01-19,304.60
1949-01-20,301.64
1949-01-21,276.91
1949-01-22,284.82
1949-01-23,298.67
1949-01-24,268.02
1949-01-25,244.31
1949-01-26,237.40
1949-01-27,188.12
1949-01-28,211.76
1949-01-29,144.91
1949-01-30,173.37
1949-01-31,150.79
1949-02-01,133.16
1949-02-02,117.52
1949-02-03,144.91
1949-02-04,119.47
1949-02-05,121.42
1949-02-06,105.81
1949-02-07,115.56
1949-02-08,105.81
1949-02-09,96.08
1949-02-10,139.03
1949-02-11,139.03
1949-02-12,144.91
1949-02-13,158.64
1949-02-14,148.83
1949-02-15,139.03
1949-02-16,156.68
1949-02-17,164.53
1949-02-18,160.60
1949-02-19,164.53
1949-02-20,135.11
1949-02-21,117.52
1949-02-22,133.16
1949-02-23,135.11
1949-02-24,142.95
1949-02-25,173.37
1949-02-26,219.64
1949-02-27,193.04
1949-02-28,193.04
1949-03-01,183.20
1949-03-02,219.64
1949-03-03,224.57
1949-03-04,227.53
1949-03-05,199.94
1949-03-06,199.94
1949-03-07,176.32
1949-03-08,148.83
1949-03-09,160.60
1949-03-10,129.24
1949-03-11,139.03
1949-03-12,164.53
1949-03-13,171.41
1949-03-14,176.32
1949-03-15,237.40
1949-03-16,476.14
1949-03-17,568.00
1949-03-18,530.00
1949-03-19,467.20
1949-03-20,416.58
1949-03-21,344.21
1949-03-22,307.57
1949-03-23,234.44
1949-03-24,250.23
1949-03-25,242.34
1949-03-26,196.98
1949-03-27,193.04
1949-03-28,173.37
1949-03-29,154.71
1949-03-30,158.64
1949-03-31,150.79
1949-04-01,139.03
1949-04-02,103.86
1949-04-03,129.24
1949-04-04,131.20
1949-04-05,119.47
1949-04-06,109.71
1949-04-07,111.66
1949-04-08,144.91
1949-04-09,211.76
1949-04-10,166.49
1949-04-11,176.32
1949-04-12,168.46
1949-04-13,173.37
1949-04-14,150.79
1949-04-15,148.83
1949-04-16,125.33
1949-04-17,109.71
1949-04-18,113.61
1949-04-19,105.81
1949-04-20,86.36
1949-04-21,105.81
1949-04-22,103.86
1949-04-23,90.25
1949-04-24,77.64
1949-04-25,67.98
1949-04-26,83.45
1949-04-27,83.45
1949-04-28,76.68
1949-04-29,76.68
1949-04-30,68.95
1949-05-01,72.81
1949-05-02,66.05
1949-05-03,51.64
1949-05-04,57.40
1949-05-05,55.48
1949-05-06,86.36
1949-05-07,83.45
1949-05-08,60.28
1949-05-09,59.32
1949-05-10,60.28
1949-05-11,59.32
1949-05-12,57.40
1949-05-13,17.65
1949-05-14,60.28
1949-05-15,46.86
1949-05-16,66.05
1949-05-17,38.30
1949-05-18,51.64
1949-05-19,51.64
1949-05-20,72.81
1949-05-21,164.53
1949-05-22,119.47
1949-05-23,68.95
1949-05-24,66.05
1949-05-25,66.05
1949-05-26,43.05
1949-05-27,55.48
1949-05-28,77.64
1949-05-29,44.96
1949-05-30,68.95
1949-05-31,125.33
1949-06-01,232.47
1949-06-02,227.53
1949-06-03,160.60
1949-06-04,43.05
1949-06-05,150.79
1949-06-06,105.81
1949-06-07,111.66
1949-06-08,125.33
1949-06-09,137.07
1949-06-10,357.09
1949-06-11,289.77
1949-06-12,253.20
1949-06-13,221.62
1949-06-14,190.09
1949-06-15,135.11
1949-06-16,83.45
1949-06-17,68.95
1949-06-18,57.40
1949-06-19,46.86
1949-06-20,67.98
1949-06-21,64.13
1949-06-22,64.13
1949-06-23,43.05
1949-06-24,47.82
1949-06-25,32.62
1949-06-26,31.68
1949-06-27,32.62
1949-06-28,32.62
1949-06-29,32.62
1949-06-30,10.00
1949-07-01,26.04
1949-07-02,20.43
1949-07-03,20.43
1949-07-04,10.00
1949-07-05,10.00
1949-07-06,10.00
1949-07-07,17.65
1949-07-08,10.00
1949-07-09,10.00
1949-07-10,10.00
1949-07-11,10.00
1949-07-12,10.00
1949-07-13,10.00
1949-07-14,10.00
1949-07-15,10.00
1949-07-16,10.00
1949-07-17,10.00
1949-07-18,10.00
1949-07-19,11.22
1949-07-20,10.00
1949-07-21,10.00
1949-07-22,10.00
1949-07-23,10.00
1949-07-24,10.00
1949-07-25,10.00
1949-07-26,10.00
1949-07-27,10.00
1949-07-28,10.00
1949-07-29,10.00
1949-07-30,10.00
1949-07-31,10.00
1949-08-01,10.00
1949-08-02,10.00
1949-08-03,10.00
1949-08-04,10.00
1949-08-05,14.88
1949-08-06,10.00
1949-08-07,10.00
1949-08-08,10.00
1949-08-09,10.00
1949-08-10,10.00
1949-08-11,10.00
1949-08-12,10.00
1949-08-13,10.00
1949-08-14,10.00
1949-08-15,10.00
1949-08-16,10.00
1949-08-17,10.00
1949-08-18,10.00
1949-08-19,10.00
1949-08-20,10.00
1949-08-21,10.00
1949-08-22,10.00
1949-08-23,10.00
1949-08-24,10.00
1949-08-25,10.00
1949-08-26,10.00
1949-08-27,10.00
1949-08-28,10.00
1949-08-29,34.51
1949-08-30,10.00
1949-08-31,10.00
1949-09-01,10.00
1949-09-02,26.04
1949-09-03,10.00
1949-09-04,10.00
1949-09-05,10.00
1949-09-06,10.00
1949-09-07,10.00
1949-09-08,10.00
1949-09-09,10.00
1949-09-10,10.00
1949-09-11,10.00
1949-09-12,10.00
1949-09-13,10.00
1949-09-14,10.00
1949-09-15,12.13
1949-09-16,64.13
1949-09-17,10.00
1949-09-18,10.00
1949-09-19,10.00
1949-09-20,10.00
1949-09-21,10.00
1949-09-22,10.00
1949-09-23,10.00
1949-09-24,10.00
1949-09-25,10.00
1949-09-26,10.00
1949-09-27,10.00
1949-09-28,10.00
1949-09-29,10.00
1949-09-30,10.00
1949-10-01,10.00
1949-10-02,10.00
1949-10-03,10.00
1949-10-04,10.00
1949-10-05,10.00
1949-10-06,10.00
1949-10-07,10.00
1949-10-08,10.00
1949-10-09,10.00
1949-10-10,10.00
1949-10-11,10.00
1949-10-12,10.00
1949-10-13,10.00
1949-10-14,10.00
1949-10-15,10.00
1949-10-16,10.00
1949-10-17,10.00
1949-10-18,10.00
1949-10-19,10.00
1949-10-20,10.00
1949-10-21,10.00
1949-10-22,10.00
1949-10-23,10.00
1949-10-24,10.00
1949-10-25,43.05
1949-10-26,35.46
1949-10-27,35.46
1949-10-28,10.00
1949-10-29,12.13
1949-10-30,28.85
1949-10-31,10.00
1949-11-01,10.00
1949-11-02,10.00
1949-11-03,10.00
1949-11-04,10.00
1949-11-05,10.00
1949-11-06,10.00
1949-11-07,10.00
1949-11-08,10.00
1949-11-09,10.00
1949-11-10,10.00
1949-11-11,32.62
1949-11-12,10.00
1949-11-13,10.00
1949-11-14,32.62
1949-11-15,67.98
1949-11-16,20.43
1949-11-17,34.51
1949-11-18,29.79
1949-11-19,26.04
1949-11-20,17.65
1949-11-21,18.58
1949-11-22,10.00
1949-11-23,34.51
1949-11-24,98.02
1949-11-25,64.13
1949-11-26,81.52
1949-11-27,66.05
1949-11-28,72.81
1949-11-29,135.11
1949-11-30,94.13
1949-12-01,96.08
1949-12-02,60.28
1949-12-03,28.85
1949-12-04,111.66
1949-12-05,140.99
1949-12-06,127.29
1949-12-07,176.32
1949-12-08,142.95
1949-12-09,144.91
1949-12-10,234.44
1949-12-11,201.91
1949-12-12,181.24
1949-12-13,166.49
1949-12-14,125.33
1949-12-15,111.66
1949-12-16,101.91
1949-12-17,113.61
1949-12-18,216.69
1949-12-19,298.67
1949-12-20,331.33
1949-12-21,329.35
1949-12-22,324.40
1949-12-23,331.33
1949-12-24,304.60
1949-12-25,268.02
1949-12-26,199.94
1949-12-27,247.27
1949-12-28,203.88
1949-12-29,221.62
1949-12-30,203.88
1949-12-31,176.32
1950-01-01,160.60
1950-01-02,150.79
1950-01-03,123.38
1950-01-04,237.40
1950-01-05,270.98
1950-01-06,458.26
1950-01-07,276.91
1950-01-08,260.11
1950-01-09,229.51
1950-01-10,221.62
1950-01-11,203.88
1950-01-12,195.01
1950-01-13,195.01
1950-01-14,168.46
1950-01-15,154.71
1950-01-16,176.32
1950-01-17,310.54
1950-01-18,371.95
1950-01-19,363.03
1950-01-20,276.91
1950-01-21,211.76
1950-01-22,211.76
1950-01-23,166.49
1950-01-24,160.60
1950-01-25,135.11
1950-01-26,310.54
1950-01-27,164.53
1950-01-28,125.33
1950-01-29,92.19
1950-01-30,92.19
1950-01-31,144.91
1950-02-01,96.08
1950-02-02,35.46
1950-02-03,14.88
1950-02-04,35.46
1950-02-05,281.85
1950-02-06,298.67
1950-02-07,515.00
1950-02-08,494.01
1950-02-09,488.05
1950-02-10,548.00
1950-02-11,1092.00
1950-02-12,1220.00
1950-02-13,1172.00
1950-02-14,1056.00
1950-02-15,1041.00
1950-02-16,976.00
1950-02-17,881.00
1950-02-18,776.00
1950-02-19,696.00
1950-02-20,597.00
1950-02-21,521.00
1950-02-22,491.03
1950-02-23,485.07
1950-02-24,470.18
1950-02-25,500.00
1950-02-26,515.00
1950-02-27,597.00
1950-02-28,565.00
1950-03-01,533.00
1950-03-02,476.14
1950-03-03,422.53
1950-03-04,352.13
1950-03-05,352.13
1950-03-06,319.45
1950-03-07,273.95
1950-03-08,270.98
1950-03-09,257.15
1950-03-10,201.91
1950-03-11,211.76
1950-03-12,195.01
1950-03-13,171.41
1950-03-14,181.24
1950-03-15,162.57
1950-03-16,162.57
1950-03-17,162.57
1950-03-18,144.91
1950-03-19,298.67
1950-03-20,229.51
1950-03-21,193.04
1950-03-22,164.53
1950-03-23,164.53
1950-03-24,162.57
1950-03-25,158.64
1950-03-26,135.11
1950-03-27,144.91
1950-03-28,111.66
1950-03-29,125.33
1950-03-30,125.33
1950-03-31,196.98
1950-04-01,113.61
1950-04-02,105.81
1950-04-03,113.61
1950-04-04,154.71
1950-04-05,188.12
1950-04-06,162.57
1950-04-07,139.03
1950-04-08,131.20
1950-04-09,119.47
1950-04-10,115.56
1950-04-11,117.52
1950-04-12,150.79
1950-04-13,137.07
1950-04-14,160.60
1950-04-15,164.53
1950-04-16,142.95
1950-04-17,131.20
1950-04-18,131.20
1950-04-19,127.29
1950-04-20,129.24
1950-04-21,123.38
1950-04-22,113.61
1950-04-23,115.56
1950-04-24,103.86
1950-04-25,121.42
1950-04-26,154.71
1950-04-27,281.85
1950-04-28,443.37
1950-04-29,488.05
1950-04-30,593.00
1950-05-01,610.00
1950-05-02,548.00
1950-05-03,470.18
1950-05-04,334.30
1950-05-05,357.09
1950-05-06,386.82
1950-05-07,273.95
1950-05-08,250.23
1950-05-09,224.57
1950-05-10,199.94
1950-05-11,186.16
1950-05-12,156.68
1950-05-13,150.79
1950-05-14,105.81
1950-05-15,99.97
1950-05-16,129.24
1950-05-17,96.08
1950-05-18,117.52
1950-05-19,103.86
1950-05-20,123.38
1950-05-21,131.20
1950-05-22,144.91
1950-05-23,137.07
1950-05-24,152.75
1950-05-25,144.91
1950-05-26,129.24
1950-05-27,131.20
1950-05-28,162.57
1950-05-29,188.12
1950-05-30,150.79
1950-05-31,154.71
1950-06-01,129.24
1950-06-02,105.81
1950-06-03,92.19
1950-06-04,99.97
1950-06-05,85.39
1950-06-06,86.36
1950-06-07,55.48
1950-06-08,68.95
1950-06-09,72.81
1950-06-10,67.98
1950-06-11,72.81
1950-06-12,32.62
1950-06-13,10.00
1950-06-14,178.29
1950-06-15,55.48
1950-06-16,62.20
1950-06-17,60.28
1950-06-18,34.51
1950-06-19,40.20
1950-06-20,38.30
1950-06-21,35.46
1950-06-22,40.20
1950-06-23,43.05
1950-06-24,43.05
1950-06-25,49.73
1950-06-26,66.05
1950-06-27,53.56
1950-06-28,49.73
1950-06-29,51.64
1950-06-30,32.62
1950-07-01,49.73
1950-07-02,29.79
1950-07-03,29.79
1950-07-04,28.85
1950-07-05,68.95
1950-07-06,35.46
1950-07-07,43.05
1950-07-08,23.23
1950-07-09,31.68
1950-07-10,17.65
1950-07-11,28.85
1950-07-12,21.37
1950-07-13,12.13
1950-07-14,21.37
1950-07-15,21.37
1950-07-16,23.23
1950-07-17,14.88
1950-07-18,17.65
1950-07-19,21.37
1950-07-20,14.88
1950-07-21,11.22
1950-07-22,10.00
1950-07-23,10.00
1950-07-24,12.13
1950-07-25,13.96
1950-07-26,10.00
1950-07-27,10.00
1950-07-28,13.96
1950-07-29,10.00
1950-07-30,10.00
1950-07-31,10.00
1950-08-01,10.00
1950-08-02,11.22
1950-08-03,10.00
1950-08-04,21.37
1950-08-05,85.39
1950-08-06,42.10
1950-08-07,18.58
1950-08-08,10.00
1950-08-09,13.96
1950-08-10,10.00
1950-08-11,10.00
1950-08-12,10.00
1950-08-13,10.00
1950-08-14,12.13
1950-08-15,10.00
1950-08-16,10.00
1950-08-17,10.00
1950-08-18,10.00
1950-08-19,10.00
1950-08-20,10.00
1950-08-21,10.00
1950-08-22,10.00
1950-08-23,10.00
1950-08-24,10.00
1950-08-25,10.00
1950-08-26,10.00
1950-08-27,10.00
1950-08-28,10.00
1950-08-29,10.00
1950-08-30,10.00
1950-08-31,10.00
1950-09-01,10.00
1950-09-02,34.51
1950-09-03,10.00
1950-09-04,10.00
1950-09-05,21.37
1950-09-06,11.22
1950-09-07,17.65
1950-09-08,13.96
1950-09-09,28.85
1950-09-10,43.05
1950-09-11,171.41
1950-09-12,158.64
1950-09-13,44.96
1950-09-14,331.33
1950-09-15,55.48
1950-09-16,76.68
1950-09-17,111.66
1950-09-18,181.24
1950-09-19,68.95
1950-09-20,15.81
1950-09-21,28.85
1950-09-22,10.00
1950-09-23,26.04
1950-09-24,10.00
1950-09-25,29.79
1950-09-26,37.35
1950-09-27,44.96
1950-09-28,46.86
1950-09-29,10.00
1950-09-30,10.00
1950-10-01,43.05
1950-10-02,59.32
1950-10-03,62.20
1950-10-04,62.20
1950-10-05,60.28
1950-10-06,57.40
1950-10-07,47.82
1950-10-08,51.64
1950-10-09,43.05
1950-10-10,37.35
1950-10-11,55.48
1950-10-12,42.10
1950-10-13,10.00
1950-10-14,66.05
1950-10-15,26.04
1950-10-16,28.85
1950-10-17,28.85
1950-10-18,28.85
1950-10-19,29.79
1950-10-20,37.35
1950-10-21,24.16
1950-10-22,28.85
1950-10-23,23.23
1950-10-24,13.96
1950-10-25,13.96
1950-10-26,18.58
1950-10-27,12.13
1950-10-28,14.88
1950-10-29,14.88
1950-10-30,26.04
1950-10-31,31.68
1950-11-01,17.65
1950-11-02,24.16
1950-11-03,59.32
1950-11-04,176.32
1950-11-05,224.57
1950-11-06,176.32
1950-11-07,150.79
1950-11-08,154.71
1950-11-09,115.56
1950-11-10,98.02
1950-11-11,96.08
1950-11-12,77.64
1950-11-13,98.02
1950-11-14,416.58
1950-11-15,545.00
1950-11-16,515.00
1950-11-17,696.00
1950-11-18,642.00
1950-11-19,558.00
1950-11-20,503.00
1950-11-21,467.20
1950-11-22,561.00
1950-11-23,597.00
1950-11-24,545.00
1950-11-25,512.00
1950-11-26,392.77
1950-11-27,398.72
1950-11-28,319.45
1950-11-29,336.28
1950-11-30,509.00
1950-12-01,561.00
1950-12-02,539.00
1950-12-03,676.00
1950-12-04,801.00
1950-12-05,806.00
1950-12-06,733.00
1950-12-07,638.00
1950-12-08,638.00
1950-12-09,572.00
1950-12-10,506.00
1950-12-11,551.00
1950-12-12,881.00
1950-12-13,906.00
1950-12-14,776.00
1950-12-15,696.00
1950-12-16,664.00
1950-12-17,545.00
1950-12-18,503.00
1950-12-19,470.18
1950-12-20,416.58
1950-12-21,386.82
1950-12-22,380.88
1950-12-23,392.77
1950-12-24,313.51
1950-12-25,319.45
1950-12-26,260.11
1950-12-27,268.02
1950-12-28,229.51
1950-12-29,211.76
1950-12-30,211.76
1950-12-31,196.98
1951-01-01,229.00
1951-01-02,242.00
1951-01-03,309.00
1951-01-04,344.00
1951-01-05,342.00
1951-01-06,693.00
1951-01-07,856.00
1951-01-08,854.00
1951-01-09,808.00
1951-01-10,956.00
1951-01-11,871.00
1951-01-12,814.00
1951-01-13,924.00
1951-01-14,878.00
1951-01-15,784.00
1951-01-16,781.00
1951-01-17,772.00
1951-01-18,805.00
1951-01-19,930.00
1951-01-20,1021.00
1951-01-21,1461.00
1951-01-22,1406.00
1951-01-23,1162.00
1951-01-24,961.00
1951-01-25,788.00
1951-01-26,636.00
1951-01-27,566.00
1951-01-28,520.00
1951-01-29,509.00
1951-01-30,431.00
1951-01-31,394.00
1951-02-01,369.00
1951-02-02,346.00
1951-02-03,326.00
1951-02-04,313.00
1951-02-05,309.00
1951-02-06,328.00
1951-02-07,324.00
1951-02-08,305.00
1951-02-09,307.00
1951-02-10,299.00
1951-02-11,311.00
1951-02-12,281.00
1951-02-13,250.00
1951-02-14,269.00
1951-02-15,262.00
1951-02-16,258.00
1951-02-17,258.00
1951-02-18,334.00
1951-02-19,445.00
1951-02-20,417.00
1951-02-21,434.00
1951-02-22,512.00
1951-02-23,505.00
1951-02-24,497.00
1951-02-25,520.00
1951-02-26,486.00
1951-02-27,451.00
1951-02-28,398.00
1951-03-01,342.00
1951-03-02,365.00
1951-03-03,334.00
1951-03-04,305.00
1951-03-05,296.00
1951-03-06,254.00
1951-03-07,258.00
1951-03-08,254.00
1951-03-09,234.00
1951-03-10,239.00
1951-03-11,229.00
1951-03-12,216.00
1951-03-13,221.00
1951-03-14,237.00
1951-03-15,284.00
1951-03-16,275.00
1951-03-17,254.00
1951-03-18,409.00
1951-03-19,633.00
1951-03-20,687.00
1951-03-21,781.00
1951-03-22,666.00
1951-03-23,595.00
1951-03-24,550.00
1951-03-25,518.00
1951-03-26,533.00
1951-03-27,568.00
1951-03-28,860.00
1951-03-29,840.00
1951-03-30,703.00
1951-03-31,621.00
1951-04-01,544.00
1951-04-02,538.00
1951-04-03,572.00
1951-04-04,585.00
1951-04-05,555.00
1951-04-06,535.00
1951-04-07,488.00
1951-04-08,460.00
1951-04-09,516.00
1951-04-10,625.00
1951-04-11,730.00
1951-04-12,646.00
1951-04-13,574.00
1951-04-14,527.00
1951-04-15,494.00
1951-04-16,462.00
1951-04-17,409.00
1951-04-18,403.00
1951-04-19,358.00
1951-04-20,321.00
1951-04-21,356.00
1951-04-22,313.00
1951-04-23,287.00
1951-04-24,279.00
1951-04-25,246.00
1951-04-26,229.00
1951-04-27,224.00
1951-04-28,264.00
1951-04-29,317.00
1951-04-30,303.00
1951-05-01,277.00
1951-05-02,250.00
1951-05-03,212.00
1951-05-04,204.00
1951-05-05,216.00
1951-05-06,214.00
1951-05-07,189.00
1951-05-08,252.00
1951-05-09,540.00
1951-05-10,447.00
1951-05-11,319.00
1951-05-12,258.00
1951-05-13,224.00
1951-05-14,208.00
1951-05-15,204.00
1951-05-16,181.00
1951-05-17,206.00
1951-05-18,189.00
1951-05-19,184.00
1951-05-20,189.00
1951-05-21,168.00
1951-05-22,152.00
1951-05-23,165.00
1951-05-24,171.00
1951-05-25,160.00
1951-05-26,336.00
1951-05-27,258.00
1951-05-28,315.00
1951-05-29,417.00
1951-05-30,317.00
1951-05-31,303.00
1951-06-01,231.00
1951-06-02,184.00
1951-06-03,200.00
1951-06-04,203.00
1951-06-05,195.00
1951-06-06,173.00
1951-06-07,144.00
1951-06-08,144.00
1951-06-09,157.00
1951-06-10,186.00
1951-06-11,184.00
1951-06-12,168.00
1951-06-13,149.00
1951-06-14,212.00
1951-06-15,176.00
1951-06-16,164.00
1951-06-17,237.00
1951-06-18,197.00
1951-06-19,162.00
1951-06-20,181.00
1951-06-21,164.00
1951-06-22,158.00
1951-06-23,160.00
1951-06-24,411.00
1951-06-25,435.00
1951-06-26,435.00
1951-06-27,391.00
1951-06-28,396.00
1951-06-29,321.00
1951-06-30,277.00
1951-07-01,226.00
1951-07-02,229.00
1951-07-03,197.00
1951-07-04,184.00
1951-07-05,178.00
1951-07-06,165.00
1951-07-07,176.00
1951-07-08,150.00
1951-07-09,173.00
1951-07-10,152.00
1951-07-11,121.00
1951-07-12,144.00
1951-07-13,125.00
1951-07-14,124.00
1951-07-15,67.00
1951-07-16,113.00
1951-07-17,96.00
1951-07-18,106.00
1951-07-19,92.00
1951-07-20,92.00
1951-07-21,67.00
1951-07-22,79.00
1951-07-23,64.00
1951-07-24,141.00
1951-07-25,122.00
1951-07-26,128.00
1951-07-27,144.00
1951-07-28,93.00
1951-07-29,95.00
1951-07-30,86.00
1951-07-31,155.00
1951-08-01,132.00
1951-08-02,121.00
1951-08-03,103.00
1951-08-04,99.00
1951-08-05,121.00
1951-08-06,117.00
1951-08-07,90.00
1951-08-08,95.00
1951-08-09,103.00
1951-08-10,158.00
1951-08-11,178.00
1951-08-12,153.00
1951-08-13,126.00
1951-08-14,128.00
1951-08-15,98.00
1951-08-16,72.00
1951-08-17,92.00
1951-08-18,86.00
1951-08-19,33.00
1951-08-20,41.00
1951-08-21,47.00
1951-08-22,41.00
1951-08-23,89.00
1951-08-24,49.00
1951-08-25,41.00
1951-08-26,63.00
1951-08-27,58.00
1951-08-28,53.00
1951-08-29,64.00
1951-08-30,64.00
1951-08-31,86.00
1951-09-01,72.00
1951-09-02,86.00
1951-09-03,165.00
1951-09-04,321.00
1951-09-05,206.00
1951-09-06,176.00
1951-09-07,139.00
1951-09-08,89.00
1951-09-09,99.00
1951-09-10,78.00
1951-09-11,90.00
1951-09-12,95.00
1951-09-13,78.00
1951-09-14,95.00
1951-09-15,104.00
1951-09-16,130.00
1951-09-17,109.00
1951-09-18,64.00
1951-09-19,96.00
1951-09-20,78.00
1951-09-21,73.00
1951-09-22,41.00
1951-09-23,72.00
1951-09-24,53.00
1951-09-25,73.00
1951-09-26,77.00
1951-09-27,64.00
1951-09-28,55.00
1951-09-29,75.00
1951-09-30,71.00
1951-10-01,64.00
1951-10-02,65.00
1951-10-03,64.00
1951-10-04,52.00
1951-10-05,57.00
1951-10-06,42.00
1951-10-07,40.00
1951-10-08,47.00
1951-10-09,36.00
1951-10-10,46.00
1951-10-11,42.00
1951-10-12,39.00
1951-10-13,39.00
1951-10-14,36.00
1951-10-15,32.00
1951-10-16,35.00
1951-10-17,35.00
1951-10-18,31.00
1951-10-19,31.00
1951-10-20,32.00
1951-10-21,33.00
1951-10-22,34.00
1951-10-23,31.00
1951-10-24,35.00
1951-10-25,35.00
1951-10-26,34.00
1951-10-27,35.00
1951-10-28,39.00
1951-10-29,34.00
1951-10-30,25.00
1951-10-31,35.00
1951-11-01,39.00
1951-11-02,49.00
1951-11-03,72.00
1951-11-04,99.00
1951-11-05,119.00
1951-11-06,32.00
1951-11-07,92.00
1951-11-08,128.00
1951-11-09,206.00
1951-11-10,128.00
1951-11-11,147.00
1951-11-12,119.00
1951-11-13,134.00
1951-11-14,131.00
1951-11-15,202.00
1951-11-16,204.00
1951-11-17,184.00
1951-11-18,199.00
1951-11-19,183.00
1951-11-20,222.00
1951-11-21,224.00
1951-11-22,460.00
1951-11-23,476.00
1951-11-24,441.00
1951-11-25,492.00
1951-11-26,728.00
1951-11-27,761.00
1951-11-28,628.00
1951-11-29,555.00
1951-11-30,473.00
1951-12-01,437.00
1951-12-02,421.00
1951-12-03,409.00
1951-12-04,378.00
1951-12-05,305.00
1951-12-06,319.00
1951-12-07,290.00
1951-12-08,294.00
1951-12-09,292.00
1951-12-10,344.00
1951-12-11,415.00
1951-12-12,371.00
1951-12-13,350.00
1951-12-14,305.00
1951-12-15,292.00
1951-12-16,264.00
1951-12-17,239.00
1951-12-18,234.00
1951-12-19,236.00
1951-12-20,206.00
1951-12-21,199.00
1951-12-22,186.00
1951-12-23,176.00
1951-12-24,157.00
1951-12-25,166.00
1951-12-26,294.00
1951-12-27,538.00
1951-12-28,533.00
1951-12-29,526.00
1951-12-30,462.00
1951-12-31,437.00
1952-01-01,431.00
1952-01-02,668.00
1952-01-03,1146.00
1952-01-04,1389.00
1952-01-05,1236.00
1952-01-06,969.00
1952-01-07,818.00
1952-01-08,700.00
1952-01-09,582.00
1952-01-10,535.00
1952-01-11,875.00
1952-01-12,1601.00
1952-01-13,1606.00
1952-01-14,1254.00
1952-01-15,1053.00
1952-01-16,904.00
1952-01-17,801.00
1952-01-18,805.00
1952-01-19,875.00
1952-01-20,871.00
1952-01-21,801.00
1952-01-22,709.00
1952-01-23,619.00
1952-01-24,564.00
1952-01-25,527.00
1952-01-26,490.00
1952-01-27,447.00
1952-01-28,407.00
1952-01-29,369.00
1952-01-30,344.00
1952-01-31,342.00
1952-02-01,431.00
1952-02-02,494.00
1952-02-03,447.00
1952-02-04,429.00
1952-02-05,421.00
1952-02-06,417.00
1952-02-07,413.00
1952-02-08,462.00
1952-02-09,628.00
1952-02-10,562.00
1952-02-11,540.00
1952-02-12,1351.00
1952-02-13,1416.00
1952-02-14,1149.00
1952-02-15,882.00
1952-02-16,784.00
1952-02-17,668.00
1952-02-18,546.00
1952-02-19,492.00
1952-02-20,483.00
1952-02-21,522.00
1952-02-22,524.00
1952-02-23,453.00
1952-02-24,470.00
1952-02-25,443.00
1952-02-26,402.00
1952-02-27,407.00
1952-02-28,431.00
1952-02-29,437.00
1952-03-01,437.00
1952-03-02,419.00
1952-03-03,409.00
1952-03-04,419.00
1952-03-05,427.00
1952-03-06,445.00
1952-03-07,441.00
1952-03-08,439.00
1952-03-09,468.00
1952-03-10,434.00
1952-03-11,445.00
1952-03-12,427.00
1952-03-13,394.00
1952-03-14,369.00
1952-03-15,336.00
1952-03-16,324.00
1952-03-17,294.00
1952-03-18,273.00
1952-03-19,262.00
1952-03-20,226.00
1952-03-21,271.00
1952-03-22,262.00
1952-03-23,299.00
1952-03-24,361.00
1952-03-25,649.00
1952-03-26,676.00
1952-03-27,649.00
1952-03-28,550.00
1952-03-29,503.00
1952-03-30,670.00
1952-03-31,784.00
1952-04-01,715.00
1952-04-02,649.00
1952-04-03,609.00
1952-04-04,585.00
1952-04-05,557.00
1952-04-06,559.00
1952-04-07,555.00
1952-04-08,527.00
1952-04-09,497.00
1952-04-10,464.00
1952-04-11,417.00
1952-04-12,344.00
1952-04-13,338.00
1952-04-14,275.00
1952-04-15,279.00
1952-04-16,260.00
1952-04-17,236.00
1952-04-18,221.00
1952-04-19,221.00
1952-04-20,206.00
1952-04-21,197.00
1952-04-22,186.00
1952-04-23,189.00
1952-04-24,181.00
1952-04-25,144.00
1952-04-26,150.00
1952-04-27,158.00
1952-04-28,158.00
1952-04-29,141.00
1952-04-30,142.00
1952-05-01,125.00
1952-05-02,132.00
1952-05-03,141.00
1952-05-04,131.00
1952-05-05,134.00
1952-05-06,134.00
1952-05-07,142.00
1952-05-08,139.00
1952-05-09,130.00
1952-05-10,122.00
1952-05-11,121.00
1952-05-12,117.00
1952-05-13,99.00
1952-05-14,98.00
1952-05-15,95.00
1952-05-16,42.00
1952-05-17,92.00
1952-05-18,64.00
1952-05-19,81.00
1952-05-20,73.00
1952-05-21,72.00
1952-05-22,63.00
1952-05-23,58.00
1952-05-24,53.00
1952-05-25,53.00
1952-05-26,63.00
1952-05-27,53.00
1952-05-28,50.00
1952-05-29,64.00
1952-05-30,54.00
1952-05-31,52.00
1952-06-01,53.00
1952-06-02,93.00
1952-06-03,79.00
1952-06-04,68.00
1952-06-05,48.00
1952-06-06,49.00
1952-06-07,53.00
1952-06-08,45.00
1952-06-09,58.00
1952-06-10,61.00
1952-06-11,50.00
1952-06-12,45.00
1952-06-13,41.00
1952-06-14,27.00
1952-06-15,37.00
1952-06-16,45.00
1952-06-17,41.00
1952-06-18,41.00
1952-06-19,48.00
1952-06-20,53.00
1952-06-21,48.00
1952-06-22,45.00
1952-06-23,45.00
1952-06-24,39.00
1952-06-25,39.00
1952-06-26,32.00
1952-06-27,28.00
1952-06-28,27.00
1952-06-29,29.00
1952-06-30,33.00
1952-07-01,11.00
1952-07-02,10.00
1952-07-03,24.00
1952-07-04,36.00
1952-07-05,41.00
1952-07-06,10.00
1952-07-07,29.00
1952-07-08,63.00
1952-07-09,90.00
1952-07-10,75.00
1952-07-11,48.00
1952-07-12,31.00
1952-07-13,29.00
1952-07-14,16.00
1952-07-15,23.00
1952-07-16,27.00
1952-07-17,25.00
1952-07-18,21.00
1952-07-19,19.00
1952-07-20,31.00
1952-07-21,22.00
1952-07-22,10.00
1952-07-23,15.00
1952-07-24,10.00
1952-07-25,10.00
1952-07-26,10.00
1952-07-27,10.00
1952-07-28,10.00
1952-07-29,12.00
1952-07-30,17.00
1952-07-31,10.00
1952-08-01,10.00
1952-08-02,12.00
1952-08-03,10.00
1952-08-04,10.00
1952-08-05,10.00
1952-08-06,10.00
1952-08-07,10.00
1952-08-08,10.00
1952-08-09,10.00
1952-08-10,10.00
1952-08-11,10.00
1952-08-12,10.00
1952-08-13,11.00
1952-08-14,16.00
1952-08-15,44.00
1952-08-16,15.00
1952-08-17,25.00
1952-08-18,25.00
1952-08-19,32.00
1952-08-20,72.00
1952-08-21,369.00
1952-08-22,354.00
1952-08-23,152.00
1952-08-24,90.00
1952-08-25,81.00
1952-08-26,39.00
1952-08-27,65.00
1952-08-28,32.00
1952-08-29,47.00
1952-08-30,37.00
1952-08-31,41.00
1952-09-01,37.00
1952-09-02,24.00
1952-09-03,28.00
1952-09-04,32.00
1952-09-05,29.00
1952-09-06,29.00
1952-09-07,39.00
1952-09-08,31.00
1952-09-09,36.00
1952-09-10,41.00
1952-09-11,31.00
1952-09-12,22.00
1952-09-13,23.00
1952-09-14,23.00
1952-09-15,34.00
1952-09-16,25.00
1952-09-17,29.00
1952-09-18,29.00
1952-09-19,27.00
1952-09-20,33.00
1952-09-21,25.00
1952-09-22,26.00
1952-09-23,31.00
1952-09-24,29.00
1952-09-25,28.00
1952-09-26,47.00
1952-09-27,83.00
1952-09-28,126.00
1952-09-29,136.00
1952-09-30,141.00
1952-10-01,130.00
1952-10-02,126.00
1952-10-03,149.00
1952-10-04,155.00
1952-10-05,179.00
1952-10-06,174.00
1952-10-07,142.00
1952-10-08,109.00
1952-10-09,125.00
1952-10-10,113.00
1952-10-11,81.00
1952-10-12,115.00
1952-10-13,95.00
1952-10-14,98.00
1952-10-15,134.00
1952-10-16,169.00
1952-10-17,131.00
1952-10-18,107.00
1952-10-19,107.00
1952-10-20,81.00
1952-10-21,96.00
1952-10-22,165.00
1952-10-23,130.00
1952-10-24,192.00
1952-10-25,221.00
1952-10-26,208.00
1952-10-27,254.00
1952-10-28,227.00
1952-10-29,214.00
1952-10-30,219.00
1952-10-31,237.00
1952-11-01,279.00
1952-11-02,346.00
1952-11-03,434.00
1952-11-04,776.00
1952-11-05,664.00
1952-11-06,503.00
1952-11-07,484.00
1952-11-08,788.00
1952-11-09,1048.00
1952-11-10,924.00
1952-11-11,982.00
1952-11-12,982.00
1952-11-13,793.00
1952-11-14,640.00
1952-11-15,542.00
1952-11-16,499.00
1952-11-17,429.00
1952-11-18,391.00
1952-11-19,380.00
1952-11-20,348.00
1952-11-21,307.00
1952-11-22,299.00
1952-11-23,417.00
1952-11-24,407.00
1952-11-25,376.00
1952-11-26,338.00
1952-11-27,319.00
1952-11-28,413.00
1952-11-29,617.00
1952-11-30,612.00
1952-12-01,609.00
1952-12-02,676.00
1952-12-03,661.00
1952-12-04,661.00
1952-12-05,676.00
1952-12-06,625.00
1952-12-07,535.00
1952-12-08,451.00
1952-12-09,402.00
1952-12-10,384.00
1952-12-11,369.00
1952-12-12,305.00
1952-12-13,344.00
1952-12-14,553.00
1952-12-15,630.00
1952-12-16,668.00
1952-12-17,536.00
1952-12-18,854.00
1952-12-19,979.00
1952-12-20,969.00
1952-12-21,1362.00
1952-12-22,1844.00
1952-12-23,1809.00
1952-12-24,1621.00
1952-12-25,1499.00
1952-12-26,1506.00
1952-12-27,1389.00
1952-12-28,1311.00
1952-12-29,1223.00
1952-12-30,1061.00
1952-12-31,851.00
1953-01-01,726.00
1953-01-02,621.00
1953-01-03,530.00
1953-01-04,444.00
1953-01-05,397.00
1953-01-06,371.00
1953-01-07,356.00
1953-01-08,335.00
1953-01-09,296.00
1953-01-10,277.00
1953-01-11,261.00
1953-01-12,247.00
1953-01-13,241.00
1953-01-14,221.00
1953-01-15,208.00
1953-01-16,196.00
1953-01-17,184.00
1953-01-18,193.00
1953-01-19,189.00
1953-01-20,205.00
1953-01-21,211.00
1953-01-22,206.00
1953-01-23,200.00
1953-01-24,193.00
1953-01-25,187.00
1953-01-26,174.00
1953-01-27,184.00
1953-01-28,181.00
1953-01-29,218.00
1953-01-30,251.00
1953-01-31,259.00
1953-02-01,342.00
1953-02-02,465.00
1953-02-03,558.00
1953-02-04,393.00
1953-02-05,413.00
1953-02-06,374.00
1953-02-07,367.00
1953-02-08,334.00
1953-02-09,266.00
1953-02-10,296.00
1953-02-11,703.00
1953-02-12,830.00
1953-02-13,726.00
1953-02-14,568.00
1953-02-15,533.00
1953-02-16,518.00
1953-02-17,376.00
1953-02-18,391.00
1953-02-19,405.00
1953-02-20,457.00
1953-02-21,481.00
1953-02-22,500.00
1953-02-23,557.00
1953-02-24,580.00
1953-02-25,558.00
1953-02-26,525.00
1953-02-27,483.00
1953-02-28,444.00
1953-03-01,427.00
1953-03-02,395.00
1953-03-03,369.00
1953-03-04,313.00
1953-03-05,313.00
1953-03-06,285.00
1953-03-07,287.00
1953-03-08,252.00
1953-03-09,250.00
1953-03-10,222.00
1953-03-11,220.00
1953-03-12,227.00
1953-03-13,211.00
1953-03-14,211.00
1953-03-15,181.00
1953-03-16,184.00
1953-03-17,177.00
1953-03-18,158.00
1953-03-19,169.00
1953-03-20,157.00
1953-03-21,137.00
1953-03-22,149.00
1953-03-23,142.00
1953-03-24,139.00
1953-03-25,117.00
1953-03-26,133.00
1953-03-27,117.00
1953-03-28,123.00
1953-03-29,116.00
1953-03-30,112.00
1953-03-31,112.00
1953-04-01,111.00
1953-04-02,109.00
1953-04-03,101.00
1953-04-04,106.00
1953-04-05,133.00
1953-04-06,143.00
1953-04-07,131.00
1953-04-08,127.00
1953-04-09,122.00
1953-04-10,151.00
1953-04-11,285.00
1953-04-12,243.00
1953-04-13,203.00
1953-04-14,175.00
1953-04-15,164.00
1953-04-16,148.00
1953-04-17,149.00
1953-04-18,134.00
1953-04-19,102.00
1953-04-20,97.00
1953-04-21,120.00
1953-04-22,115.00
1953-04-23,87.00
1953-04-24,78.00
1953-04-25,87.00
1953-04-26,77.00
1953-04-27,63.00
1953-04-28,78.00
1953-04-29,83.00
1953-04-30,95.00
1953-05-01,95.00
1953-05-02,76.00
1953-05-03,84.00
1953-05-04,78.00
1953-05-05,58.00
1953-05-06,52.00
1953-05-07,57.00
1953-05-08,51.00
1953-05-09,50.00
1953-05-10,32.00
1953-05-11,54.00
1953-05-12,51.00
1953-05-13,40.00
1953-05-14,53.00
1953-05-15,49.00
1953-05-16,44.00
1953-05-17,59.00
1953-05-18,42.00
1953-05-19,38.00
1953-05-20,44.00
1953-05-21,38.00
1953-05-22,22.00
1953-05-23,27.00
1953-05-24,34.00
1953-05-25,36.00
1953-05-26,24.00
1953-05-27,16.00
1953-05-28,16.00
1953-05-29,54.00
1953-05-30,40.00
1953-05-31,37.00
1953-06-01,44.00
1953-06-02,56.00
1953-06-03,48.00
1953-06-04,60.00
1953-06-05,52.00
1953-06-06,51.00
1953-06-07,28.00
1953-06-08,33.00
1953-06-09,28.00
1953-06-10,34.00
1953-06-11,68.00
1953-06-12,86.00
1953-06-13,53.00
1953-06-14,62.00
1953-06-15,80.00
1953-06-16,75.00
1953-06-17,78.00
1953-06-18,65.00
1953-06-19,78.00
1953-06-20,91.00
1953-06-21,91.00
1953-06-22,88.00
1953-06-23,139.00
1953-06-24,126.00
1953-06-25,289.00
1953-06-26,261.00
1953-06-27,363.00
1953-06-28,369.00
1953-06-29,175.00
1953-06-30,124.00
1953-07-01,138.00
1953-07-02,328.00
1953-07-03,256.00
1953-07-04,283.00
1953-07-05,293.00
1953-07-06,220.00
1953-07-07,141.00
1953-07-08,108.00
1953-07-09,120.00
1953-07-10,100.00
1953-07-11,94.00
1953-07-12,108.00
1953-07-13,85.00
1953-07-14,91.00
1953-07-15,140.00
1953-07-16,128.00
1953-07-17,54.00
1953-07-18,91.00
1953-07-19,95.00
1953-07-20,82.00
1953-07-21,77.00
1953-07-22,71.00
1953-07-23,48.00
1953-07-24,50.00
1953-07-25,58.00
1953-07-26,37.00
1953-07-27,45.00
1953-07-28,54.00
1953-07-29,62.00
1953-07-30,63.00
1953-07-31,60.00
1953-08-01,95.00
1953-08-02,98.00
1953-08-03,59.00
1953-08-04,26.00
1953-08-05,37.00
1953-08-06,21.00
1953-08-07,40.00
1953-08-08,32.00
1953-08-09,44.00
1953-08-10,12.00
1953-08-11,24.00
1953-08-12,33.00
1953-08-13,22.00
1953-08-14,13.00
1953-08-15,22.00
1953-08-16,25.00
1953-08-17,13.00
1953-08-18,16.00
1953-08-19,13.00
1953-08-20,14.00
1953-08-21,28.00
1953-08-22,38.00
1953-08-23,33.00
1953-08-24,32.00
1953-08-25,39.00
1953-08-26,45.00
1953-08-27,38.00
1953-08-28,32.00
1953-08-29,28.00
1953-08-30,10.00
1953-08-31,24.00
1953-09-01,13.00
1953-09-02,21.00
1953-09-03,22.00
1953-09-04,22.00
1953-09-05,17.00
1953-09-06,15.00
1953-09-07,19.00
1953-09-08,10.00
1953-09-09,10.00
1953-09-10,10.00
1953-09-11,10.00
1953-09-12,10.00
1953-09-13,10.00
1953-09-14,10.00
1953-09-15,10.00
1953-09-16,10.00
1953-09-17,10.00
1953-09-18,10.00
1953-09-19,10.00
1953-09-20,60.00
1953-09-21,33.00
1953-09-22,66.00
1953-09-23,10.00
1953-09-24,28.00
1953-09-25,30.00
1953-09-26,11.00
1953-09-27,12.00
1953-09-28,13.00
1953-09-29,10.00
1953-09-30,16.00
1953-10-01,24.00
1953-10-02,10.00
1953-10-03,10.00
1953-10-04,10.00
1953-10-05,10.00
1953-10-06,10.00
1953-10-07,10.00
1953-10-08,11.00
1953-10-09,10.00
1953-10-10,10.00
1953-10-11,10.00
1953-10-12,10.00
1953-10-13,10.00
1953-10-14,10.00
1953-10-15,10.00
1953-10-16,10.00
1953-10-17,10.00
1953-10-18,10.00
1953-10-19,10.00
1953-10-20,15.00
1953-10-21,10.00
1953-10-22,10.00
1953-10-23,10.00
1953-10-24,10.00
1953-10-25,10.00
1953-10-26,10.00
1953-10-27,13.00
1953-10-28,10.00
1953-10-29,10.00
1953-10-30,10.00
1953-10-31,12.00
1953-11-01,10.00
1953-11-02,10.00
1953-11-03,10.00
1953-11-04,15.00
1953-11-05,10.00
1953-11-06,20.00
1953-11-07,10.00
1953-11-08,10.00
1953-11-09,12.00
1953-11-10,14.00
1953-11-11,10.00
1953-11-12,14.00
1953-11-13,10.00
1953-11-14,10.00
1953-11-15,10.00
1953-11-16,10.00
1953-11-17,10.00
1953-11-18,15.00
1953-11-19,10.00
1953-11-20,10.00
1953-11-21,10.00
1953-11-22,10.00
1953-11-23,10.00
1953-11-24,10.00
1953-11-25,10.00
1953-11-26,10.00
1953-11-27,10.00
1953-11-28,10.00
1953-11-29,10.00
1953-11-30,10.00
1953-12-01,10.00
1953-12-02,10.00
1953-12-03,10.00
1953-12-04,10.00
1953-12-05,10.00
1953-12-06,10.00
1953-12-07,10.00
1953-12-08,10.00
1953-12-09,10.00
1953-12-10,10.00
1953-12-11,10.00
1953-12-12,10.00
1953-12-13,10.00
1953-12-14,10.00
1953-12-15,10.00
1953-12-16,10.00
1953-12-17,10.00
1953-12-18,10.00
1953-12-19,10.00
1953-12-20,10.00
1953-12-21,10.00
1953-12-22,10.00
1953-12-23,10.00
1953-12-24,10.00
1953-12-25,10.00
1953-12-26,10.00
1953-12-27,15.00
1953-12-28,30.00
1953-12-29,66.00
1953-12-30,84.00
1953-12-31,53.00
1954-01-01,21.00
1954-01-02,10.00
1954-01-03,29.00
1954-01-04,21.00
1954-01-05,10.00
1954-01-06,10.00
1954-01-07,159.00
1954-01-08,138.00
1954-01-09,32.00
1954-01-10,21.00
1954-01-11,29.00
1954-01-12,191.00
1954-01-13,135.00
1954-01-14,114.00
1954-01-15,139.00
1954-01-16,326.00
1954-01-17,299.00
1954-01-18,230.00
1954-01-19,203.00
1954-01-20,174.00
1954-01-21,351.00
1954-01-22,416.00
1954-01-23,351.00
1954-01-24,292.00
1954-01-25,216.00
1954-01-26,178.00
1954-01-27,117.00
1954-01-28,216.00
1954-01-29,203.00
1954-01-30,149.00
1954-01-31,187.00
1954-02-01,116.00
1954-02-02,55.00
1954-02-03,46.00
1954-02-04,71.00
1954-02-05,36.00
1954-02-06,51.00
1954-02-07,55.00
1954-02-08,69.00
1954-02-09,67.00
1954-02-10,65.00
1954-02-11,71.00
1954-02-12,59.00
1954-02-13,74.00
1954-02-14,81.00
1954-02-15,87.00
1954-02-16,83.00
1954-02-17,71.00
1954-02-18,57.00
1954-02-19,25.00
1954-02-20,31.00
1954-02-21,25.00
1954-02-22,10.00
1954-02-23,10.00
1954-02-24,10.00
1954-02-25,10.00
1954-02-26,10.00
1954-02-27,300.00
1954-02-28,205.00
1954-03-01,363.00
1954-03-02,272.00
1954-03-03,285.00
1954-03-04,387.00
1954-03-05,562.00
1954-03-06,503.00
1954-03-07,413.00
1954-03-08,349.00
1954-03-09,306.00
1954-03-10,264.00
1954-03-11,245.00
1954-03-12,221.00
1954-03-13,189.00
1954-03-14,159.00
1954-03-15,151.00
1954-03-16,165.00
1954-03-17,69.00
1954-03-18,135.00
1954-03-19,123.00
1954-03-20,121.00
1954-03-21,117.00
1954-03-22,116.00
1954-03-23,114.00
1954-03-24,105.00
1954-03-25,95.00
1954-03-26,87.00
1954-03-27,81.00
1954-03-28,91.00
1954-03-29,84.00
1954-03-30,48.00
1954-03-31,68.00
1954-04-01,100.00
1954-04-02,221.00
1954-04-03,315.00
1954-04-04,401.00
1954-04-05,363.00
1954-04-06,310.00
1954-04-07,294.00
1954-04-08,241.00
1954-04-09,213.00
1954-04-10,175.00
1954-04-11,174.00
1954-04-12,174.00
1954-04-13,145.00
1954-04-14,129.00
1954-04-15,134.00
1954-04-16,127.00
1954-04-17,119.00
1954-04-18,119.00
1954-04-19,83.00
1954-04-20,77.00
1954-04-21,95.00
1954-04-22,94.00
1954-04-23,81.00
1954-04-24,81.00
1954-04-25,77.00
1954-04-26,65.00
1954-04-27,57.00
1954-04-28,55.00
1954-04-29,51.00
1954-04-30,35.00
1954-05-01,21.00
1954-05-02,33.00
1954-05-03,45.00
1954-05-04,39.00
1954-05-05,49.00
1954-05-06,37.00
1954-05-07,40.00
1954-05-08,29.00
1954-05-09,40.00
1954-05-10,25.00
1954-05-11,10.00
1954-05-12,25.00
1954-05-13,21.00
1954-05-14,18.00
1954-05-15,11.00
1954-05-16,10.00
1954-05-17,15.00
1954-05-18,10.00
1954-05-19,10.00
1954-05-20,10.00
1954-05-21,10.00
1954-05-22,10.00
1954-05-23,11.00
1954-05-24,13.00
1954-05-25,10.00
1954-05-26,10.00
1954-05-27,10.00
1954-05-28,11.00
1954-05-29,10.00
1954-05-30,15.00
1954-05-31,18.00
1954-06-01,10.00
1954-06-02,27.00
1954-06-03,33.00
1954-06-04,26.00
1954-06-05,23.00
1954-06-06,30.00
1954-06-07,36.00
1954-06-08,29.00
1954-06-09,12.00
1954-06-10,10.00
1954-06-11,10.00
1954-06-12,10.00
1954-06-13,15.00
1954-06-14,26.00
1954-06-15,50.00
1954-06-16,75.00
1954-06-17,51.00
1954-06-18,25.00
1954-06-19,10.00
1954-06-20,22.00
1954-06-21,42.00
1954-06-22,41.00
1954-06-23,26.00
1954-06-24,20.00
1954-06-25,21.00
1954-06-26,28.00
1954-06-27,33.00
1954-06-28,26.00
1954-06-29,19.00
1954-06-30,12.00
1954-07-01,10.00
1954-07-02,10.00
1954-07-03,12.00
1954-07-04,18.00
1954-07-05,28.00
1954-07-06,17.00
1954-07-07,16.00
1954-07-08,31.00
1954-07-09,34.00
1954-07-10,25.00
1954-07-11,17.00
1954-07-12,10.00
1954-07-13,10.00
1954-07-14,10.00
1954-07-15,10.00
1954-07-16,12.00
1954-07-17,28.00
1954-07-18,67.00
1954-07-19,208.00
1954-07-20,154.00
1954-07-21,113.00
1954-07-22,103.00
1954-07-23,84.00
1954-07-24,42.00
1954-07-25,62.00
1954-07-26,51.00
1954-07-27,84.00
1954-07-28,121.00
1954-07-29,100.00
1954-07-30,72.00
1954-07-31,62.00
1954-08-01,56.00
1954-08-02,53.00
1954-08-03,51.00
1954-08-04,55.00
1954-08-05,45.00
1954-08-06,43.00
1954-08-07,37.00
1954-08-08,42.00
1954-08-09,76.00
1954-08-10,79.00
1954-08-11,77.00
1954-08-12,71.00
1954-08-13,63.00
1954-08-14,60.00
1954-08-15,119.00
1954-08-16,634.00
1954-08-17,547.00
1954-08-18,345.00
1954-08-19,254.00
1954-08-20,238.00
1954-08-21,181.00
1954-08-22,151.00
1954-08-23,152.00
1954-08-24,149.00
1954-08-25,279.00
1954-08-26,572.00
1954-08-27,425.00
1954-08-28,331.00
1954-08-29,266.00
1954-08-30,214.00
1954-08-31,185.00
1954-09-01,170.00
1954-09-02,165.00
1954-09-03,157.00
1954-09-04,131.00
1954-09-05,112.00
1954-09-06,134.00
1954-09-07,164.00
1954-09-08,210.00
1954-09-09,129.00
1954-09-10,113.00
1954-09-11,119.00
1954-09-12,104.00
1954-09-13,165.00
1954-09-14,174.00
1954-09-15,191.00
1954-09-16,68.00
1954-09-17,91.00
1954-09-18,116.00
1954-09-19,119.00
1954-09-20,129.00
1954-09-21,216.00
1954-09-22,324.00
1954-09-23,299.00
1954-09-24,248.00
1954-09-25,226.00
1954-09-26,214.00
1954-09-27,226.00
1954-09-28,301.00
1954-09-29,362.00
1954-09-30,309.00
1954-10-01,311.00
1954-10-02,379.00
1954-10-03,328.00
1954-10-04,299.00
1954-10-05,282.00
1954-10-06,274.00
1954-10-07,276.00
1954-10-08,339.00
1954-10-09,311.00
1954-10-10,356.00
1954-10-11,380.00
1954-10-12,323.00
1954-10-13,285.00
1954-10-14,243.00
1954-10-15,212.00
1954-10-16,191.00
1954-10-17,171.00
1954-10-18,158.00
1954-10-19,169.00
1954-10-20,187.00
1954-10-21,189.00
1954-10-22,203.00
1954-10-23,212.00
1954-10-24,181.00
1954-10-25,193.00
1954-10-26,343.00
1954-10-27,264.00
1954-10-28,314.00
1954-10-29,266.00
1954-10-30,275.00
1954-10-31,359.00
1954-11-01,347.00
1954-11-02,310.00
1954-11-03,312.00
1954-11-04,280.00
1954-11-05,252.00
1954-11-06,233.00
1954-11-07,244.00
1954-11-08,262.00
1954-11-09,278.00
1954-11-10,249.00
1954-11-11,233.00
1954-11-12,228.00
1954-11-13,233.00
1954-11-14,238.00
1954-11-15,231.00
1954-11-16,229.00
1954-11-17,212.00
1954-11-18,215.00
1954-11-19,216.00
1954-11-20,205.00
1954-11-21,197.00
1954-11-22,194.00
1954-11-23,185.00
1954-11-24,174.00
1954-11-25,173.00
1954-11-26,187.00
1954-11-27,260.00
1954-11-28,212.00
1954-11-29,378.00
1954-11-30,406.00
1954-12-01,401.00
1954-12-02,371.00
1954-12-03,345.00
1954-12-04,329.00
1954-12-05,293.00
1954-12-06,329.00
1954-12-07,311.00
1954-12-08,274.00
1954-12-09,276.00
1954-12-10,358.00
1954-12-11,385.00
1954-12-12,392.00
1954-12-13,395.00
1954-12-14,466.00
1954-12-15,575.00
1954-12-16,601.00
1954-12-17,600.00
1954-12-18,556.00
1954-12-19,466.00
1954-12-20,372.00
1954-12-21,377.00
1954-12-22,362.00
1954-12-23,397.00
1954-12-24,635.00
1954-12-25,633.00
1954-12-26,671.00
1954-12-27,662.00
1954-12-28,684.00
1954-12-29,629.00
1954-12-30,556.00
1954-12-31,514.00
1955-01-01,483.00
1955-01-02,418.00
1955-01-03,391.00
1955-01-04,335.00
1955-01-05,323.00
1955-01-06,292.00
1955-01-07,271.00
1955-01-08,252.00
1955-01-09,235.00
1955-01-10,225.00
1955-01-11,237.00
1955-01-12,461.00
1955-01-13,529.00
1955-01-14,494.00
1955-01-15,989.00
1955-01-16,928.00
1955-01-17,1048.00
1955-01-18,1242.00
1955-01-19,1336.00
1955-01-20,1304.00
1955-01-21,1134.00
1955-01-22,966.00
1955-01-23,1022.00
1955-01-24,892.00
1955-01-25,772.00
1955-01-26,684.00
1955-01-27,611.00
1955-01-28,522.00
1955-01-29,446.00
1955-01-30,412.00
1955-01-31,398.00
1955-02-01,355.00
1955-02-02,356.00
1955-02-03,355.00
1955-02-04,369.00
1955-02-05,452.00
1955-02-06,776.00
1955-02-07,801.00
1955-02-08,736.00
1955-02-09,784.00
1955-02-10,783.00
1955-02-11,761.00
1955-02-12,696.00
1955-02-13,655.00
1955-02-14,598.00
1955-02-15,554.00
1955-02-16,542.00
1955-02-17,529.00
1955-02-18,467.00
1955-02-19,410.00
1955-02-20,369.00
1955-02-21,352.00
1955-02-22,301.00
1955-02-23,305.00
1955-02-24,325.00
1955-02-25,377.00
1955-02-26,386.00
1955-02-27,386.00
1955-02-28,366.00
1955-03-01,331.00
1955-03-02,307.00
1955-03-03,289.00
1955-03-04,288.00
1955-03-05,316.00
1955-03-06,309.00
1955-03-07,231.00
1955-03-08,260.00
1955-03-09,237.00
1955-03-10,223.00
1955-03-11,191.00
1955-03-12,172.00
1955-03-13,174.00
1955-03-14,170.00
1955-03-15,169.00
1955-03-16,174.00
1955-03-17,179.00
1955-03-18,259.00
1955-03-19,229.00
1955-03-20,231.00
1955-03-21,213.00
1955-03-22,203.00
1955-03-23,213.00
1955-03-24,452.00
1955-03-25,574.00
1955-03-26,572.00
1955-03-27,475.00
1955-03-28,412.00
1955-03-29,362.00
1955-03-30,326.00
1955-03-31,281.00
1955-04-01,255.00
1955-04-02,233.00
1955-04-03,215.00
1955-04-04,222.00
1955-04-05,204.00
1955-04-06,183.00
1955-04-07,175.00
1955-04-08,181.00
1955-04-09,190.00
1955-04-10,194.00
1955-04-11,195.00
1955-04-12,198.00
1955-04-13,195.00
1955-04-14,185.00
1955-04-15,162.00
1955-04-16,161.00
1955-04-17,152.00
1955-04-18,140.00
1955-04-19,138.00
1955-04-20,133.00
1955-04-21,116.00
1955-04-22,113.00
1955-04-23,113.00
1955-04-24,107.00
1955-04-25,106.00
1955-04-26,93.00
1955-04-27,78.00
1955-04-28,89.00
1955-04-29,93.00
1955-04-30,77.00
1955-05-01,66.00
1955-05-02,91.00
1955-05-03,59.00
1955-05-04,62.00
1955-05-05,74.00
1955-05-06,83.00
1955-05-07,91.00
1955-05-08,85.00
1955-05-09,87.00
1955-05-10,83.00
1955-05-11,80.00
1955-05-12,77.00
1955-05-13,71.00
1955-05-14,74.00
1955-05-15,211.00
1955-05-16,154.00
1955-05-17,131.00
1955-05-18,141.00
1955-05-19,138.00
1955-05-20,122.00
1955-05-21,115.00
1955-05-22,118.00
1955-05-23,122.00
1955-05-24,109.00
1955-05-25,80.00
1955-05-26,107.00
1955-05-27,102.00
1955-05-28,101.00
1955-05-29,128.00
1955-05-30,138.00
1955-05-31,130.00
1955-06-01,109.00
1955-06-02,94.00
1955-06-03,68.00
1955-06-04,47.00
1955-06-05,56.00
1955-06-06,89.00
1955-06-07,78.00
1955-06-08,67.00
1955-06-09,79.00
1955-06-10,220.00
1955-06-11,267.00
1955-06-12,229.00
1955-06-13,198.00
1955-06-14,182.00
1955-06-15,169.00
1955-06-16,149.00
1955-06-17,141.00
1955-06-18,122.00
1955-06-19,111.00
1955-06-20,103.00
1955-06-21,77.00
1955-06-22,79.00
1955-06-23,72.00
1955-06-24,76.00
1955-06-25,79.00
1955-06-26,67.00
1955-06-27,55.00
1955-06-28,46.00
1955-06-29,46.00
1955-06-30,45.00
1955-07-01,46.00
1955-07-02,47.00
1955-07-03,40.00
1955-07-04,33.00
1955-07-05,27.00
1955-07-06,24.00
1955-07-07,18.00
1955-07-08,27.00
1955-07-09,32.00
1955-07-10,32.00
1955-07-11,32.00
1955-07-12,34.00
1955-07-13,36.00
1955-07-14,38.00
1955-07-15,36.00
1955-07-16,31.00
1955-07-17,23.00
1955-07-18,25.00
1955-07-19,30.00
1955-07-20,32.00
1955-07-21,32.00
1955-07-22,31.00
1955-07-23,28.00
1955-07-24,22.00
1955-07-25,14.00
1955-07-26,23.00
1955-07-27,25.00
1955-07-28,18.00
1955-07-29,13.00
1955-07-30,14.00
1955-07-31,21.00
1955-08-01,21.00
1955-08-02,20.00
1955-08-03,19.00
1955-08-04,18.00
1955-08-05,18.00
1955-08-06,17.00
1955-08-07,16.00
1955-08-08,15.00
1955-08-09,19.00
1955-08-10,31.00
1955-08-11,22.00
1955-08-12,20.00
1955-08-13,23.00
1955-08-14,45.00
1955-08-15,60.00
1955-08-16,24.00
1955-08-17,41.00
1955-08-18,28.00
1955-08-19,20.00
1955-08-20,14.00
1955-08-21,10.00
1955-08-22,10.00
1955-08-23,10.00
1955-08-24,10.00
1955-08-25,10.00
1955-08-26,10.00
1955-08-27,10.00
1955-08-28,10.00
1955-08-29,10.00
1955-08-30,10.00
1955-08-31,10.00
1955-09-01,10.00
1955-09-02,10.00
1955-09-03,10.00
1955-09-04,10.00
1955-09-05,10.00
1955-09-06,10.00
1955-09-07,10.00
1955-09-08,10.00
1955-09-09,10.00
1955-09-10,10.00
1955-09-11,10.00
1955-09-12,10.00
1955-09-13,10.00
1955-09-14,12.00
1955-09-15,37.00
1955-09-16,57.00
1955-09-17,26.00
1955-09-18,10.00
1955-09-19,10.00
1955-09-20,10.00
1955-09-21,10.00
1955-09-22,10.00
1955-09-23,10.00
1955-09-24,10.00
1955-09-25,10.00
1955-09-26,10.00
1955-09-27,10.00
1955-09-28,10.00
1955-09-29,10.00
1955-09-30,10.00
1955-10-01,10.00
1955-10-02,10.00
1955-10-03,10.00
1955-10-04,10.00
1955-10-05,10.00
1955-10-06,10.00
1955-10-07,10.00
1955-10-08,10.00
1955-10-09,10.00
1955-10-10,10.00
1955-10-11,10.00
1955-10-12,10.00
1955-10-13,10.00
1955-10-14,10.00
1955-10-15,10.00
1955-10-16,10.00
1955-10-17,10.00
1955-10-18,10.00
1955-10-19,10.00
1955-10-20,10.00
1955-10-21,10.00
1955-10-22,10.00
1955-10-23,10.00
1955-10-24,10.00
1955-10-25,10.00
1955-10-26,10.00
1955-10-27,10.00
1955-10-28,10.00
1955-10-29,10.00
1955-10-30,10.00
1955-10-31,10.00
1955-11-01,10.00
1955-11-02,10.00
1955-11-03,10.00
1955-11-04,10.00
1955-11-05,10.00
1955-11-06,10.00
1955-11-07,10.00
1955-11-08,11.00
1955-11-09,15.00
1955-11-10,23.00
1955-11-11,22.00
1955-11-12,20.00
1955-11-13,18.00
1955-11-14,13.00
1955-11-15,15.00
1955-11-16,14.00
1955-11-17,10.00
1955-11-18,10.00
1955-11-19,10.00
1955-11-20,10.00
1955-11-21,10.00
1955-11-22,10.00
1955-11-23,10.00
1955-11-24,10.00
1955-11-25,25.00
1955-11-26,27.00
1955-11-27,20.00
1955-11-28,17.00
1955-11-29,30.00
1955-11-30,13.00
1955-12-01,12.00
1955-12-02,13.00
1955-12-03,16.00
1955-12-04,20.00
1955-12-05,19.00
1955-12-06,17.00
1955-12-07,14.00
1955-12-08,12.00
1955-12-09,11.00
1955-12-10,14.00
1955-12-11,62.00
1955-12-12,90.00
1955-12-13,80.00
1955-12-14,101.00
1955-12-15,80.00
1955-12-16,101.00
1955-12-17,321.00
1955-12-18,361.00
1955-12-19,368.00
1955-12-20,367.00
1955-12-21,336.00
1955-12-22,250.00
1955-12-23,207.00
1955-12-24,208.00
1955-12-25,210.00
1955-12-26,193.00
1955-12-27,166.00
1955-12-28,230.00
1955-12-29,356.00
1955-12-30,423.00
1955-12-31,736.00
1956-01-01,804.00
1956-01-02,784.00
1956-01-03,901.00
1956-01-04,759.00
1956-01-05,581.00
1956-01-06,464.00
1956-01-07,426.00
1956-01-08,403.00
1956-01-09,379.00
1956-01-10,348.00
1956-01-11,285.00
1956-01-12,301.00
1956-01-13,515.00
1956-01-14,458.00
1956-01-15,391.00
1956-01-16,347.00
1956-01-17,302.00
1956-01-18,276.00
1956-01-19,268.00
1956-01-20,250.00
1956-01-21,229.00
1956-01-22,239.00
1956-01-23,266.00
1956-01-24,429.00
1956-01-25,638.00
1956-01-26,596.00
1956-01-27,586.00
1956-01-28,646.00
1956-01-29,580.00
1956-01-30,566.00
1956-01-31,724.00
1956-02-01,616.00
1956-02-02,520.00
1956-02-03,454.00
1956-02-04,445.00
1956-02-05,415.00
1956-02-06,338.00
1956-02-07,326.00
1956-02-08,308.00
1956-02-09,258.00
1956-02-10,251.00
1956-02-11,236.00
1956-02-12,200.00
1956-02-13,166.00
1956-02-14,146.00
1956-02-15,154.00
1956-02-16,164.00
1956-02-17,166.00
1956-02-18,164.00
1956-02-19,160.00
1956-02-20,146.00
1956-02-21,131.00
1956-02-22,121.00
1956-02-23,120.00
1956-02-24,118.00
1956-02-25,115.00
1956-02-26,110.00
1956-02-27,107.00
1956-02-28,108.00
1956-02-29,114.00
1956-03-01,254.00
1956-03-02,353.00
1956-03-03,747.00
1956-03-04,1421.00
1956-03-05,1819.00
1956-03-06,1314.00
1956-03-07,1023.00
1956-03-08,892.00
1956-03-09,733.00
1956-03-10,564.00
1956-03-11,436.00
1956-03-12,379.00
1956-03-13,334.00
1956-03-14,303.00
1956-03-15,268.00
1956-03-16,223.00
1956-03-17,199.00
1956-03-18,212.00
1956-03-19,206.00
1956-03-20,197.00
1956-03-21,192.00
1956-03-22,192.00
1956-03-23,189.00
1956-03-24,177.00
1956-03-25,177.00
1956-03-26,175.00
1956-03-27,149.00
1956-03-28,141.00
1956-03-29,141.00
1956-03-30,133.00
1956-03-31,121.00
1956-04-01,109.00
1956-04-02,103.00
1956-04-03,101.00
1956-04-04,100.00
1956-04-05,105.00
1956-04-06,116.00
1956-04-07,128.00
1956-04-08,113.00
1956-04-09,112.00
1956-04-10,117.00
1956-04-11,121.00
1956-04-12,115.00
1956-04-13,107.00
1956-04-14,146.00
1956-04-15,226.00
1956-04-16,346.00
1956-04-17,345.00
1956-04-18,277.00
1956-04-19,262.00
1956-04-20,255.00
1956-04-21,230.00
1956-04-22,208.00
1956-04-23,206.00
1956-04-24,202.00
1956-04-25,198.00
1956-04-26,156.00
1956-04-27,135.00
1956-04-28,134.00
1956-04-29,137.00
1956-04-30,140.00
1956-05-01,138.00
1956-05-02,137.00
1956-05-03,132.00
1956-05-04,116.00
1956-05-05,116.00
1956-05-06,122.00
1956-05-07,77.00
1956-05-08,101.00
1956-05-09,93.00
1956-05-10,84.00
1956-05-11,79.00
1956-05-12,82.00
1956-05-13,89.00
1956-05-14,86.00
1956-05-15,74.00
1956-05-16,68.00
1956-05-17,66.00
1956-05-18,65.00
1956-05-19,65.00
1956-05-20,65.00
1956-05-21,66.00
1956-05-22,51.00
1956-05-23,43.00
1956-05-24,60.00
1956-05-25,98.00
1956-05-26,137.00
1956-05-27,158.00
1956-05-28,126.00
1956-05-29,78.00
1956-05-30,148.00
1956-05-31,143.00
1956-06-01,141.00
1956-06-02,122.00
1956-06-03,110.00
1956-06-04,110.00
1956-06-05,89.00
1956-06-06,79.00
1956-06-07,89.00
1956-06-08,78.00
1956-06-09,85.00
1956-06-10,134.00
1956-06-11,194.00
1956-06-12,267.00
1956-06-13,277.00
1956-06-14,236.00
1956-06-15,208.00
1956-06-16,182.00
1956-06-17,164.00
1956-06-18,147.00
1956-06-19,159.00
1956-06-20,165.00
1956-06-21,148.00
1956-06-22,129.00
1956-06-23,99.00
1956-06-24,118.00
1956-06-25,113.00
1956-06-26,92.00
1956-06-27,89.00
1956-06-28,85.00
1956-06-29,86.00
1956-06-30,85.00
1956-07-01,83.00
1956-07-02,77.00
1956-07-03,79.00
1956-07-04,88.00
1956-07-05,83.00
1956-07-06,72.00
1956-07-07,63.00
1956-07-08,57.00
1956-07-09,53.00
1956-07-10,83.00
1956-07-11,77.00
1956-07-12,59.00
1956-07-13,51.00
1956-07-14,53.00
1956-07-15,60.00
1956-07-16,59.00
1956-07-17,55.00
1956-07-18,52.00
1956-07-19,53.00
1956-07-20,71.00
1956-07-21,98.00
1956-07-22,78.00
1956-07-23,74.00
1956-07-24,65.00
1956-07-25,47.00
1956-07-26,41.00
1956-07-27,45.00
1956-07-28,26.00
1956-07-29,37.00
1956-07-30,29.00
1956-07-31,28.00
1956-08-01,31.00
1956-08-02,37.00
1956-08-03,51.00
1956-08-04,88.00
1956-08-05,131.00
1956-08-06,137.00
1956-08-07,77.00
1956-08-08,80.00
1956-08-09,76.00
1956-08-10,55.00
1956-08-11,53.00
1956-08-12,59.00
1956-08-13,59.00
1956-08-14,56.00
1956-08-15,50.00
1956-08-16,41.00
1956-08-17,41.00
1956-08-18,47.00
1956-08-19,38.00
1956-08-20,30.00
1956-08-21,30.00
1956-08-22,31.00
1956-08-23,26.00
1956-08-24,25.00
1956-08-25,47.00
1956-08-26,66.00
1956-08-27,81.00
1956-08-28,98.00
1956-08-29,113.00
1956-08-30,120.00
1956-08-31,120.00
1956-09-01,115.00
1956-09-02,108.00
1956-09-03,115.00
1956-09-04,124.00
1956-09-05,133.00
1956-09-06,144.00
1956-09-07,149.00
1956-09-08,152.00
1956-09-09,158.00
1956-09-10,176.00
1956-09-11,149.00
1956-09-12,165.00
1956-09-13,234.00
1956-09-14,221.00
1956-09-15,170.00
1956-09-16,162.00
1956-09-17,154.00
1956-09-18,146.00
1956-09-19,138.00
1956-09-20,134.00
1956-09-21,109.00
1956-09-22,95.00
1956-09-23,83.00
1956-09-24,67.00
1956-09-25,50.00
1956-09-26,51.00
1956-09-27,140.00
1956-09-28,193.00
1956-09-29,205.00
1956-09-30,200.00
1956-10-01,176.00
1956-10-02,159.00
1956-10-03,290.00
1956-10-04,591.00
1956-10-05,470.00
1956-10-06,433.00
1956-10-07,613.00
1956-10-08,636.00
1956-10-09,518.00
1956-10-10,445.00
1956-10-11,333.00
1956-10-12,279.00
1956-10-13,256.00
1956-10-14,228.00
1956-10-15,201.00
1956-10-16,184.00
1956-10-17,166.00
1956-10-18,152.00
1956-10-19,201.00
1956-10-20,179.00
1956-10-21,204.00
1956-10-22,196.00
1956-10-23,176.00
1956-10-24,161.00
1956-10-25,152.00
1956-10-26,151.00
1956-10-27,158.00
1956-10-28,204.00
1956-10-29,216.00
1956-10-30,352.00
1956-10-31,432.00
1956-11-01,378.00
1956-11-02,314.00
1956-11-03,294.00
1956-11-04,305.00
1956-11-05,342.00
1956-11-06,353.00
1956-11-07,319.00
1956-11-08,269.00
1956-11-09,248.00
1956-11-10,231.00
1956-11-11,218.00
1956-11-12,215.00
1956-11-13,291.00
1956-11-14,351.00
1956-11-15,258.00
1956-11-16,240.00
1956-11-17,226.00
1956-11-18,211.00
1956-11-19,199.00
1956-11-20,185.00
1956-11-21,175.00
1956-11-22,156.00
1956-11-23,141.00
1956-11-24,143.00
1956-11-25,133.00
1956-11-26,134.00
1956-11-27,171.00
1956-11-28,284.00
1956-11-29,437.00
1956-11-30,522.00
1956-12-01,478.00
1956-12-02,418.00
1956-12-03,367.00
1956-12-04,378.00
1956-12-05,392.00
1956-12-06,408.00
1956-12-07,476.00
1956-12-08,439.00
1956-12-09,389.00
1956-12-10,347.00
1956-12-11,315.00
1956-12-12,300.00
1956-12-13,340.00
1956-12-14,452.00
1956-12-15,472.00
1956-12-16,573.00
1956-12-17,572.00
1956-12-18,544.00
1956-12-19,466.00
1956-12-20,408.00
1956-12-21,427.00
1956-12-22,422.00
1956-12-23,349.00
1956-12-24,311.00
1956-12-25,293.00
1956-12-26,269.00
1956-12-27,241.00
1956-12-28,234.00
1956-12-29,233.00
1956-12-30,236.00
1956-12-31,289.00
1957-01-01,286.00
1957-01-02,270.00
1957-01-03,274.00
1957-01-04,286.00
1957-01-05,304.00
1957-01-06,343.00
1957-01-07,470.00
1957-01-08,468.00
1957-01-09,439.00
1957-01-10,413.00
1957-01-11,385.00
1957-01-12,361.00
1957-01-13,391.00
1957-01-14,553.00
1957-01-15,489.00
1957-01-16,404.00
1957-01-17,331.00
1957-01-18,284.00
1957-01-19,254.00
1957-01-20,243.00
1957-01-21,233.00
1957-01-22,192.00
1957-01-23,206.00
1957-01-24,199.00
1957-01-25,165.00
1957-01-26,169.00
1957-01-27,193.00
1957-01-28,241.00
1957-01-29,276.00
1957-01-30,222.00
1957-01-31,221.00
1957-02-01,265.00
1957-02-02,353.00
1957-02-03,384.00
1957-02-04,369.00
1957-02-05,340.00
1957-02-06,316.00
1957-02-07,303.00
1957-02-08,288.00
1957-02-09,331.00
1957-02-10,556.00
1957-02-11,594.00
1957-02-12,634.00
1957-02-13,796.00
1957-02-14,1076.00
1957-02-15,1346.00
1957-02-16,1398.00
1957-02-17,1336.00
1957-02-18,1166.00
1957-02-19,991.00
1957-02-20,882.00
1957-02-21,1056.00
1957-02-22,1136.00
1957-02-23,1031.00
1957-02-24,921.00
1957-02-25,941.00
1957-02-26,1270.00
1957-02-27,1336.00
1957-02-28,1126.00
1957-03-01,941.00
1957-03-02,836.00
1957-03-03,724.00
1957-03-04,666.00
1957-03-05,645.00
1957-03-06,604.00
1957-03-07,487.00
1957-03-08,432.00
1957-03-09,473.00
1957-03-10,481.00
1957-03-11,444.00
1957-03-12,413.00
1957-03-13,365.00
1957-03-14,329.00
1957-03-15,336.00
1957-03-16,289.00
1957-03-17,278.00
1957-03-18,305.00
1957-03-19,323.00
1957-03-20,333.00
1957-03-21,323.00
1957-03-22,294.00
1957-03-23,252.00
1957-03-24,256.00
1957-03-25,275.00
1957-03-26,275.00
1957-03-27,284.00
1957-03-28,303.00
1957-03-29,347.00
1957-03-30,335.00
1957-03-31,309.00
1957-04-01,290.00
1957-04-02,276.00
1957-04-03,267.00
1957-04-04,247.00
1957-04-05,225.00
1957-04-06,187.00
1957-04-07,199.00
1957-04-08,185.00
1957-04-09,172.00
1957-04-10,176.00
1957-04-11,169.00
1957-04-12,170.00
1957-04-13,175.00
1957-04-14,167.00
1957-04-15,148.00
1957-04-16,139.00
1957-04-17,134.00
1957-04-18,122.00
1957-04-19,130.00
1957-04-20,131.00
1957-04-21,126.00
1957-04-22,120.00
1957-04-23,111.00
1957-04-24,107.00
1957-04-25,82.00
1957-04-26,175.00
1957-04-27,372.00
1957-04-28,259.00
1957-04-29,176.00
1957-04-30,166.00
1957-05-01,130.00
1957-05-02,157.00
1957-05-03,122.00
1957-05-04,112.00
1957-05-05,88.00
1957-05-06,115.00
1957-05-07,115.00
1957-05-08,109.00
1957-05-09,104.00
1957-05-10,100.00
1957-05-11,97.00
1957-05-12,97.00
1957-05-13,105.00
1957-05-14,98.00
1957-05-15,97.00
1957-05-16,114.00
1957-05-17,150.00
1957-05-18,130.00
1957-05-19,126.00
1957-05-20,125.00
1957-05-21,118.00
1957-05-22,101.00
1957-05-23,100.00
1957-05-24,104.00
1957-05-25,118.00
1957-05-26,124.00
1957-05-27,90.00
1957-05-28,61.00
1957-05-29,44.00
1957-05-30,73.00
1957-05-31,66.00
1957-06-01,59.00
1957-06-02,58.00
1957-06-03,53.00
1957-06-04,46.00
1957-06-05,69.00
1957-06-06,71.00
1957-06-07,46.00
1957-06-08,45.00
1957-06-09,45.00
1957-06-10,46.00
1957-06-11,52.00
1957-06-12,90.00
1957-06-13,76.00
1957-06-14,59.00
1957-06-15,48.00
1957-06-16,45.00
1957-06-17,44.00
1957-06-18,42.00
1957-06-19,22.00
1957-06-20,41.00
1957-06-21,54.00
1957-06-22,64.00
1957-06-23,107.00
1957-06-24,93.00
1957-06-25,76.00
1957-06-26,54.00
1957-06-27,39.00
1957-06-28,46.00
1957-06-29,37.00
1957-06-30,30.00
1957-07-01,31.00
1957-07-02,44.00
1957-07-03,103.00
1957-07-04,43.00
1957-07-05,21.00
1957-07-06,35.00
1957-07-07,31.00
1957-07-08,14.00
1957-07-09,14.00
1957-07-10,37.00
1957-07-11,20.00
1957-07-12,11.00
1957-07-13,12.00
1957-07-14,17.00
1957-07-15,25.00
1957-07-16,30.00
1957-07-17,28.00
1957-07-18,20.00
1957-07-19,20.00
1957-07-20,35.00
1957-07-21,45.00
1957-07-22,53.00
1957-07-23,51.00
1957-07-24,57.00
1957-07-25,71.00
1957-07-26,72.00
1957-07-27,54.00
1957-07-28,35.00
1957-07-29,163.00
1957-07-30,175.00
1957-07-31,129.00
1957-08-01,83.00
1957-08-02,53.00
1957-08-03,52.00
1957-08-04,37.00
1957-08-05,26.00
1957-08-06,24.00
1957-08-07,27.00
1957-08-08,34.00
1957-08-09,74.00
1957-08-10,164.00
1957-08-11,145.00
1957-08-12,137.00
1957-08-13,25.00
1957-08-14,61.00
1957-08-15,38.00
1957-08-16,53.00
1957-08-17,76.00
1957-08-18,131.00
1957-08-19,151.00
1957-08-20,225.00
1957-08-21,160.00
1957-08-22,221.00
1957-08-23,131.00
1957-08-24,104.00
1957-08-25,96.00
1957-08-26,96.00
1957-08-27,96.00
1957-08-28,95.00
1957-08-29,92.00
1957-08-30,87.00
1957-08-31,73.00
1957-09-01,69.00
1957-09-02,71.00
1957-09-03,68.00
1957-09-04,73.00
1957-09-05,76.00
1957-09-06,78.00
1957-09-07,79.00
1957-09-08,76.00
1957-09-09,75.00
1957-09-10,118.00
1957-09-11,96.00
1957-09-12,133.00
1957-09-13,143.00
1957-09-14,271.00
1957-09-15,349.00
1957-09-16,270.00
1957-09-17,226.00
1957-09-18,219.00
1957-09-19,188.00
1957-09-20,160.00
1957-09-21,139.00
1957-09-22,136.00
1957-09-23,154.00
1957-09-24,235.00
1957-09-25,475.00
1957-09-26,415.00
1957-09-27,866.00
1957-09-28,670.00
1957-09-29,487.00
1957-09-30,643.00
1957-10-01,630.00
1957-10-02,475.00
1957-10-03,387.00
1957-10-04,309.00
1957-10-05,281.00
1957-10-06,237.00
1957-10-07,202.00
1957-10-08,203.00
1957-10-09,176.00
1957-10-10,151.00
1957-10-11,140.00
1957-10-12,141.00
1957-10-13,134.00
1957-10-14,107.00
1957-10-15,108.00
1957-10-16,93.00
1957-10-17,104.00
1957-10-18,95.00
1957-10-19,104.00
1957-10-20,118.00
1957-10-21,124.00
1957-10-22,130.00
1957-10-23,169.00
1957-10-24,252.00
1957-10-25,176.00
1957-10-26,174.00
1957-10-27,115.00
1957-10-28,146.00
1957-10-29,140.00
1957-10-30,118.00
1957-10-31,125.00
1957-11-01,121.00
1957-11-02,120.00
1957-11-03,120.00
1957-11-04,130.00
1957-11-05,167.00
1957-11-06,261.00
1957-11-07,271.00
1957-11-08,256.00
1957-11-09,263.00
1957-11-10,292.00
1957-11-11,271.00
1957-11-12,243.00
1957-11-13,222.00
1957-11-14,202.00
1957-11-15,185.00
1957-11-16,171.00
1957-11-17,173.00
1957-11-18,163.00
1957-11-19,169.00
1957-11-20,167.00
1957-11-21,130.00
1957-11-22,122.00
1957-11-23,140.00
1957-11-24,150.00
1957-11-25,146.00
1957-11-26,143.00
1957-11-27,139.00
1957-11-28,133.00
1957-11-29,122.00
1957-11-30,114.00
1957-12-01,110.00
1957-12-02,110.00
1957-12-03,100.00
1957-12-04,92.00
1957-12-05,87.00
1957-12-06,86.00
1957-12-07,87.00
1957-12-08,101.00
1957-12-09,257.00
1957-12-10,496.00
1957-12-11,424.00
1957-12-12,372.00
1957-12-13,351.00
1957-12-14,376.00
1957-12-15,355.00
1957-12-16,260.00
1957-12-17,254.00
1957-12-18,239.00
1957-12-19,238.00
1957-12-20,199.00
1957-12-21,195.00
1957-12-22,195.00
1957-12-23,192.00
1957-12-24,170.00
1957-12-25,175.00
1957-12-26,178.00
1957-12-27,169.00
1957-12-28,147.00
1957-12-29,151.00
1957-12-30,150.00
1957-12-31,149.00
1958-01-01,149.00
1958-01-02,153.00
1958-01-03,154.00
1958-01-04,148.00
1958-01-05,135.00
1958-01-06,170.00
1958-01-07,453.00
1958-01-08,611.00
1958-01-09,646.00
1958-01-10,850.00
1958-01-11,932.00
1958-01-12,995.00
1958-01-13,930.00
1958-01-14,838.00
1958-01-15,748.00
1958-01-16,649.00
1958-01-17,563.00
1958-01-18,522.00
1958-01-19,521.00
1958-01-20,527.00
1958-01-21,471.00
1958-01-22,431.00
1958-01-23,394.00
1958-01-24,357.00
1958-01-25,331.00
1958-01-26,319.00
1958-01-27,325.00
1958-01-28,505.00
1958-01-29,485.00
1958-01-30,446.00
1958-01-31,396.00
1958-02-01,363.00
1958-02-02,334.00
1958-02-03,316.00
1958-02-04,314.00
1958-02-05,273.00
1958-02-06,415.00
1958-02-07,567.00
1958-02-08,501.00
1958-02-09,557.00
1958-02-10,780.00
1958-02-11,782.00
1958-02-12,822.00
1958-02-13,901.00
1958-02-14,1045.00
1958-02-15,1127.00
1958-02-16,1041.00
1958-02-17,973.00
1958-02-18,950.00
1958-02-19,804.00
1958-02-20,728.00
1958-02-21,696.00
1958-02-22,912.00
1958-02-23,1186.00
1958-02-24,1172.00
1958-02-25,1299.00
1958-02-26,1621.00
1958-02-27,1939.00
1958-02-28,1706.00
1958-03-01,1451.00
1958-03-02,1265.00
1958-03-03,1166.00
1958-03-04,1014.00
1958-03-05,876.00
1958-03-06,781.00
1958-03-07,748.00
1958-03-08,663.00
1958-03-09,578.00
1958-03-10,544.00
1958-03-11,501.00
1958-03-12,446.00
1958-03-13,419.00
1958-03-14,419.00
1958-03-15,417.00
1958-03-16,409.00
1958-03-17,385.00
1958-03-18,339.00
1958-03-19,332.00
1958-03-20,339.00
1958-03-21,343.00
1958-03-22,343.00
1958-03-23,267.00
1958-03-24,244.00
1958-03-25,217.00
1958-03-26,234.00
1958-03-27,235.00
1958-03-28,230.00
1958-03-29,228.00
1958-03-30,220.00
1958-03-31,208.00
1958-04-01,201.00
1958-04-02,186.00
1958-04-03,192.00
1958-04-04,187.00
1958-04-05,177.00
1958-04-06,191.00
1958-04-07,189.00
1958-04-08,187.00
1958-04-09,177.00
1958-04-10,181.00
1958-04-11,173.00
1958-04-12,165.00
1958-04-13,155.00
1958-04-14,158.00
1958-04-15,159.00
1958-04-16,149.00
1958-04-17,137.00
1958-04-18,137.00
1958-04-19,137.00
1958-04-20,133.00
1958-04-21,131.00
1958-04-22,127.00
1958-04-23,129.00
1958-04-24,124.00
1958-04-25,97.00
1958-04-26,127.00
1958-04-27,287.00
1958-04-28,479.00
1958-04-29,464.00
1958-04-30,343.00
1958-05-01,281.00
1958-05-02,239.00
1958-05-03,211.00
1958-05-04,189.00
1958-05-05,184.00
1958-05-06,181.00
1958-05-07,217.00
1958-05-08,244.00
1958-05-09,203.00
1958-05-10,239.00
1958-05-11,322.00
1958-05-12,420.00
1958-05-13,398.00
1958-05-14,420.00
1958-05-15,429.00
1958-05-16,438.00
1958-05-17,632.00
1958-05-18,646.00
1958-05-19,569.00
1958-05-20,501.00
1958-05-21,462.00
1958-05-22,444.00
1958-05-23,394.00
1958-05-24,356.00
1958-05-25,365.00
1958-05-26,458.00
1958-05-27,547.00
1958-05-28,494.00
1958-05-29,436.00
1958-05-30,347.00
1958-05-31,313.00
1958-06-01,307.00
1958-06-02,287.00
1958-06-03,251.00
1958-06-04,208.00
1958-06-05,234.00
1958-06-06,205.00
1958-06-07,187.00
1958-06-08,179.00
1958-06-09,172.00
1958-06-10,165.00
1958-06-11,179.00
1958-06-12,111.00
1958-06-13,137.00
1958-06-14,131.00
1958-06-15,117.00
1958-06-16,132.00
1958-06-17,118.00
1958-06-18,133.00
1958-06-19,105.00
1958-06-20,118.00
1958-06-21,155.00
1958-06-22,156.00
1958-06-23,145.00
1958-06-24,127.00
1958-06-25,127.00
1958-06-26,131.00
1958-06-27,132.00
1958-06-28,158.00
1958-06-29,155.00
1958-06-30,136.00
1958-07-01,117.00
1958-07-02,139.00
1958-07-03,124.00
1958-07-04,151.00
1958-07-05,149.00
1958-07-06,142.00
1958-07-07,129.00
1958-07-08,114.00
1958-07-09,92.00
1958-07-10,82.00
1958-07-11,78.00
1958-07-12,79.00
1958-07-13,89.00
1958-07-14,87.00
1958-07-15,76.00
1958-07-16,79.00
1958-07-17,96.00
1958-07-18,114.00
1958-07-19,94.00
1958-07-20,70.00
1958-07-21,61.00
1958-07-22,62.00
1958-07-23,80.00
1958-07-24,82.00
1958-07-25,62.00
1958-07-26,67.00
1958-07-27,90.00
1958-07-28,79.00
1958-07-29,68.00
1958-07-30,64.00
1958-07-31,66.00
1958-08-01,72.00
1958-08-02,94.00
1958-08-03,110.00
1958-08-04,95.00
1958-08-05,78.00
1958-08-06,79.00
1958-08-07,82.00
1958-08-08,79.00
1958-08-09,89.00
1958-08-10,63.00
1958-08-11,85.00
1958-08-12,78.00
1958-08-13,112.00
1958-08-14,165.00
1958-08-15,346.00
1958-08-16,392.00
1958-08-17,425.00
1958-08-18,313.00
1958-08-19,243.00
1958-08-20,253.00
1958-08-21,276.00
1958-08-22,287.00
1958-08-23,277.00
1958-08-24,290.00
1958-08-25,232.00
1958-08-26,218.00
1958-08-27,262.00
1958-08-28,268.00
1958-08-29,222.00
1958-08-30,187.00
1958-08-31,170.00
1958-09-01,162.00
1958-09-02,131.00
1958-09-03,134.00
1958-09-04,105.00
1958-09-05,104.00
1958-09-06,117.00
1958-09-07,93.00
1958-09-08,83.00
1958-09-09,86.00
1958-09-10,83.00
1958-09-11,87.00
1958-09-12,68.00
1958-09-13,74.00
1958-09-14,67.00
1958-09-15,60.00
1958-09-16,57.00
1958-09-17,52.00
1958-09-18,53.00
1958-09-19,59.00
1958-09-20,62.00
1958-09-21,61.00
1958-09-22,61.00
1958-09-23,62.00
1958-09-24,92.00
1958-09-25,106.00
1958-09-26,80.00
1958-09-27,68.00
1958-09-28,90.00
1958-09-29,79.00
1958-09-30,72.00
1958-10-01,155.00
1958-10-02,184.00
1958-10-03,106.00
1958-10-04,101.00
1958-10-05,122.00
1958-10-06,95.00
1958-10-07,99.00
1958-10-08,97.00
1958-10-09,93.00
1958-10-10,89.00
1958-10-11,86.00
1958-10-12,87.00
1958-10-13,104.00
1958-10-14,187.00
1958-10-15,315.00
1958-10-16,355.00
1958-10-17,289.00
1958-10-18,301.00
1958-10-19,320.00
1958-10-20,301.00
1958-10-21,289.00
1958-10-22,305.00
1958-10-23,303.00
1958-10-24,299.00
1958-10-25,239.00
1958-10-26,216.00
1958-10-27,195.00
1958-10-28,182.00
1958-10-29,173.00
1958-10-30,154.00
1958-10-31,144.00
1958-11-01,156.00
1958-11-02,142.00
1958-11-03,183.00
1958-11-04,464.00
1958-11-05,363.00
1958-11-06,353.00
1958-11-07,283.00
1958-11-08,247.00
1958-11-09,354.00
1958-11-10,324.00
1958-11-11,454.00
1958-11-12,448.00
1958-11-13,383.00
1958-11-14,335.00
1958-11-15,361.00
1958-11-16,361.00
1958-11-17,277.00
1958-11-18,247.00
1958-11-19,233.00
1958-11-20,181.00
1958-11-21,193.00
1958-11-22,186.00
1958-11-23,170.00
1958-11-24,163.00
1958-11-25,154.00
1958-11-26,147.00
1958-11-27,145.00
1958-11-28,124.00
1958-11-29,141.00
1958-11-30,129.00
1958-12-01,114.00
1958-12-02,107.00
1958-12-03,109.00
1958-12-04,107.00
1958-12-05,102.00
1958-12-06,102.00
1958-12-07,72.00
1958-12-08,89.00
1958-12-09,93.00
1958-12-10,93.00
1958-12-11,217.00
1958-12-12,313.00
1958-12-13,365.00
1958-12-14,694.00
1958-12-15,623.00
1958-12-16,597.00
1958-12-17,633.00
1958-12-18,700.00
1958-12-19,698.00
1958-12-20,680.00
1958-12-21,776.00
1958-12-22,904.00
1958-12-23,849.00
1958-12-24,744.00
1958-12-25,653.00
1958-12-26,591.00
1958-12-27,489.00
1958-12-28,521.00
1958-12-29,564.00
1958-12-30,532.00
1958-12-31,491.00
1959-01-01,474.00
1959-01-02,494.00
1959-01-03,611.00
1959-01-04,661.00
1959-01-05,597.00
1959-01-06,536.00
1959-01-07,713.00
1959-01-08,1154.00
1959-01-09,1230.00
1959-01-10,1076.00
1959-01-11,901.00
1959-01-12,820.00
1959-01-13,732.00
1959-01-14,817.00
1959-01-15,814.00
1959-01-16,713.00
1959-01-17,597.00
1959-01-18,501.00
1959-01-19,427.00
1959-01-20,412.00
1959-01-21,658.00
1959-01-22,722.00
1959-01-23,698.00
1959-01-24,742.00
1959-01-25,716.00
1959-01-26,638.00
1959-01-27,605.00
1959-01-28,574.00
1959-01-29,536.00
1959-01-30,475.00
1959-01-31,436.00
1959-02-01,436.00
1959-02-02,374.00
1959-02-03,320.00
1959-02-04,259.00
1959-02-05,266.00
1959-02-06,253.00
1959-02-07,234.00
1959-02-08,215.00
1959-02-09,206.00
1959-02-10,186.00
1959-02-11,196.00
1959-02-12,191.00
1959-02-13,188.00
1959-02-14,185.00
1959-02-15,183.00
1959-02-16,166.00
1959-02-17,150.00
1959-02-18,145.00
1959-02-19,152.00
1959-02-20,145.00
1959-02-21,143.00
1959-02-22,143.00
1959-02-23,146.00
1959-02-24,148.00
1959-02-25,146.00
1959-02-26,141.00
1959-02-27,121.00
1959-02-28,102.00
1959-03-01,118.00
1959-03-02,125.00
1959-03-03,108.00
1959-03-04,98.00
1959-03-05,99.00
1959-03-06,146.00
1959-03-07,249.00
1959-03-08,236.00
1959-03-09,191.00
1959-03-10,185.00
1959-03-11,153.00
1959-03-12,163.00
1959-03-13,154.00
1959-03-14,135.00
1959-03-15,148.00
1959-03-16,156.00
1959-03-17,152.00
1959-03-18,153.00
1959-03-19,146.00
1959-03-20,106.00
1959-03-21,148.00
1959-03-22,159.00
1959-03-23,169.00
1959-03-24,183.00
1959-03-25,217.00
1959-03-26,299.00
1959-03-27,307.00
1959-03-28,279.00
1959-03-29,257.00
1959-03-30,242.00
1959-03-31,247.00
1959-04-01,257.00
1959-04-02,211.00
1959-04-03,191.00
1959-04-04,160.00
1959-04-05,156.00
1959-04-06,154.00
1959-04-07,161.00
1959-04-08,171.00
1959-04-09,179.00
1959-04-10,191.00
1959-04-11,193.00
1959-04-12,196.00
1959-04-13,201.00
1959-04-14,225.00
1959-04-15,237.00
1959-04-16,213.00
1959-04-17,205.00
1959-04-18,196.00
1959-04-19,194.00
1959-04-20,183.00
1959-04-21,164.00
1959-04-22,160.00
1959-04-23,145.00
1959-04-24,150.00
1959-04-25,158.00
1959-04-26,139.00
1959-04-27,111.00
1959-04-28,149.00
1959-04-29,146.00
1959-04-30,153.00
1959-05-01,259.00
1959-05-02,221.00
1959-05-03,268.00
1959-05-04,257.00
1959-05-05,233.00
1959-05-06,206.00
1959-05-07,181.00
1959-05-08,153.00
1959-05-09,118.00
1959-05-10,133.00
1959-05-11,136.00
1959-05-12,156.00
1959-05-13,141.00
1959-05-14,125.00
1959-05-15,116.00
1959-05-16,107.00
1959-05-17,77.00
1959-05-18,100.00
1959-05-19,97.00
1959-05-20,123.00
1959-05-21,74.00
1959-05-22,81.00
1959-05-23,110.00
1959-05-24,94.00
1959-05-25,96.00
1959-05-26,70.00
1959-05-27,70.00
1959-05-28,53.00
1959-05-29,60.00
1959-05-30,59.00
1959-05-31,58.00
1959-06-01,41.00
1959-06-02,40.00
1959-06-03,46.00
1959-06-04,41.00
1959-06-05,46.00
1959-06-06,53.00
1959-06-07,47.00
1959-06-08,46.00
1959-06-09,48.00
1959-06-10,48.00
1959-06-11,39.00
1959-06-12,36.00
1959-06-13,37.00
1959-06-14,40.00
1959-06-15,36.00
1959-06-16,21.00
1959-06-17,28.00
1959-06-18,24.00
1959-06-19,21.00
1959-06-20,17.00
1959-06-21,17.00
1959-06-22,19.00
1959-06-23,21.00
1959-06-24,22.00
1959-06-25,23.00
1959-06-26,25.00
1959-06-27,24.00
1959-06-28,17.00
1959-06-29,14.00
1959-06-30,23.00
1959-07-01,41.00
1959-07-02,34.00
1959-07-03,30.00
1959-07-04,35.00
1959-07-05,31.00
1959-07-06,18.00
1959-07-07,23.00
1959-07-08,13.00
1959-07-09,11.00
1959-07-10,10.00
1959-07-11,10.00
1959-07-12,10.00
1959-07-13,10.00
1959-07-14,10.00
1959-07-15,10.00
1959-07-16,10.00
1959-07-17,10.00
1959-07-18,10.00
1959-07-19,10.00
1959-07-20,10.00
1959-07-21,10.00
1959-07-22,10.00
1959-07-23,10.00
1959-07-24,10.00
1959-07-25,10.00
1959-07-26,10.00
1959-07-27,10.00
1959-07-28,10.00
1959-07-29,10.00
1959-07-30,10.00
1959-07-31,10.00
1959-08-01,129.00
1959-08-02,31.00
1959-08-03,52.00
1959-08-04,27.00
1959-08-05,10.00
1959-08-06,11.00
1959-08-07,10.00
1959-08-08,10.00
1959-08-09,25.00
1959-08-10,36.00
1959-08-11,46.00
1959-08-12,61.00
1959-08-13,31.00
1959-08-14,23.00
1959-08-15,11.00
1959-08-16,10.00
1959-08-17,10.00
1959-08-18,10.00
1959-08-19,10.00
1959-08-20,10.00
1959-08-21,10.00
1959-08-22,10.00
1959-08-23,10.00
1959-08-24,10.00
1959-08-25,10.00
1959-08-26,10.00
1959-08-27,10.00
1959-08-28,10.00
1959-08-29,10.00
1959-08-30,10.00
1959-08-31,10.00
1959-09-01,10.00
1959-09-02,10.00
1959-09-03,10.00
1959-09-04,10.00
1959-09-05,10.00
1959-09-06,10.00
1959-09-07,10.00
1959-09-08,10.00
1959-09-09,10.00
1959-09-10,10.00
1959-09-11,23.00
1959-09-12,52.00
1959-09-13,10.00
1959-09-14,118.00
1959-09-15,10.00
1959-09-16,10.00
1959-09-17,10.00
1959-09-18,10.00
1959-09-19,10.00
1959-09-20,10.00
1959-09-21,10.00
1959-09-22,10.00
1959-09-23,10.00
1959-09-24,10.00
1959-09-25,10.00
1959-09-26,10.00
1959-09-27,10.00
1959-09-28,10.00
1959-09-29,10.00
1959-09-30,10.00
1959-10-01,10.00
1959-10-02,10.00
1959-10-03,10.00
1959-10-04,10.00
1959-10-05,10.00
1959-10-06,10.00
1959-10-07,10.00
1959-10-08,10.00
1959-10-09,10.00
1959-10-10,10.00
1959-10-11,10.00
1959-10-12,10.00
1959-10-13,10.00
1959-10-14,10.00
1959-10-15,10.00
1959-10-16,10.00
1959-10-17,10.00
1959-10-18,10.00
1959-10-19,10.00
1959-10-20,10.00
1959-10-21,10.00
1959-10-22,10.00
1959-10-23,10.00
1959-10-24,10.00
1959-10-25,10.00
1959-10-26,10.00
1959-10-27,10.00
1959-10-28,10.00
1959-10-29,12.00
1959-10-30,10.00
1959-10-31,10.00
1959-11-01,10.00
1959-11-02,13.00
1959-11-03,10.00
1959-11-04,10.00
1959-11-05,26.00
1959-11-06,10.00
1959-11-07,10.00
1959-11-08,10.00
1959-11-09,10.00
1959-11-10,10.00
1959-11-11,10.00
1959-11-12,10.00
1959-11-13,26.00
1959-11-14,10.00
1959-11-15,53.00
1959-11-16,10.00
1959-11-17,12.00
1959-11-18,13.00
1959-11-19,13.00
1959-11-20,10.00
1959-11-21,10.00
1959-11-22,10.00
1959-11-23,10.00
1959-11-24,10.00
1959-11-25,10.00
1959-11-26,10.00
1959-11-27,10.00
1959-11-28,10.00
1959-11-29,10.00
1959-11-30,10.00
1959-12-01,10.00
1959-12-02,10.00
1959-12-03,10.00
1959-12-04,10.00
1959-12-05,10.00
1959-12-06,10.00
1959-12-07,10.00
1959-12-08,10.00
1959-12-09,10.00
1959-12-10,10.00
1959-12-11,10.00
1959-12-12,10.00
1959-12-13,10.00
1959-12-14,10.00
1959-12-15,10.00
1959-12-16,10.00
1959-12-17,10.00
1959-12-18,10.00
1959-12-19,10.00
1959-12-20,10.00
1959-12-21,56.00
1959-12-22,139.00
1959-12-23,111.00
1959-12-24,119.00
1959-12-25,125.00
1959-12-26,122.00
1959-12-27,279.00
1959-12-28,351.00
1959-12-29,446.00
1959-12-30,366.00
1959-12-31,387.00
1960-01-01,341.00
1960-01-02,289.00
1960-01-03,296.00
1960-01-04,371.00
1960-01-05,378.00
1960-01-06,330.00
1960-01-07,294.00
1960-01-08,261.00
1960-01-09,236.00
1960-01-10,232.00
1960-01-11,162.00
1960-01-12,157.00
1960-01-13,148.00
1960-01-14,132.00
1960-01-15,122.00
1960-01-16,283.00
1960-01-17,156.00
1960-01-18,114.00
1960-01-19,129.00
1960-01-20,73.00
1960-01-21,24.00
1960-01-22,35.00
1960-01-23,58.00
1960-01-24,257.00
1960-01-25,256.00
1960-01-26,299.00
1960-01-27,434.00
1960-01-28,389.00
1960-01-29,335.00
1960-01-30,328.00
1960-01-31,279.00
1960-02-01,254.00
1960-02-02,245.00
1960-02-03,240.00
1960-02-04,217.00
1960-02-05,188.00
1960-02-06,259.00
1960-02-07,281.00
1960-02-08,240.00
1960-02-09,217.00
1960-02-10,191.00
1960-02-11,176.00
1960-02-12,136.00
1960-02-13,173.00
1960-02-14,153.00
1960-02-15,154.00
1960-02-16,179.00
1960-02-17,167.00
1960-02-18,168.00
1960-02-19,173.00
1960-02-20,149.00
1960-02-21,133.00
1960-02-22,200.00
1960-02-23,251.00
1960-02-24,257.00
1960-02-25,249.00
1960-02-26,256.00
1960-02-27,361.00
1960-02-28,412.00
1960-02-29,420.00
1960-03-01,398.00
1960-03-02,347.00
1960-03-03,317.00
1960-03-04,418.00
1960-03-05,395.00
1960-03-06,366.00
1960-03-07,292.00
1960-03-08,263.00
1960-03-09,254.00
1960-03-10,254.00
1960-03-11,251.00
1960-03-12,237.00
1960-03-13,203.00
1960-03-14,173.00
1960-03-15,167.00
1960-03-16,175.00
1960-03-17,153.00
1960-03-18,138.00
1960-03-19,127.00
1960-03-20,111.00
1960-03-21,97.00
1960-03-22,91.00
1960-03-23,85.00
1960-03-24,88.00
1960-03-25,95.00
1960-03-26,101.00
1960-03-27,183.00
1960-03-28,183.00
1960-03-29,179.00
1960-03-30,179.00
1960-03-31,241.00
1960-04-01,234.00
1960-04-02,219.00
1960-04-03,191.00
1960-04-04,163.00
1960-04-05,148.00
1960-04-06,116.00
1960-04-07,113.00
1960-04-08,114.00
1960-04-09,110.00
1960-04-10,87.00
1960-04-11,83.00
1960-04-12,87.00
1960-04-13,90.00
1960-04-14,76.00
1960-04-15,71.00
1960-04-16,79.00
1960-04-17,75.00
1960-04-18,71.00
1960-04-19,73.00
1960-04-20,74.00
1960-04-21,73.00
1960-04-22,64.00
1960-04-23,49.00
1960-04-24,58.00
1960-04-25,57.00
1960-04-26,50.00
1960-04-27,48.00
1960-04-28,51.00
1960-04-29,57.00
1960-04-30,56.00
1960-05-01,58.00
1960-05-02,58.00
1960-05-03,41.00
1960-05-04,39.00
1960-05-05,44.00
1960-05-06,39.00
1960-05-07,29.00
1960-05-08,32.00
1960-05-09,27.00
1960-05-10,24.00
1960-05-11,24.00
1960-05-12,15.00
1960-05-13,23.00
1960-05-14,33.00
1960-05-15,33.00
1960-05-16,29.00
1960-05-17,23.00
1960-05-18,31.00
1960-05-19,36.00
1960-05-20,37.00
1960-05-21,50.00
1960-05-22,64.00
1960-05-23,44.00
1960-05-24,35.00
1960-05-25,79.00
1960-05-26,70.00
1960-05-27,58.00
1960-05-28,46.00
1960-05-29,41.00
1960-05-30,37.00
1960-05-31,25.00
1960-06-01,10.00
1960-06-02,10.00
1960-06-03,10.00
1960-06-04,10.00
1960-06-05,10.00
1960-06-06,19.00
1960-06-07,23.00
1960-06-08,22.00
1960-06-09,17.00
1960-06-10,16.00
1960-06-11,31.00
1960-06-12,46.00
1960-06-13,40.00
1960-06-14,35.00
1960-06-15,32.00
1960-06-16,27.00
1960-06-17,19.00
1960-06-18,15.00
1960-06-19,13.00
1960-06-20,10.00
1960-06-21,10.00
1960-06-22,10.00
1960-06-23,10.00
1960-06-24,10.00
1960-06-25,24.00
1960-06-26,66.00
1960-06-27,49.00
1960-06-28,10.00
1960-06-29,10.00
1960-06-30,15.00
1960-07-01,17.00
1960-07-02,13.00
1960-07-03,10.00
1960-07-04,10.00
1960-07-05,10.00
1960-07-06,22.00
1960-07-07,24.00
1960-07-08,11.00
1960-07-09,13.00
1960-07-10,32.00
1960-07-11,36.00
1960-07-12,82.00
1960-07-13,94.00
1960-07-14,57.00
1960-07-15,61.00
1960-07-16,54.00
1960-07-17,53.00
1960-07-18,43.00
1960-07-19,38.00
1960-07-20,32.00
1960-07-21,31.00
1960-07-22,31.00
1960-07-23,38.00
1960-07-24,46.00
1960-07-25,43.00
1960-07-26,32.00
1960-07-27,14.00
1960-07-28,22.00
1960-07-29,26.00
1960-07-30,25.00
1960-07-31,41.00
1960-08-01,83.00
1960-08-02,113.00
1960-08-03,66.00
1960-08-04,68.00
1960-08-05,70.00
1960-08-06,64.00
1960-08-07,53.00
1960-08-08,48.00
1960-08-09,42.00
1960-08-10,46.00
1960-08-11,46.00
1960-08-12,48.00
1960-08-13,59.00
1960-08-14,97.00
1960-08-15,56.00
1960-08-16,91.00
1960-08-17,83.00
1960-08-18,91.00
1960-08-19,129.00
1960-08-20,135.00
1960-08-21,120.00
1960-08-22,105.00
1960-08-23,91.00
1960-08-24,77.00
1960-08-25,75.00
1960-08-26,164.00
1960-08-27,196.00
1960-08-28,163.00
1960-08-29,176.00
1960-08-30,160.00
1960-08-31,165.00
1960-09-01,179.00
1960-09-02,209.00
1960-09-03,244.00
1960-09-04,213.00
1960-09-05,200.00
1960-09-06,214.00
1960-09-07,217.00
1960-09-08,213.00
1960-09-09,187.00
1960-09-10,138.00
1960-09-11,125.00
1960-09-12,101.00
1960-09-13,97.00
1960-09-14,94.00
1960-09-15,94.00
1960-09-16,93.00
1960-09-17,88.00
1960-09-18,97.00
1960-09-19,95.00
1960-09-20,93.00
1960-09-21,190.00
1960-09-22,765.00
1960-09-23,698.00
1960-09-24,446.00
1960-09-25,347.00
1960-09-26,268.00
1960-09-27,237.00
1960-09-28,207.00
1960-09-29,176.00
1960-09-30,157.00
1960-10-01,154.00
1960-10-02,165.00
1960-10-03,141.00
1960-10-04,128.00
1960-10-05,136.00
1960-10-06,162.00
1960-10-07,176.00
1960-10-08,162.00
1960-10-09,142.00
1960-10-10,153.00
1960-10-11,285.00
1960-10-12,518.00
1960-10-13,505.00
1960-10-14,393.00
1960-10-15,320.00
1960-10-16,281.00
1960-10-17,254.00
1960-10-18,233.00
1960-10-19,195.00
1960-10-20,191.00
1960-10-21,182.00
1960-10-22,181.00
1960-10-23,193.00
1960-10-24,211.00
1960-10-25,188.00
1960-10-26,217.00
1960-10-27,227.00
1960-10-28,245.00
1960-10-29,268.00
1960-10-30,276.00
1960-10-31,494.00
1960-11-01,502.00
1960-11-02,739.00
1960-11-03,773.00
1960-11-04,713.00
1960-11-05,1008.00
1960-11-06,1048.00
1960-11-07,808.00
1960-11-08,671.00
1960-11-09,567.00
1960-11-10,444.00
1960-11-11,434.00
1960-11-12,420.00
1960-11-13,387.00
1960-11-14,353.00
1960-11-15,326.00
1960-11-16,344.00
1960-11-17,381.00
1960-11-18,395.00
1960-11-19,402.00
1960-11-20,404.00
1960-11-21,402.00
1960-11-22,393.00
1960-11-23,383.00
1960-11-24,374.00
1960-11-25,374.00
1960-11-26,412.00
1960-11-27,671.00
1960-11-28,845.00
1960-11-29,939.00
1960-11-30,811.00
1960-12-01,694.00
1960-12-02,590.00
1960-12-03,532.00
1960-12-04,635.00
1960-12-05,1366.00
1960-12-06,1576.00
1960-12-07,1361.00
1960-12-08,1171.00
1960-12-09,996.00
1960-12-10,837.00
1960-12-11,708.00
1960-12-12,580.00
1960-12-13,507.00
1960-12-14,503.00
1960-12-15,449.00
1960-12-16,389.00
1960-12-17,341.00
1960-12-18,309.00
1960-12-19,294.00
1960-12-20,287.00
1960-12-21,283.00
1960-12-22,309.00
1960-12-23,344.00
1960-12-24,351.00
1960-12-25,322.00
1960-12-26,309.00
1960-12-27,296.00
1960-12-28,422.00
1960-12-29,402.00
1960-12-30,378.00
1960-12-31,376.00
1961-01-01,395.00
1961-01-02,391.00
1961-01-03,369.00
1961-01-04,898.00
1961-01-05,956.00
1961-01-06,868.00
1961-01-07,849.00
1961-01-08,966.00
1961-01-09,879.00
1961-01-10,849.00
1961-01-11,923.00
1961-01-12,1031.00
1961-01-13,956.00
1961-01-14,805.00
1961-01-15,714.00
1961-01-16,631.00
1961-01-17,534.00
1961-01-18,449.00
1961-01-19,376.00
1961-01-20,374.00
1961-01-21,374.00
1961-01-22,356.00
1961-01-23,343.00
1961-01-24,326.00
1961-01-25,296.00
1961-01-26,279.00
1961-01-27,270.00
1961-01-28,236.00
1961-01-29,305.00
1961-01-30,407.00
1961-01-31,1064.00
1961-02-01,2114.00
1961-02-02,1696.00
1961-02-03,1492.00
1961-02-04,1426.00
1961-02-05,1344.00
1961-02-06,1224.00
1961-02-07,1174.00
1961-02-08,1104.00
1961-02-09,1005.00
1961-02-10,953.00
1961-02-11,917.00
1961-02-12,901.00
1961-02-13,854.00
1961-02-14,778.00
1961-02-15,694.00
1961-02-16,594.00
1961-02-17,532.00
1961-02-18,485.00
1961-02-19,438.00
1961-02-20,389.00
1961-02-21,371.00
1961-02-22,366.00
1961-02-23,324.00
1961-02-24,318.00
1961-02-25,418.00
1961-02-26,371.00
1961-02-27,358.00
1961-02-28,374.00
1961-03-01,425.00
1961-03-02,567.00
1961-03-03,494.00
1961-03-04,410.00
1961-03-05,353.00
1961-03-06,344.00
1961-03-07,313.00
1961-03-08,289.00
1961-03-09,277.00
1961-03-10,254.00
1961-03-11,236.00
1961-03-12,222.00
1961-03-13,209.00
1961-03-14,198.00
1961-03-15,198.00
1961-03-16,183.00
1961-03-17,164.00
1961-03-18,163.00
1961-03-19,175.00
1961-03-20,168.00
1961-03-21,163.00
1961-03-22,164.00
1961-03-23,164.00
1961-03-24,157.00
1961-03-25,149.00
1961-03-26,142.00
1961-03-27,135.00
1961-03-28,128.00
1961-03-29,127.00
1961-03-30,129.00
1961-03-31,157.00
1961-04-01,175.00
1961-04-02,229.00
1961-04-03,214.00
1961-04-04,232.00
1961-04-05,353.00
1961-04-06,285.00
1961-04-07,217.00
1961-04-08,219.00
1961-04-09,190.00
1961-04-10,173.00
1961-04-11,369.00
1961-04-12,339.00
1961-04-13,279.00
1961-04-14,239.00
1961-04-15,222.00
1961-04-16,272.00
1961-04-17,268.00
1961-04-18,294.00
1961-04-19,256.00
1961-04-20,217.00
1961-04-21,190.00
1961-04-22,176.00
1961-04-23,183.00
1961-04-24,200.00
1961-04-25,188.00
1961-04-26,177.00
1961-04-27,170.00
1961-04-28,179.00
1961-04-29,176.00
1961-04-30,222.00
1961-05-01,272.00
1961-05-02,237.00
1961-05-03,243.00
1961-05-04,266.00
1961-05-05,247.00
1961-05-06,296.00
1961-05-07,272.00
1961-05-08,249.00
1961-05-09,233.00
1961-05-10,209.00
1961-05-11,203.00
1961-05-12,187.00
1961-05-13,177.00
1961-05-14,156.00
1961-05-15,146.00
1961-05-16,125.00
1961-05-17,146.00
1961-05-18,118.00
1961-05-19,97.00
1961-05-20,117.00
1961-05-21,120.00
1961-05-22,181.00
1961-05-23,141.00
1961-05-24,109.00
1961-05-25,103.00
1961-05-26,97.00
1961-05-27,104.00
1961-05-28,110.00
1961-05-29,104.00
1961-05-30,97.00
1961-05-31,93.00
1961-06-01,72.00
1961-06-02,79.00
1961-06-03,133.00
1961-06-04,200.00
1961-06-05,151.00
1961-06-06,124.00
1961-06-07,293.00
1961-06-08,251.00
1961-06-09,211.00
1961-06-10,197.00
1961-06-11,177.00
1961-06-12,147.00
1961-06-13,181.00
1961-06-14,306.00
1961-06-15,227.00
1961-06-16,193.00
1961-06-17,175.00
1961-06-18,147.00
1961-06-19,115.00
1961-06-20,121.00
1961-06-21,112.00
1961-06-22,70.00
1961-06-23,81.00
1961-06-24,83.00
1961-06-25,71.00
1961-06-26,68.00
1961-06-27,67.00
1961-06-28,72.00
1961-06-29,67.00
1961-06-30,59.00
1961-07-01,73.00
1961-07-02,43.00
1961-07-03,46.00
1961-07-04,46.00
1961-07-05,43.00
1961-07-06,33.00
1961-07-07,30.00
1961-07-08,28.00
1961-07-09,47.00
1961-07-10,48.00
1961-07-11,30.00
1961-07-12,33.00
1961-07-13,35.00
1961-07-14,38.00
1961-07-15,41.00
1961-07-16,47.00
1961-07-17,62.00
1961-07-18,79.00
1961-07-19,76.00
1961-07-20,61.00
1961-07-21,54.00
1961-07-22,45.00
1961-07-23,41.00
1961-07-24,35.00
1961-07-25,33.00
1961-07-26,28.00
1961-07-27,19.00
1961-07-28,25.00
1961-07-29,79.00
1961-07-30,83.00
1961-07-31,53.00
1961-08-01,51.00
1961-08-02,48.00
1961-08-03,53.00
1961-08-04,70.00
1961-08-05,46.00
1961-08-06,28.00
1961-08-07,39.00
1961-08-08,27.00
1961-08-09,29.00
1961-08-10,25.00
1961-08-11,23.00
1961-08-12,23.00
1961-08-13,27.00
1961-08-14,27.00
1961-08-15,18.00
1961-08-16,15.00
1961-08-17,42.00
1961-08-18,62.00
1961-08-19,47.00
1961-08-20,51.00
1961-08-21,102.00
1961-08-22,59.00
1961-08-23,54.00
1961-08-24,56.00
1961-08-25,47.00
1961-08-26,34.00
1961-08-27,29.00
1961-08-28,30.00
1961-08-29,22.00
1961-08-30,18.00
1961-08-31,10.00
1961-09-01,10.00
1961-09-02,10.00
1961-09-03,19.00
1961-09-04,21.00
1961-09-05,21.00
1961-09-06,28.00
1961-09-07,45.00
1961-09-08,70.00
1961-09-09,26.00
1961-09-10,36.00
1961-09-11,56.00
1961-09-12,12.00
1961-09-13,10.00
1961-09-14,21.00
1961-09-15,44.00
1961-09-16,103.00
1961-09-17,53.00
1961-09-18,30.00
1961-09-19,25.00
1961-09-20,23.00
1961-09-21,28.00
1961-09-22,36.00
1961-09-23,28.00
1961-09-24,22.00
1961-09-25,38.00
1961-09-26,20.00
1961-09-27,14.00
1961-09-28,11.00
1961-09-29,12.00
1961-09-30,10.00
1961-10-01,22.00
1961-10-02,27.00
1961-10-03,28.00
1961-10-04,28.00
1961-10-05,26.00
1961-10-06,23.00
1961-10-07,10.00
1961-10-08,18.00
1961-10-09,31.00
1961-10-10,19.00
1961-10-11,10.00
1961-10-12,10.00
1961-10-13,10.00
1961-10-14,10.00
1961-10-15,10.00
1961-10-16,17.00
1961-10-17,10.00
1961-10-18,53.00
1961-10-19,163.00
1961-10-20,281.00
1961-10-21,254.00
1961-10-22,123.00
1961-10-23,118.00
1961-10-24,119.00
1961-10-25,165.00
1961-10-26,427.00
1961-10-27,511.00
1961-10-28,521.00
1961-10-29,444.00
1961-10-30,310.00
1961-10-31,214.00
1961-11-01,256.00
1961-11-02,211.00
1961-11-03,181.00
1961-11-04,214.00
1961-11-05,249.00
1961-11-06,310.00
1961-11-07,240.00
1961-11-08,198.00
1961-11-09,192.00
1961-11-10,319.00
1961-11-11,374.00
1961-11-12,383.00
1961-11-13,371.00
1961-11-14,329.00
1961-11-15,313.00
1961-11-16,270.00
1961-11-17,230.00
1961-11-18,200.00
1961-11-19,215.00
1961-11-20,205.00
1961-11-21,131.00
1961-11-22,125.00
1961-11-23,121.00
1961-11-24,136.00
1961-11-25,136.00
1961-11-26,127.00
1961-11-27,105.00
1961-11-28,351.00
1961-11-29,279.00
1961-11-30,246.00
1961-12-01,272.00
1961-12-02,547.00
1961-12-03,1128.00
1961-12-04,1012.00
1961-12-05,892.00
1961-12-06,876.00
1961-12-07,780.00
1961-12-08,631.00
1961-12-09,536.00
1961-12-10,509.00
1961-12-11,529.00
1961-12-12,635.00
1961-12-13,936.00
1961-12-14,930.00
1961-12-15,861.00
1961-12-16,742.00
1961-12-17,640.00
1961-12-18,584.00
1961-12-19,511.00
1961-12-20,454.00
1961-12-21,385.00
1961-12-22,353.00
1961-12-23,285.00
1961-12-24,276.00
1961-12-25,269.00
1961-12-26,217.00
1961-12-27,192.00
1961-12-28,174.00
1961-12-29,170.00
1961-12-30,171.00
1961-12-31,183.00
1962-01-01,302.00
1962-01-02,274.00
1962-01-03,211.00
1962-01-04,192.00
1962-01-05,174.00
1962-01-06,190.00
1962-01-07,170.00
1962-01-08,161.00
1962-01-09,179.00
1962-01-10,237.00
1962-01-11,449.00
1962-01-12,611.00
1962-01-13,711.00
1962-01-14,825.00
1962-01-15,737.00
1962-01-16,640.00
1962-01-17,572.00
1962-01-18,576.00
1962-01-19,572.00
1962-01-20,600.00
1962-01-21,646.00
1962-01-22,690.00
1962-01-23,739.00
1962-01-24,649.00
1962-01-25,631.00
1962-01-26,778.00
1962-01-27,808.00
1962-01-28,735.00
1962-01-29,651.00
1962-01-30,564.00
1962-01-31,494.00
1962-02-01,449.00
1962-02-02,416.00
1962-02-03,380.00
1962-02-04,347.00
1962-02-05,378.00
1962-02-06,646.00
1962-02-07,623.00
1962-02-08,580.00
1962-02-09,572.00
1962-02-10,534.00
1962-02-11,499.00
1962-02-12,449.00
1962-02-13,747.00
1962-02-14,1621.00
1962-02-15,1421.00
1962-02-16,1121.00
1962-02-17,1236.00
1962-02-18,1291.00
1962-02-19,1094.00
1962-02-20,901.00
1962-02-21,784.00
1962-02-22,705.00
1962-02-23,620.00
1962-02-24,516.00
1962-02-25,481.00
1962-02-26,414.00
1962-02-27,381.00
1962-02-28,346.00
1962-03-01,304.00
1962-03-02,285.00
1962-03-03,278.00
1962-03-04,260.00
1962-03-05,252.00
1962-03-06,246.00
1962-03-07,217.00
1962-03-08,198.00
1962-03-09,207.00
1962-03-10,205.00
1962-03-11,256.00
1962-03-12,285.00
1962-03-13,289.00
1962-03-14,281.00
1962-03-15,269.00
1962-03-16,242.00
1962-03-17,217.00
1962-03-18,193.00
1962-03-19,192.00
1962-03-20,181.00
1962-03-21,179.00
1962-03-22,166.00
1962-03-23,144.00
1962-03-24,168.00
1962-03-25,163.00
1962-03-26,149.00
1962-03-27,141.00
1962-03-28,144.00
1962-03-29,147.00
1962-03-30,246.00
1962-03-31,694.00
1962-04-01,1121.00
1962-04-02,953.00
1962-04-03,780.00
1962-04-04,658.00
1962-04-05,658.00
1962-04-06,987.00
1962-04-07,1176.00
1962-04-08,1116.00
1962-04-09,1070.00
1962-04-10,970.00
1962-04-11,849.00
1962-04-12,749.00
1962-04-13,698.00
1962-04-14,649.00
1962-04-15,569.00
1962-04-16,505.00
1962-04-17,605.00
1962-04-18,574.00
1962-04-19,523.00
1962-04-20,468.00
1962-04-21,431.00
1962-04-22,378.00
1962-04-23,333.00
1962-04-24,300.00
1962-04-25,293.00
1962-04-26,272.00
1962-04-27,260.00
1962-04-28,225.00
1962-04-29,231.00
1962-04-30,214.00
1962-05-01,197.00
1962-05-02,185.00
1962-05-03,175.00
1962-05-04,168.00
1962-05-05,160.00
1962-05-06,158.00
1962-05-07,170.00
1962-05-08,158.00
1962-05-09,156.00
1962-05-10,163.00
1962-05-11,171.00
1962-05-12,183.00
1962-05-13,175.00
1962-05-14,166.00
1962-05-15,185.00
1962-05-16,223.00
1962-05-17,213.00
1962-05-18,195.00
1962-05-19,189.00
1962-05-20,175.00
1962-05-21,163.00
1962-05-22,168.00
1962-05-23,183.00
1962-05-24,189.00
1962-05-25,193.00
1962-05-26,201.00
1962-05-27,237.00
1962-05-28,258.00
1962-05-29,267.00
1962-05-30,258.00
1962-05-31,201.00
1962-06-01,200.00
1962-06-02,165.00
1962-06-03,140.00
1962-06-04,116.00
1962-06-05,114.00
1962-06-06,100.00
1962-06-07,103.00
1962-06-08,84.00
1962-06-09,85.00
1962-06-10,83.00
1962-06-11,91.00
1962-06-12,77.00
1962-06-13,85.00
1962-06-14,71.00
1962-06-15,68.00
1962-06-16,66.00
1962-06-17,71.00
1962-06-18,64.00
1962-06-19,41.00
1962-06-20,70.00
1962-06-21,54.00
1962-06-22,55.00
1962-06-23,51.00
1962-06-24,19.00
1962-06-25,57.00
1962-06-26,37.00
1962-06-27,33.00
1962-06-28,36.00
1962-06-29,28.00
1962-06-30,27.00
1962-07-01,30.00
1962-07-02,29.00
1962-07-03,25.00
1962-07-04,36.00
1962-07-05,42.00
1962-07-06,34.00
1962-07-07,31.00
1962-07-08,32.00
1962-07-09,38.00
1962-07-10,31.00
1962-07-11,66.00
1962-07-12,48.00
1962-07-13,92.00
1962-07-14,32.00
1962-07-15,57.00
1962-07-16,105.00
1962-07-17,156.00
1962-07-18,100.00
1962-07-19,45.00
1962-07-20,56.00
1962-07-21,54.00
1962-07-22,49.00
1962-07-23,48.00
1962-07-24,36.00
1962-07-25,18.00
1962-07-26,43.00
1962-07-27,41.00
1962-07-28,30.00
1962-07-29,37.00
1962-07-30,35.00
1962-07-31,28.00
1962-08-01,24.00
1962-08-02,16.00
1962-08-03,10.00
1962-08-04,30.00
1962-08-05,19.00
1962-08-06,72.00
1962-08-07,106.00
1962-08-08,34.00
1962-08-09,30.00
1962-08-10,31.00
1962-08-11,18.00
1962-08-12,13.00
1962-08-13,20.00
1962-08-14,16.00
1962-08-15,10.00
1962-08-16,10.00
1962-08-17,20.00
1962-08-18,80.00
1962-08-19,43.00
1962-08-20,29.00
1962-08-21,27.00
1962-08-22,21.00
1962-08-23,19.00
1962-08-24,20.00
1962-08-25,41.00
1962-08-26,32.00
1962-08-27,21.00
1962-08-28,22.00
1962-08-29,19.00
1962-08-30,16.00
1962-08-31,15.00
1962-09-01,14.00
1962-09-02,10.00
1962-09-03,15.00
1962-09-04,10.00
1962-09-05,10.00
1962-09-06,10.00
1962-09-07,145.00
1962-09-08,246.00
1962-09-09,131.00
1962-09-10,105.00
1962-09-11,93.00
1962-09-12,59.00
1962-09-13,46.00
1962-09-14,34.00
1962-09-15,26.00
1962-09-16,22.00
1962-09-17,21.00
1962-09-18,20.00
1962-09-19,33.00
1962-09-20,66.00
1962-09-21,46.00
1962-09-22,39.00
1962-09-23,31.00
1962-09-24,80.00
1962-09-25,22.00
1962-09-26,10.00
1962-09-27,10.00
1962-09-28,10.00
1962-09-29,10.00
1962-09-30,10.00
1962-10-01,10.00
1962-10-02,10.00
1962-10-03,10.00
1962-10-04,12.00
1962-10-05,15.00
1962-10-06,15.00
1962-10-07,13.00
1962-10-08,11.00
1962-10-09,11.00
1962-10-10,15.00
1962-10-11,14.00
1962-10-12,10.00
1962-10-13,10.00
1962-10-14,10.00
1962-10-15,10.00
1962-10-16,10.00
1962-10-17,10.00
1962-10-18,10.00
1962-10-19,10.00
1962-10-20,10.00
1962-10-21,10.00
1962-10-22,10.00
1962-10-23,10.00
1962-10-24,10.00
1962-10-25,10.00
1962-10-26,10.00
1962-10-27,10.00
1962-10-28,23.00
1962-10-29,19.00
1962-10-30,18.00
1962-10-31,10.00
1962-11-01,10.00
1962-11-02,16.00
1962-11-03,16.00
1962-11-04,10.00
1962-11-05,10.00
1962-11-06,15.00
1962-11-07,12.00
1962-11-08,10.00
1962-11-09,10.00
1962-11-10,10.00
1962-11-11,10.00
1962-11-12,10.00
1962-11-13,10.00
1962-11-14,10.00
1962-11-15,10.00
1962-11-16,25.00
1962-11-17,10.00
1962-11-18,15.00
1962-11-19,42.00
1962-11-20,61.00
1962-11-21,72.00
1962-11-22,56.00
1962-11-23,44.00
1962-11-24,34.00
1962-11-25,29.00
1962-11-26,17.00
1962-11-27,14.00
1962-11-28,35.00
1962-11-29,37.00
1962-11-30,37.00
1962-12-01,37.00
1962-12-02,36.00
1962-12-03,34.00
1962-12-04,17.00
1962-12-05,10.00
1962-12-06,11.00
1962-12-07,11.00
1962-12-08,85.00
1962-12-09,36.00
1962-12-10,56.00
1962-12-11,20.00
1962-12-12,38.00
1962-12-13,144.00
1962-12-14,228.00
1962-12-15,144.00
1962-12-16,653.00
1962-12-17,1031.00
1962-12-18,739.00
1962-12-19,629.00
1962-12-20,547.00
1962-12-21,485.00
1962-12-22,739.00
1962-12-23,590.00
1962-12-24,446.00
1962-12-25,306.00
1962-12-26,291.00
1962-12-27,276.00
1962-12-28,242.00
1962-12-29,211.00
1962-12-30,171.00
1962-12-31,144.00
1963-01-01,144.00
1963-01-02,140.00
1963-01-03,110.00
1963-01-04,181.00
1963-01-05,276.00
1963-01-06,274.00
1963-01-07,278.00
1963-01-08,252.00
1963-01-09,223.00
1963-01-10,179.00
1963-01-11,166.00
1963-01-12,200.00
1963-01-13,225.00
1963-01-14,149.00
1963-01-15,114.00
1963-01-16,123.00
1963-01-17,123.00
1963-01-18,92.00
1963-01-19,75.00
1963-01-20,67.00
1963-01-21,62.00
1963-01-22,61.00
1963-01-23,62.00
1963-01-24,68.00
1963-01-25,70.00
1963-01-26,66.00
1963-01-27,56.00
1963-01-28,61.00
1963-01-29,61.00
1963-01-30,59.00
1963-01-31,57.00
1963-02-01,55.00
1963-02-02,42.00
1963-02-03,41.00
1963-02-04,47.00
1963-02-05,46.00
1963-02-06,46.00
1963-02-07,47.00
1963-02-08,54.00
1963-02-09,73.00
1963-02-10,96.00
1963-02-11,59.00
1963-02-12,75.00
1963-02-13,75.00
1963-02-14,33.00
1963-02-15,15.00
1963-02-16,26.00
1963-02-17,48.00
1963-02-18,71.00
1963-02-19,83.00
1963-02-20,79.00
1963-02-21,70.00
1963-02-22,59.00
1963-02-23,38.00
1963-02-24,23.00
1963-02-25,26.00
1963-02-26,35.00
1963-02-27,37.00
1963-02-28,46.00
1963-03-01,51.00
1963-03-02,57.00
1963-03-03,61.00
1963-03-04,89.00
1963-03-05,100.00
1963-03-06,171.00
1963-03-07,73.00
1963-03-08,95.00
1963-03-09,198.00
1963-03-10,270.00
1963-03-11,344.00
1963-03-12,378.00
1963-03-13,339.00
1963-03-14,240.00
1963-03-15,215.00
1963-03-16,291.00
1963-03-17,325.00
1963-03-18,414.00
1963-03-19,497.00
1963-03-20,518.00
1963-03-21,462.00
1963-03-22,402.00
1963-03-23,336.00
1963-03-24,276.00
1963-03-25,244.00
1963-03-26,231.00
1963-03-27,306.00
1963-03-28,462.00
1963-03-29,431.00
1963-03-30,414.00
1963-03-31,440.00
1963-04-01,407.00
1963-04-02,313.00
1963-04-03,276.00
1963-04-04,265.00
1963-04-05,249.00
1963-04-06,237.00
1963-04-07,225.00
1963-04-08,197.00
1963-04-09,166.00
1963-04-10,160.00
1963-04-11,183.00
1963-04-12,156.00
1963-04-13,147.00
1963-04-14,123.00
1963-04-15,131.00
1963-04-16,141.00
1963-04-17,132.00
1963-04-18,129.00
1963-04-19,133.00
1963-04-20,115.00
1963-04-21,89.00
1963-04-22,98.00
1963-04-23,93.00
1963-04-24,91.00
1963-04-25,85.00
1963-04-26,86.00
1963-04-27,95.00
1963-04-28,81.00
1963-04-29,84.00
1963-04-30,86.00
1963-05-01,91.00
1963-05-02,106.00
1963-05-03,133.00
1963-05-04,166.00
1963-05-05,161.00
1963-05-06,152.00
1963-05-07,114.00
1963-05-08,102.00
1963-05-09,83.00
1963-05-10,81.00
1963-05-11,89.00
1963-05-12,92.00
1963-05-13,80.00
1963-05-14,84.00
1963-05-15,93.00
1963-05-16,156.00
1963-05-17,175.00
1963-05-18,112.00
1963-05-19,89.00
1963-05-20,96.00
1963-05-21,76.00
1963-05-22,81.00
1963-05-23,293.00
1963-05-24,300.00
1963-05-25,231.00
1963-05-26,183.00
1963-05-27,147.00
1963-05-28,121.00
1963-05-29,95.00
1963-05-30,96.00
1963-05-31,80.00
1963-06-01,67.00
1963-06-02,67.00
1963-06-03,57.00
1963-06-04,43.00
1963-06-05,39.00
1963-06-06,39.00
1963-06-07,47.00
1963-06-08,71.00
1963-06-09,124.00
1963-06-10,81.00
1963-06-11,64.00
1963-06-12,91.00
1963-06-13,18.00
1963-06-14,106.00
1963-06-15,296.00
1963-06-16,398.00
1963-06-17,227.00
1963-06-18,203.00
1963-06-19,179.00
1963-06-20,174.00
1963-06-21,183.00
1963-06-22,239.00
1963-06-23,205.00
1963-06-24,143.00
1963-06-25,116.00
1963-06-26,113.00
1963-06-27,75.00
1963-06-28,143.00
1963-06-29,263.00
1963-06-30,171.00
1963-07-01,144.00
1963-07-02,132.00
1963-07-03,136.00
1963-07-04,97.00
1963-07-05,95.00
1963-07-06,96.00
1963-07-07,76.00
1963-07-08,67.00
1963-07-09,61.00
1963-07-10,55.00
1963-07-11,41.00
1963-07-12,35.00
1963-07-13,47.00
1963-07-14,51.00
1963-07-15,46.00
1963-07-16,37.00
1963-07-17,31.00
1963-07-18,29.00
1963-07-19,26.00
1963-07-20,21.00
1963-07-21,13.00
1963-07-22,15.00
1963-07-23,28.00
1963-07-24,13.00
1963-07-25,17.00
1963-07-26,31.00
1963-07-27,15.00
1963-07-28,25.00
1963-07-29,14.00
1963-07-30,11.00
1963-07-31,10.00
1963-08-01,10.00
1963-08-02,10.00
1963-08-03,10.00
1963-08-04,13.00
1963-08-05,10.00
1963-08-06,10.00
1963-08-07,19.00
1963-08-08,10.00
1963-08-09,15.00
1963-08-10,30.00
1963-08-11,30.00
1963-08-12,31.00
1963-08-13,10.00
1963-08-14,10.00
1963-08-15,10.00
1963-08-16,10.00
1963-08-17,10.00
1963-08-18,13.00
1963-08-19,17.00
1963-08-20,66.00
1963-08-21,70.00
1963-08-22,55.00
1963-08-23,55.00
1963-08-24,70.00
1963-08-25,49.00
1963-08-26,41.00
1963-08-27,70.00
1963-08-28,85.00
1963-08-29,71.00
1963-08-30,57.00
1963-08-31,55.00
1963-09-01,71.00
1963-09-02,98.00
1963-09-03,57.00
1963-09-04,29.00
1963-09-05,22.00
1963-09-06,45.00
1963-09-07,37.00
1963-09-08,36.00
1963-09-09,38.00
1963-09-10,31.00
1963-09-11,25.00
1963-09-12,21.00
1963-09-13,26.00
1963-09-14,23.00
1963-09-15,17.00
1963-09-16,11.00
1963-09-17,15.00
1963-09-18,12.00
1963-09-19,11.00
1963-09-20,15.00
1963-09-21,10.00
1963-09-22,10.00
1963-09-23,10.00
1963-09-24,10.00
1963-09-25,10.00
1963-09-26,10.00
1963-09-27,26.00
1963-09-28,28.00
1963-09-29,10.00
1963-09-30,10.00
1963-10-01,22.00
1963-10-02,13.00
1963-10-03,10.00
1963-10-04,14.00
1963-10-05,18.00
1963-10-06,60.00
1963-10-07,198.00
1963-10-08,434.00
1963-10-09,319.00
1963-10-10,195.00
1963-10-11,149.00
1963-10-12,115.00
1963-10-13,97.00
1963-10-14,92.00
1963-10-15,85.00
1963-10-16,77.00
1963-10-17,61.00
1963-10-18,62.00
1963-10-19,61.00
1963-10-20,59.00
1963-10-21,59.00
1963-10-22,44.00
1963-10-23,39.00
1963-10-24,37.00
1963-10-25,29.00
1963-10-26,41.00
1963-10-27,43.00
1963-10-28,37.00
1963-10-29,35.00
1963-10-30,32.00
1963-10-31,27.00
1963-11-01,20.00
1963-11-02,19.00
1963-11-03,24.00
1963-11-04,27.00
1963-11-05,25.00
1963-11-06,24.00
1963-11-07,26.00
1963-11-08,42.00
1963-11-09,73.00
1963-11-10,123.00
1963-11-11,177.00
1963-11-12,323.00
1963-11-13,511.00
1963-11-14,410.00
1963-11-15,354.00
1963-11-16,398.00
1963-11-17,448.00
1963-11-18,456.00
1963-11-19,686.00
1963-11-20,742.00
1963-11-21,1446.00
1963-11-22,1506.00
1963-11-23,1269.00
1963-11-24,1064.00
1963-11-25,904.00
1963-11-26,778.00
1963-11-27,686.00
1963-11-28,582.00
1963-11-29,507.00
1963-11-30,422.00
1963-12-01,381.00
1963-12-02,346.00
1963-12-03,298.00
1963-12-04,267.00
1963-12-05,244.00
1963-12-06,223.00
1963-12-07,201.00
1963-12-08,183.00
1963-12-09,170.00
1963-12-10,165.00
1963-12-11,161.00
1963-12-12,153.00
1963-12-13,145.00
1963-12-14,136.00
1963-12-15,124.00
1963-12-16,106.00
1963-12-17,84.00
1963-12-18,92.00
1963-12-19,89.00
1963-12-20,97.00
1963-12-21,106.00
1963-12-22,119.00
1963-12-23,133.00
1963-12-24,138.00
1963-12-25,113.00
1963-12-26,80.00
1963-12-27,55.00
1963-12-28,38.00
1963-12-29,27.00
1963-12-30,22.00
1963-12-31,59.00
1964-01-01,80.00
1964-01-02,75.00
1964-01-03,72.00
1964-01-04,73.00
1964-01-05,79.00
1964-01-06,55.00
1964-01-07,49.00
1964-01-08,55.00
1964-01-09,49.00
1964-01-10,66.00
1964-01-11,72.00
1964-01-12,71.00
1964-01-13,70.00
1964-01-14,70.00
1964-01-15,79.00
1964-01-16,124.00
1964-01-17,133.00
1964-01-18,79.00
1964-01-19,56.00
1964-01-20,70.00
1964-01-21,71.00
1964-01-22,64.00
1964-01-23,56.00
1964-01-24,49.00
1964-01-25,46.00
1964-01-26,48.00
1964-01-27,45.00
1964-01-28,43.00
1964-01-29,48.00
1964-01-30,60.00
1964-01-31,76.00
1964-02-01,103.00
1964-02-02,170.00
1964-02-03,300.00
1964-02-04,221.00
1964-02-05,190.00
1964-02-06,177.00
1964-02-07,173.00
1964-02-08,171.00
1964-02-09,173.00
1964-02-10,161.00
1964-02-11,161.00
1964-02-12,209.00
1964-02-13,298.00
1964-02-14,281.00
1964-02-15,227.00
1964-02-16,209.00
1964-02-17,193.00
1964-02-18,189.00
1964-02-19,190.00
1964-02-20,185.00
1964-02-21,174.00
1964-02-22,161.00
1964-02-23,160.00
1964-02-24,158.00
1964-02-25,152.00
1964-02-26,151.00
1964-02-27,147.00
1964-02-28,143.00
1964-02-29,118.00
1964-03-01,136.00
1964-03-02,127.00
1964-03-03,108.00
1964-03-04,118.00
1964-03-05,102.00
1964-03-06,102.00
1964-03-07,96.00
1964-03-08,88.00
1964-03-09,77.00
1964-03-10,67.00
1964-03-11,56.00
1964-03-12,61.00
1964-03-13,66.00
1964-03-14,72.00
1964-03-15,75.00
1964-03-16,83.00
1964-03-17,91.00
1964-03-18,83.00
1964-03-19,73.00
1964-03-20,133.00
1964-03-21,193.00
1964-03-22,223.00
1964-03-23,252.00
1964-03-24,283.00
1964-03-25,308.00
1964-03-26,475.00
1964-03-27,476.00
1964-03-28,412.00
1964-03-29,376.00
1964-03-30,310.00
1964-03-31,265.00
1964-04-01,230.00
1964-04-02,198.00
1964-04-03,197.00
1964-04-04,223.00
1964-04-05,200.00
1964-04-06,175.00
1964-04-07,168.00
1964-04-08,149.00
1964-04-09,132.00
1964-04-10,121.00
1964-04-11,114.00
1964-04-12,118.00
1964-04-13,147.00
1964-04-14,114.00
1964-04-15,102.00
1964-04-16,98.00
1964-04-17,89.00
1964-04-18,84.00
1964-04-19,83.00
1964-04-20,84.00
1964-04-21,88.00
1964-04-22,93.00
1964-04-23,97.00
1964-04-24,110.00
1964-04-25,119.00
1964-04-26,119.00
1964-04-27,110.00
1964-04-28,98.00
1964-04-29,102.00
1964-04-30,113.00
1964-05-01,102.00
1964-05-02,100.00
1964-05-03,96.00
1964-05-04,98.00
1964-05-05,112.00
1964-05-06,92.00
1964-05-07,77.00
1964-05-08,93.00
1964-05-09,60.00
1964-05-10,100.00
1964-05-11,86.00
1964-05-12,55.00
1964-05-13,51.00
1964-05-14,47.00
1964-05-15,43.00
1964-05-16,43.00
1964-05-17,46.00
1964-05-18,48.00
1964-05-19,39.00
1964-05-20,39.00
1964-05-21,36.00
1964-05-22,28.00
1964-05-23,25.00
1964-05-24,26.00
1964-05-25,29.00
1964-05-26,24.00
1964-05-27,15.00
1964-05-28,23.00
1964-05-29,28.00
1964-05-30,13.00
1964-05-31,10.00
1964-06-01,12.00
1964-06-02,10.00
1964-06-03,19.00
1964-06-04,13.00
1964-06-05,10.00
1964-06-06,10.00
1964-06-07,18.00
1964-06-08,48.00
1964-06-09,17.00
1964-06-10,17.00
1964-06-11,10.00
1964-06-12,10.00
1964-06-13,10.00
1964-06-14,10.00
1964-06-15,10.00
1964-06-16,10.00
1964-06-17,10.00
1964-06-18,10.00
1964-06-19,10.00
1964-06-20,10.00
1964-06-21,10.00
1964-06-22,10.00
1964-06-23,13.00
1964-06-24,10.00
1964-06-25,10.00
1964-06-26,10.00
1964-06-27,10.00
1964-06-28,10.00
1964-06-29,10.00
1964-06-30,10.00
1964-07-01,10.00
1964-07-02,10.00
1964-07-03,10.00
1964-07-04,10.00
1964-07-05,10.00
1964-07-06,10.00
1964-07-07,10.00
1964-07-08,10.00
1964-07-09,10.00
1964-07-10,10.00
1964-07-11,10.00
1964-07-12,10.00
1964-07-13,10.00
1964-07-14,10.00
1964-07-15,10.00
1964-07-16,10.00
1964-07-17,10.00
1964-07-18,10.00
1964-07-19,10.00
1964-07-20,10.00
1964-07-21,10.00
1964-07-22,10.00
1964-07-23,10.00
1964-07-24,10.00
1964-07-25,10.00
1964-07-26,10.00
1964-07-27,10.00
1964-07-28,10.00
1964-07-29,10.00
1964-07-30,10.00
1964-07-31,10.00
1964-08-01,10.00
1964-08-02,10.00
1964-08-03,10.00
1964-08-04,10.00
1964-08-05,10.00
1964-08-06,10.00
1964-08-07,10.00
1964-08-08,10.00
1964-08-09,10.00
1964-08-10,10.00
1964-08-11,10.00
1964-08-12,10.00
1964-08-13,49.00
1964-08-14,10.00
1964-08-15,10.00
1964-08-16,10.00
1964-08-17,10.00
1964-08-18,10.00
1964-08-19,10.00
1964-08-20,10.00
1964-08-21,10.00
1964-08-22,10.00
1964-08-23,10.00
1964-08-24,10.00
1964-08-25,10.00
1964-08-26,10.00
1964-08-27,10.00
1964-08-28,10.00
1964-08-29,10.00
1964-08-30,10.00
1964-08-31,10.00
1964-09-01,10.00
1964-09-02,10.00
1964-09-03,10.00
1964-09-04,10.00
1964-09-05,10.00
1964-09-06,10.00
1964-09-07,10.00
1964-09-08,10.00
1964-09-09,10.00
1964-09-10,10.00
1964-09-11,10.00
1964-09-12,10.00
1964-09-13,10.00
1964-09-14,10.00
1964-09-15,10.00
1964-09-16,14.00
1964-09-17,10.00
1964-09-18,11.00
1964-09-19,10.00
1964-09-20,10.00
1964-09-21,10.00
1964-09-22,10.00
1964-09-23,10.00
1964-09-24,10.00
1964-09-25,10.00
1964-09-26,10.00
1964-09-27,10.00
1964-09-28,10.00
1964-09-29,10.00
1964-09-30,10.00
1964-10-01,10.00
1964-10-02,10.00
1964-10-03,10.00
1964-10-04,10.00
1964-10-05,10.00
1964-10-06,10.00
1964-10-07,10.00
1964-10-08,10.00
1964-10-09,10.00
1964-10-10,41.00
1964-10-11,79.00
1964-10-12,10.00
1964-10-13,26.00
1964-10-14,10.00
1964-10-15,10.00
1964-10-16,21.00
1964-10-17,37.00
1964-10-18,48.00
1964-10-19,46.00
1964-10-20,37.00
1964-10-21,23.00
1964-10-22,10.00
1964-10-23,12.00
1964-10-24,77.00
1964-10-25,108.00
1964-10-26,61.00
1964-10-27,62.00
1964-10-28,28.00
1964-10-29,24.00
1964-10-30,18.00
1964-10-31,25.00
1964-11-01,27.00
1964-11-02,21.00
1964-11-03,23.00
1964-11-04,28.00
1964-11-05,23.00
1964-11-06,17.00
1964-11-07,10.00
1964-11-08,10.00
1964-11-09,10.00
1964-11-10,13.00
1964-11-11,10.00
1964-11-12,10.00
1964-11-13,10.00
1964-11-14,18.00
1964-11-15,166.00
1964-11-16,351.00
1964-11-17,828.00
1964-11-18,1124.00
1964-11-19,996.00
1964-11-20,784.00
1964-11-21,600.00
1964-11-22,474.00
1964-11-23,366.00
1964-11-24,283.00
1964-11-25,249.00
1964-11-26,219.00
1964-11-27,200.00
1964-11-28,193.00
1964-11-29,207.00
1964-11-30,185.00
1964-12-01,160.00
1964-12-02,147.00
1964-12-03,129.00
1964-12-04,151.00
1964-12-05,179.00
1964-12-06,171.00
1964-12-07,308.00
1964-12-08,562.00
1964-12-09,472.00
1964-12-10,427.00
1964-12-11,361.00
1964-12-12,293.00
1964-12-13,270.00
1964-12-14,289.00
1964-12-15,341.00
1964-12-16,407.00
1964-12-17,366.00
1964-12-18,300.00
1964-12-19,287.00
1964-12-20,258.00
1964-12-21,201.00
1964-12-22,171.00
1964-12-23,156.00
1964-12-24,144.00
1964-12-25,144.00
1964-12-26,149.00
1964-12-27,138.00
1964-12-28,118.00
1964-12-29,116.00
1964-12-30,131.00
1964-12-31,151.00
1965-01-01,458.00
1965-01-02,618.00
1965-01-03,576.00
1965-01-04,472.00
1965-01-05,370.00
1965-01-06,324.00
1965-01-07,306.00
1965-01-08,426.00
1965-01-09,680.00
1965-01-10,956.00
1965-01-11,1269.00
1965-01-12,991.00
1965-01-13,756.00
1965-01-14,638.00
1965-01-15,607.00
1965-01-16,615.00
1965-01-17,684.00
1965-01-18,1099.00
1965-01-19,1220.00
1965-01-20,1031.00
1965-01-21,845.00
1965-01-22,694.00
1965-01-23,596.00
1965-01-24,540.00
1965-01-25,591.00
1965-01-26,596.00
1965-01-27,515.00
1965-01-28,438.00
1965-01-29,417.00
1965-01-30,412.00
1965-01-31,459.00
1965-02-01,638.00
1965-02-02,651.00
1965-02-03,597.00
1965-02-04,537.00
1965-02-05,549.00
1965-02-06,559.00
1965-02-07,521.00
1965-02-08,476.00
1965-02-09,398.00
1965-02-10,362.00
1965-02-11,338.00
1965-02-12,326.00
1965-02-13,322.00
1965-02-14,381.00
1965-02-15,417.00
1965-02-16,403.00
1965-02-17,381.00
1965-02-18,343.00
1965-02-19,302.00
1965-02-20,272.00
1965-02-21,246.00
1965-02-22,239.00
1965-02-23,222.00
1965-02-24,200.00
1965-02-25,194.00
1965-02-26,191.00
1965-02-27,185.00
1965-02-28,177.00
1965-03-01,166.00
1965-03-02,155.00
1965-03-03,154.00
1965-03-04,154.00
1965-03-05,142.00
1965-03-06,134.00
1965-03-07,121.00
1965-03-08,115.00
1965-03-09,112.00
1965-03-10,109.00
1965-03-11,98.00
1965-03-12,100.00
1965-03-13,111.00
1965-03-14,115.00
1965-03-15,126.00
1965-03-16,199.00
1965-03-17,298.00
1965-03-18,304.00
1965-03-19,301.00
1965-03-20,326.00
1965-03-21,396.00
1965-03-22,522.00
1965-03-23,524.00
1965-03-24,507.00
1965-03-25,502.00
1965-03-26,563.00
1965-03-27,725.00
1965-03-28,699.00
1965-03-29,635.00
1965-03-30,580.00
1965-03-31,546.00
1965-04-01,493.00
1965-04-02,433.00
1965-04-03,401.00
1965-04-04,349.00
1965-04-05,298.00
1965-04-06,261.00
1965-04-07,261.00
1965-04-08,246.00
1965-04-09,225.00
1965-04-10,205.00
1965-04-11,216.00
1965-04-12,235.00
1965-04-13,235.00
1965-04-14,235.00
1965-04-15,248.00
1965-04-16,287.00
1965-04-17,354.00
1965-04-18,455.00
1965-04-19,567.00
1965-04-20,839.00
1965-04-21,743.00
1965-04-22,648.00
1965-04-23,566.00
1965-04-24,524.00
1965-04-25,522.00
1965-04-26,518.00
1965-04-27,495.00
1965-04-28,530.00
1965-04-29,556.00
1965-04-30,552.00
1965-05-01,505.00
1965-05-02,420.00
1965-05-03,396.00
1965-05-04,407.00
1965-05-05,478.00
1965-05-06,715.00
1965-05-07,741.00
1965-05-08,684.00
1965-05-09,640.00
1965-05-10,593.00
1965-05-11,515.00
1965-05-12,458.00
1965-05-13,378.00
1965-05-14,337.00
1965-05-15,298.00
1965-05-16,291.00
1965-05-17,289.00
1965-05-18,250.00
1965-05-19,235.00
1965-05-20,201.00
1965-05-21,175.00
1965-05-22,164.00
1965-05-23,155.00
1965-05-24,159.00
1965-05-25,154.00
1965-05-26,153.00
1965-05-27,162.00
1965-05-28,246.00
1965-05-29,312.00
1965-05-30,338.00
1965-05-31,229.00
1965-06-01,188.00
1965-06-02,175.00
1965-06-03,169.00
1965-06-04,162.00
1965-06-05,159.00
1965-06-06,107.00
1965-06-07,120.00
1965-06-08,138.00
1965-06-09,138.00
1965-06-10,142.00
1965-06-11,141.00
1965-06-12,112.00
1965-06-13,105.00
1965-06-14,115.00
1965-06-15,129.00
1965-06-16,112.00
1965-06-17,243.00
1965-06-18,661.00
1965-06-19,412.00
1965-06-20,343.00
1965-06-21,224.00
1965-06-22,200.00
1965-06-23,212.00
1965-06-24,210.00
1965-06-25,160.00
1965-06-26,145.00
1965-06-27,136.00
1965-06-28,109.00
1965-06-29,98.00
1965-06-30,87.00
1965-07-01,85.00
1965-07-02,109.00
1965-07-03,111.00
1965-07-04,90.00
1965-07-05,82.00
1965-07-06,74.00
1965-07-07,70.00
1965-07-08,65.00
1965-07-09,67.00
1965-07-10,70.00
1965-07-11,74.00
1965-07-12,75.00
1965-07-13,68.00
1965-07-14,68.00
1965-07-15,85.00
1965-07-16,142.00
1965-07-17,306.00
1965-07-18,237.00
1965-07-19,180.00
1965-07-20,136.00
1965-07-21,121.00
1965-07-22,124.00
1965-07-23,153.00
1965-07-24,180.00
1965-07-25,168.00
1965-07-26,130.00
1965-07-27,100.00
1965-07-28,95.00
1965-07-29,96.00
1965-07-30,102.00
1965-07-31,267.00
1965-08-01,191.00
1965-08-02,166.00
1965-08-03,153.00
1965-08-04,138.00
1965-08-05,96.00
1965-08-06,76.00
1965-08-07,90.00
1965-08-08,324.00
1965-08-09,441.00
1965-08-10,353.00
1965-08-11,278.00
1965-08-12,227.00
1965-08-13,177.00
1965-08-14,147.00
1965-08-15,149.00
1965-08-16,193.00
1965-08-17,138.00
1965-08-18,169.00
1965-08-19,177.00
1965-08-20,141.00
1965-08-21,121.00
1965-08-22,117.00
1965-08-23,124.00
1965-08-24,129.00
1965-08-25,127.00
1965-08-26,139.00
1965-08-27,154.00
1965-08-28,164.00
1965-08-29,157.00
1965-08-30,139.00
1965-08-31,115.00
1965-09-01,103.00
1965-09-02,115.00
1965-09-03,139.00
1965-09-04,188.00
1965-09-05,310.00
1965-09-06,346.00
1965-09-07,360.00
1965-09-08,370.00
1965-09-09,364.00
1965-09-10,335.00
1965-09-11,282.00
1965-09-12,243.00
1965-09-13,289.00
1965-09-14,304.00
1965-09-15,269.00
1965-09-16,256.00
1965-09-17,229.00
1965-09-18,206.00
1965-09-19,214.00
1965-09-20,208.00
1965-09-21,188.00
1965-09-22,154.00
1965-09-23,109.00
1965-09-24,121.00
1965-09-25,129.00
1965-09-26,130.00
1965-09-27,124.00
1965-09-28,118.00
1965-09-29,111.00
1965-09-30,80.00
1965-10-01,83.00
1965-10-02,111.00
1965-10-03,98.00
1965-10-04,136.00
1965-10-05,141.00
1965-10-06,134.00
1965-10-07,138.00
1965-10-08,149.00
1965-10-09,199.00
1965-10-10,212.00
1965-10-11,177.00
1965-10-12,129.00
1965-10-13,73.00
1965-10-14,102.00
1965-10-15,65.00
1965-10-16,82.00
1965-10-17,100.00
1965-10-18,96.00
1965-10-19,85.00
1965-10-20,68.00
1965-10-21,61.00
1965-10-22,57.00
1965-10-23,53.00
1965-10-24,54.00
1965-10-25,43.00
1965-10-26,38.00
1965-10-27,40.00
1965-10-28,47.00
1965-10-29,48.00
1965-10-30,51.00
1965-10-31,58.00
1965-11-01,61.00
1965-11-02,62.00
1965-11-03,47.00
1965-11-04,58.00
1965-11-05,74.00
1965-11-06,76.00
1965-11-07,88.00
1965-11-08,78.00
1965-11-09,57.00
1965-11-10,51.00
1965-11-11,57.00
1965-11-12,63.00
1965-11-13,58.00
1965-11-14,68.00
1965-11-15,70.00
1965-11-16,54.00
1965-11-17,48.00
1965-11-18,52.00
1965-11-19,63.00
1965-11-20,114.00
1965-11-21,239.00
1965-11-22,525.00
1965-11-23,340.00
1965-11-24,293.00
1965-11-25,289.00
1965-11-26,331.00
1965-11-27,478.00
1965-11-28,671.00
1965-11-29,675.00
1965-11-30,759.00
1965-12-01,929.00
1965-12-02,780.00
1965-12-03,732.00
1965-12-04,816.00
1965-12-05,1099.00
1965-12-06,1402.00
1965-12-07,1530.00
1965-12-08,1402.00
1965-12-09,1173.00
1965-12-10,1308.00
1965-12-11,1836.00
1965-12-12,1685.00
1965-12-13,1459.00
1965-12-14,1411.00
1965-12-15,1236.00
1965-12-16,1067.00
1965-12-17,906.00
1965-12-18,1081.00
1965-12-19,1344.00
1965-12-20,1359.00
1965-12-21,1881.00
1965-12-22,1800.00
1965-12-23,1449.00
1965-12-24,1336.00
1965-12-25,1349.00
1965-12-26,1449.00
1965-12-27,1464.00
1965-12-28,1392.00
1965-12-29,1208.00
1965-12-30,1031.00
1965-12-31,938.00
1966-01-01,1109.00
1966-01-02,1344.00
1966-01-03,1621.00
1966-01-04,1669.00
1966-01-05,1479.00
1966-01-06,1238.00
1966-01-07,1022.00
1966-01-08,881.00
1966-01-09,786.00
1966-01-10,731.00
1966-01-11,651.00
1966-01-12,598.00
1966-01-13,477.00
1966-01-14,429.00
1966-01-15,406.00
1966-01-16,335.00
1966-01-17,323.00
1966-01-18,299.00
1966-01-19,282.00
1966-01-20,246.00
1966-01-21,253.00
1966-01-22,263.00
1966-01-23,263.00
1966-01-24,406.00
1966-01-25,434.00
1966-01-26,453.00
1966-01-27,475.00
1966-01-28,496.00
1966-01-29,507.00
1966-01-30,548.00
1966-01-31,570.00
1966-02-01,543.00
1966-02-02,486.00
1966-02-03,460.00
1966-02-04,409.00
1966-02-05,367.00
1966-02-06,418.00
1966-02-07,424.00
1966-02-08,475.00
1966-02-09,589.00
1966-02-10,848.00
1966-02-11,898.00
1966-02-12,940.00
1966-02-13,1079.00
1966-02-14,994.00
1966-02-15,856.00
1966-02-16,758.00
1966-02-17,734.00
1966-02-18,679.00
1966-02-19,598.00
1966-02-20,562.00
1966-02-21,543.00
1966-02-22,514.00
1966-02-23,546.00
1966-02-24,496.00
1966-02-25,482.00
1966-02-26,518.00
1966-02-27,543.00
1966-02-28,507.00
1966-03-01,469.00
1966-03-02,434.00
1966-03-03,375.00
1966-03-04,386.00
1966-03-05,355.00
1966-03-06,323.00
1966-03-07,299.00
1966-03-08,268.00
1966-03-09,261.00
1966-03-10,251.00
1966-03-11,278.00
1966-03-12,333.00
1966-03-13,391.00
1966-03-14,397.00
1966-03-15,371.00
1966-03-16,341.00
1966-03-17,323.00
1966-03-18,297.00
1966-03-19,305.00
1966-03-20,309.00
1966-03-21,280.00
1966-03-22,248.00
1966-03-23,230.00
1966-03-24,232.00
1966-03-25,237.00
1966-03-26,248.00
1966-03-27,339.00
1966-03-28,621.00
1966-03-29,695.00
1966-03-30,711.00
1966-03-31,695.00
1966-04-01,695.00
1966-04-02,593.00
1966-04-03,525.00
1966-04-04,475.00
1966-04-05,424.00
1966-04-06,369.00
1966-04-07,353.00
1966-04-08,335.00
1966-04-09,345.00
1966-04-10,404.00
1966-04-11,426.00
1966-04-12,409.00
1966-04-13,420.00
1966-04-14,441.00
1966-04-15,500.00
1966-04-16,706.00
1966-04-17,932.00
1966-04-18,1019.00
1966-04-19,1083.00
1966-04-20,1260.00
1966-04-21,1260.00
1966-04-22,1055.00
1966-04-23,851.00
1966-04-24,737.00
1966-04-25,611.00
1966-04-26,525.00
1966-04-27,479.00
1966-04-28,441.00
1966-04-29,409.00
1966-04-30,363.00
1966-05-01,345.00
1966-05-02,325.00
1966-05-03,311.00
1966-05-04,294.00
1966-05-05,303.00
1966-05-06,424.00
1966-05-07,471.00
1966-05-08,413.00
1966-05-09,367.00
1966-05-10,331.00
1966-05-11,309.00
1966-05-12,261.00
1966-05-13,248.00
1966-05-14,224.00
1966-05-15,212.00
1966-05-16,188.00
1966-05-17,175.00
1966-05-18,178.00
1966-05-19,234.00
1966-05-20,209.00
1966-05-21,162.00
1966-05-22,174.00
1966-05-23,162.00
1966-05-24,152.00
1966-05-25,151.00
1966-05-26,136.00
1966-05-27,144.00
1966-05-28,149.00
1966-05-29,140.00
1966-05-30,126.00
1966-05-31,122.00
1966-06-01,97.00
1966-06-02,90.00
1966-06-03,88.00
1966-06-04,88.00
1966-06-05,91.00
1966-06-06,95.00
1966-06-07,96.00
1966-06-08,80.00
1966-06-09,70.00
1966-06-10,65.00
1966-06-11,66.00
1966-06-12,132.00
1966-06-13,108.00
1966-06-14,75.00
1966-06-15,70.00
1966-06-16,69.00
1966-06-17,72.00
1966-06-18,90.00
1966-06-19,591.00
1966-06-20,467.00
1966-06-21,270.00
1966-06-22,229.00
1966-06-23,169.00
1966-06-24,144.00
1966-06-25,142.00
1966-06-26,154.00
1966-06-27,237.00
1966-06-28,349.00
1966-06-29,284.00
1966-06-30,290.00
1966-07-01,230.00
1966-07-02,169.00
1966-07-03,136.00
1966-07-04,205.00
1966-07-05,518.00
1966-07-06,505.00
1966-07-07,469.00
1966-07-08,491.00
1966-07-09,431.00
1966-07-10,359.00
1966-07-11,339.00
1966-07-12,307.00
1966-07-13,246.00
1966-07-14,211.00
1966-07-15,196.00
1966-07-16,186.00
1966-07-17,178.00
1966-07-18,177.00
1966-07-19,201.00
1966-07-20,294.00
1966-07-21,309.00
1966-07-22,248.00
1966-07-23,207.00
1966-07-24,188.00
1966-07-25,178.00
1966-07-26,167.00
1966-07-27,144.00
1966-07-28,123.00
1966-07-29,119.00
1966-07-30,120.00
1966-07-31,126.00
1966-08-01,136.00
1966-08-02,146.00
1966-08-03,189.00
1966-08-04,220.00
1966-08-05,240.00
1966-08-06,249.00
1966-08-07,227.00
1966-08-08,218.00
1966-08-09,197.00
1966-08-10,170.00
1966-08-11,147.00
1966-08-12,135.00
1966-08-13,122.00
1966-08-14,116.00
1966-08-15,112.00
1966-08-16,95.00
1966-08-17,85.00
1966-08-18,77.00
1966-08-19,71.00
1966-08-20,66.00
1966-08-21,90.00
1966-08-22,152.00
1966-08-23,172.00
1966-08-24,167.00
1966-08-25,136.00
1966-08-26,114.00
1966-08-27,92.00
1966-08-28,83.00
1966-08-29,97.00
1966-08-30,84.00
1966-08-31,78.00
1966-09-01,80.00
1966-09-02,86.00
1966-09-03,101.00
1966-09-04,102.00
1966-09-05,92.00
1966-09-06,86.00
1966-09-07,78.00
1966-09-08,76.00
1966-09-09,78.00
1966-09-10,75.00
1966-09-11,71.00
1966-09-12,58.00
1966-09-13,56.00
1966-09-14,60.00
1966-09-15,69.00
1966-09-16,68.00
1966-09-17,61.00
1966-09-18,62.00
1966-09-19,69.00
1966-09-20,60.00
1966-09-21,54.00
1966-09-22,48.00
1966-09-23,45.00
1966-09-24,44.00
1966-09-25,45.00
1966-09-26,47.00
1966-09-27,47.00
1966-09-28,44.00
1966-09-29,33.00
1966-09-30,24.00
1966-10-01,31.00
1966-10-02,52.00
1966-10-03,69.00
1966-10-04,76.00
1966-10-05,69.00
1966-10-06,56.00
1966-10-07,52.00
1966-10-08,52.00
1966-10-09,56.00
1966-10-10,58.00
1966-10-11,55.00
1966-10-12,48.00
1966-10-13,36.00
1966-10-14,32.00
1966-10-15,38.00
1966-10-16,65.00
1966-10-17,80.00
1966-10-18,72.00
1966-10-19,55.00
1966-10-20,34.00
1966-10-21,30.00
1966-10-22,45.00
1966-10-23,77.00
1966-10-24,259.00
1966-10-25,604.00
1966-10-26,922.00
1966-10-27,699.00
1966-10-28,436.00
1966-10-29,319.00
1966-10-30,246.00
1966-10-31,197.00
1966-11-01,177.00
1966-11-02,167.00
1966-11-03,154.00
1966-11-04,136.00
1966-11-05,132.00
1966-11-06,130.00
1966-11-07,129.00
1966-11-08,116.00
1966-11-09,102.00
1966-11-10,139.00
1966-11-11,222.00
1966-11-12,227.00
1966-11-13,153.00
1966-11-14,147.00
1966-11-15,138.00
1966-11-16,165.00
1966-11-17,514.00
1966-11-18,559.00
1966-11-19,469.00
1966-11-20,373.00
1966-11-21,367.00
1966-11-22,491.00
1966-11-23,552.00
1966-11-24,445.00
1966-11-25,373.00
1966-11-26,307.00
1966-11-27,292.00
1966-11-28,333.00
1966-11-29,486.00
1966-11-30,625.00
1966-12-01,745.00
1966-12-02,837.00
1966-12-03,890.00
1966-12-04,776.00
1966-12-05,677.00
1966-12-06,617.00
1966-12-07,570.00
1966-12-08,469.00
1966-12-09,488.00
1966-12-10,596.00
1966-12-11,1839.00
1966-12-12,1831.00
1966-12-13,1647.00
1966-12-14,1935.00
1966-12-15,1736.00
1966-12-16,1430.00
1966-12-17,1229.00
1966-12-18,1109.00
1966-12-19,1022.00
1966-12-20,957.00
1966-12-21,1131.00
1966-12-22,1016.00
1966-12-23,935.00
1966-12-24,909.00
1966-12-25,1217.00
1966-12-26,1288.00
1966-12-27,1028.00
1966-12-28,887.00
1966-12-29,799.00
1966-12-30,1079.00
1966-12-31,1297.00
1967-01-01,1288.00
1967-01-02,1243.00
1967-01-03,1073.00
1967-01-04,949.00
1967-01-05,818.00
1967-01-06,721.00
1967-01-07,657.00
1967-01-08,604.00
1967-01-09,548.00
1967-01-10,493.00
1967-01-11,447.00
1967-01-12,404.00
1967-01-13,393.00
1967-01-14,443.00
1967-01-15,484.00
1967-01-16,475.00
1967-01-17,424.00
1967-01-18,411.00
1967-01-19,393.00
1967-01-20,373.00
1967-01-21,357.00
1967-01-22,345.00
1967-01-23,343.00
1967-01-24,339.00
1967-01-25,361.00
1967-01-26,391.00
1967-01-27,522.00
1967-01-28,589.00
1967-01-29,596.00
1967-01-30,559.00
1967-01-31,507.00
1967-02-01,479.00
1967-02-02,465.00
1967-02-03,510.00
1967-02-04,559.00
1967-02-05,493.00
1967-02-06,411.00
1967-02-07,361.00
1967-02-08,339.00
1967-02-09,333.00
1967-02-10,303.00
1967-02-11,278.00
1967-02-12,259.00
1967-02-13,244.00
1967-02-14,230.00
1967-02-15,205.00
1967-02-16,189.00
1967-02-17,186.00
1967-02-18,189.00
1967-02-19,197.00
1967-02-20,436.00
1967-02-21,575.00
1967-02-22,724.00
1967-02-23,646.00
1967-02-24,564.00
1967-02-25,502.00
1967-02-26,460.00
1967-02-27,411.00
1967-02-28,453.00
1967-03-01,664.00
1967-03-02,615.00
1967-03-03,555.00
1967-03-04,496.00
1967-03-05,447.00
1967-03-06,413.00
1967-03-07,379.00
1967-03-08,357.00
1967-03-09,329.00
1967-03-10,307.00
1967-03-11,301.00
1967-03-12,315.00
1967-03-13,369.00
1967-03-14,550.00
1967-03-15,522.00
1967-03-16,484.00
1967-03-17,451.00
1967-03-18,429.00
1967-03-19,420.00
1967-03-20,406.00
1967-03-21,369.00
1967-03-22,339.00
1967-03-23,309.00
1967-03-24,280.00
1967-03-25,257.00
1967-03-26,263.00
1967-03-27,274.00
1967-03-28,288.00
1967-03-29,323.00
1967-03-30,292.00
1967-03-31,259.00
1967-04-01,248.00
1967-04-02,237.00
1967-04-03,232.00
1967-04-04,229.00
1967-04-05,211.00
1967-04-06,229.00
1967-04-07,278.00
1967-04-08,297.00
1967-04-09,303.00
1967-04-10,315.00
1967-04-11,359.00
1967-04-12,367.00
1967-04-13,284.00
1967-04-14,246.00
1967-04-15,246.00
1967-04-16,248.00
1967-04-17,214.00
1967-04-18,184.00
1967-04-19,172.00
1967-04-20,160.00
1967-04-21,152.00
1967-04-22,158.00
1967-04-23,163.00
1967-04-24,165.00
1967-04-25,158.00
1967-04-26,144.00
1967-04-27,133.00
1967-04-28,123.00
1967-04-29,109.00
1967-04-30,129.00
1967-05-01,122.00
1967-05-02,116.00
1967-05-03,116.00
1967-05-04,116.00
1967-05-05,112.00
1967-05-06,99.00
1967-05-07,106.00
1967-05-08,106.00
1967-05-09,97.00
1967-05-10,89.00
1967-05-11,84.00
1967-05-12,82.00
1967-05-13,82.00
1967-05-14,88.00
1967-05-15,85.00
1967-05-16,82.00
1967-05-17,82.00
1967-05-18,85.00
1967-05-19,86.00
1967-05-20,83.00
1967-05-21,75.00
1967-05-22,85.00
1967-05-23,71.00
1967-05-24,65.00
1967-05-25,69.00
1967-05-26,294.00
1967-05-27,303.00
1967-05-28,240.00
1967-05-29,177.00
1967-05-30,96.00
1967-05-31,154.00
1967-06-01,140.00
1967-06-02,111.00
1967-06-03,89.00
1967-06-04,94.00
1967-06-05,90.00
1967-06-06,86.00
1967-06-07,83.00
1967-06-08,68.00
1967-06-09,72.00
1967-06-10,71.00
1967-06-11,73.00
1967-06-12,82.00
1967-06-13,52.00
1967-06-14,38.00
1967-06-15,41.00
1967-06-16,54.00
1967-06-17,63.00
1967-06-18,56.00
1967-06-19,50.00
1967-06-20,36.00
1967-06-21,23.00
1967-06-22,11.00
1967-06-23,10.00
1967-06-24,72.00
1967-06-25,78.00
1967-06-26,68.00
1967-06-27,41.00
1967-06-28,16.00
1967-06-29,12.00
1967-06-30,10.00
1967-07-01,10.00
1967-07-02,30.00
1967-07-03,94.00
1967-07-04,54.00
1967-07-05,43.00
1967-07-06,36.00
1967-07-07,34.00
1967-07-08,47.00
1967-07-09,56.00
1967-07-10,30.00
1967-07-11,10.00
1967-07-12,10.00
1967-07-13,18.00
1967-07-14,32.00
1967-07-15,19.00
1967-07-16,22.00
1967-07-17,44.00
1967-07-18,18.00
1967-07-19,10.00
1967-07-20,15.00
1967-07-21,22.00
1967-07-22,19.00
1967-07-23,10.00
1967-07-24,10.00
1967-07-25,10.00
1967-07-26,10.00
1967-07-27,10.00
1967-07-28,10.00
1967-07-29,10.00
1967-07-30,10.00
1967-07-31,10.00
1967-08-01,10.00
1967-08-02,24.00
1967-08-03,18.00
1967-08-04,10.00
1967-08-05,14.00
1967-08-06,19.00
1967-08-07,10.00
1967-08-08,10.00
1967-08-09,10.00
1967-08-10,10.00
1967-08-11,10.00
1967-08-12,11.00
1967-08-13,41.00
1967-08-14,34.00
1967-08-15,22.00
1967-08-16,52.00
1967-08-17,16.00
1967-08-18,10.00
1967-08-19,10.00
1967-08-20,14.00
1967-08-21,16.00
1967-08-22,10.00
1967-08-23,10.00
1967-08-24,10.00
1967-08-25,10.00
1967-08-26,10.00
1967-08-27,14.00
1967-08-28,36.00
1967-08-29,10.00
1967-08-30,10.00
1967-08-31,10.00
1967-09-01,10.00
1967-09-02,10.00
1967-09-03,10.00
1967-09-04,15.00
1967-09-05,10.00
1967-09-06,10.00
1967-09-07,10.00
1967-09-08,10.00
1967-09-09,10.00
1967-09-10,10.00
1967-09-11,10.00
1967-09-12,10.00
1967-09-13,10.00
1967-09-14,10.00
1967-09-15,23.00
1967-09-16,10.00
1967-09-17,36.00
1967-09-18,52.00
1967-09-19,11.00
1967-09-20,14.00
1967-09-21,56.00
1967-09-22,156.00
1967-09-23,126.00
1967-09-24,70.00
1967-09-25,73.00
1967-09-26,14.00
1967-09-27,39.00
1967-09-28,32.00
1967-09-29,15.00
1967-09-30,25.00
1967-10-01,41.00
1967-10-02,51.00
1967-10-03,14.00
1967-10-04,39.00
1967-10-05,78.00
1967-10-06,49.00
1967-10-07,36.00
1967-10-08,72.00
1967-10-09,44.00
1967-10-10,25.00
1967-10-11,22.00
1967-10-12,19.00
1967-10-13,23.00
1967-10-14,30.00
1967-10-15,45.00
1967-10-16,68.00
1967-10-17,170.00
1967-10-18,119.00
1967-10-19,142.00
1967-10-20,102.00
1967-10-21,88.00
1967-10-22,76.00
1967-10-23,62.00
1967-10-24,58.00
1967-10-25,68.00
1967-10-26,154.00
1967-10-27,116.00
1967-10-28,82.00
1967-10-29,189.00
1967-10-30,172.00
1967-10-31,154.00
1967-11-01,261.00
1967-11-02,351.00
1967-11-03,469.00
1967-11-04,420.00
1967-11-05,329.00
1967-11-06,373.00
1967-11-07,416.00
1967-11-08,393.00
1967-11-09,323.00
1967-11-10,286.00
1967-11-11,272.00
1967-11-12,259.00
1967-11-13,242.00
1967-11-14,196.00
1967-11-15,194.00
1967-11-16,373.00
1967-11-17,386.00
1967-11-18,315.00
1967-11-19,261.00
1967-11-20,242.00
1967-11-21,224.00
1967-11-22,207.00
1967-11-23,180.00
1967-11-24,144.00
1967-11-25,129.00
1967-11-26,147.00
1967-11-27,165.00
1967-11-28,199.00
1967-11-29,284.00
1967-11-30,447.00
1967-12-01,420.00
1967-12-02,382.00
1967-12-03,311.00
1967-12-04,259.00
1967-12-05,224.00
1967-12-06,227.00
1967-12-07,369.00
1967-12-08,333.00
1967-12-09,303.00
1967-12-10,267.00
1967-12-11,222.00
1967-12-12,214.00
1967-12-13,218.00
1967-12-14,197.00
1967-12-15,194.00
1967-12-16,237.00
1967-12-17,278.00
1967-12-18,284.00
1967-12-19,259.00
1967-12-20,335.00
1967-12-21,272.00
1967-12-22,248.00
1967-12-23,294.00
1967-12-24,1169.00
1967-12-25,1565.00
1967-12-26,1379.00
1967-12-27,1128.00
1967-12-28,999.00
1967-12-29,895.00
1967-12-30,774.00
1967-12-31,737.00
1968-01-01,774.00
1968-01-02,745.00
1968-01-03,625.00
1968-01-04,570.00
1968-01-05,557.00
1968-01-06,649.00
1968-01-07,964.00
1968-01-08,1019.00
1968-01-09,859.00
1968-01-10,747.00
1968-01-11,661.00
1968-01-12,600.00
1968-01-13,559.00
1968-01-14,548.00
1968-01-15,881.00
1968-01-16,1349.00
1968-01-17,1329.00
1968-01-18,1274.00
1968-01-19,1184.00
1968-01-20,1138.00
1968-01-21,981.00
1968-01-22,892.00
1968-01-23,859.00
1968-01-24,776.00
1968-01-25,706.00
1968-01-26,697.00
1968-01-27,766.00
1968-01-28,756.00
1968-01-29,689.00
1968-01-30,559.00
1968-01-31,507.00
1968-02-01,457.00
1968-02-02,429.00
1968-02-03,397.00
1968-02-04,369.00
1968-02-05,351.00
1968-02-06,343.00
1968-02-07,345.00
1968-02-08,498.00
1968-02-09,518.00
1968-02-10,525.00
1968-02-11,532.00
1968-02-12,482.00
1968-02-13,424.00
1968-02-14,389.00
1968-02-15,436.00
1968-02-16,482.00
1968-02-17,462.00
1968-02-18,399.00
1968-02-19,351.00
1968-02-20,331.00
1968-02-21,395.00
1968-02-22,479.00
1968-02-23,557.00
1968-02-24,579.00
1968-02-25,543.00
1968-02-26,482.00
1968-02-27,416.00
1968-02-28,393.00
1968-02-29,371.00
1968-03-01,341.00
1968-03-02,323.00
1968-03-03,301.00
1968-03-04,259.00
1968-03-05,240.00
1968-03-06,255.00
1968-03-07,292.00
1968-03-08,269.00
1968-03-09,248.00
1968-03-10,232.00
1968-03-11,224.00
1968-03-12,244.00
1968-03-13,224.00
1968-03-14,204.00
1968-03-15,235.00
1968-03-16,290.00
1968-03-17,339.00
1968-03-18,359.00
1968-03-19,339.00
1968-03-20,299.00
1968-03-21,290.00
1968-03-22,339.00
1968-03-23,507.00
1968-03-24,573.00
1968-03-25,514.00
1968-03-26,449.00
1968-03-27,369.00
1968-03-28,337.00
1968-03-29,299.00
1968-03-30,282.00
1968-03-31,238.00
1968-04-01,207.00
1968-04-02,188.00
1968-04-03,199.00
1968-04-04,193.00
1968-04-05,167.00
1968-04-06,165.00
1968-04-07,165.00
1968-04-08,149.00
1968-04-09,149.00
1968-04-10,140.00
1968-04-11,140.00
1968-04-12,152.00
1968-04-13,123.00
1968-04-14,123.00
1968-04-15,127.00
1968-04-16,116.00
1968-04-17,104.00
1968-04-18,97.00
1968-04-19,94.00
1968-04-20,89.00
1968-04-21,88.00
1968-04-22,95.00
1968-04-23,85.00
1968-04-24,84.00
1968-04-25,80.00
1968-04-26,71.00
1968-04-27,109.00
1968-04-28,106.00
1968-04-29,88.00
1968-04-30,72.00
1968-05-01,86.00
1968-05-02,96.00
1968-05-03,82.00
1968-05-04,80.00
1968-05-05,119.00
1968-05-06,160.00
1968-05-07,153.00
1968-05-08,199.00
1968-05-09,139.00
1968-05-10,172.00
1968-05-11,146.00
1968-05-12,152.00
1968-05-13,144.00
1968-05-14,116.00
1968-05-15,92.00
1968-05-16,96.00
1968-05-17,102.00
1968-05-18,82.00
1968-05-19,72.00
1968-05-20,78.00
1968-05-21,76.00
1968-05-22,69.00
1968-05-23,76.00
1968-05-24,84.00
1968-05-25,82.00
1968-05-26,75.00
1968-05-27,82.00
1968-05-28,75.00
1968-05-29,61.00
1968-05-30,51.00
1968-05-31,44.00
1968-06-01,38.00
1968-06-02,49.00
1968-06-03,71.00
1968-06-04,49.00
1968-06-05,36.00
1968-06-06,28.00
1968-06-07,36.00
1968-06-08,52.00
1968-06-09,56.00
1968-06-10,52.00
1968-06-11,38.00
1968-06-12,27.00
1968-06-13,22.00
1968-06-14,21.00
1968-06-15,19.00
1968-06-16,26.00
1968-06-17,41.00
1968-06-18,30.00
1968-06-19,30.00
1968-06-20,41.00
1968-06-21,54.00
1968-06-22,58.00
1968-06-23,44.00
1968-06-24,47.00
1968-06-25,39.00
1968-06-26,34.00
1968-06-27,32.00
1968-06-28,32.00
1968-06-29,34.00
1968-06-30,41.00
1968-07-01,28.00
1968-07-02,17.00
1968-07-03,18.00
1968-07-04,17.00
1968-07-05,10.00
1968-07-06,10.00
1968-07-07,12.00
1968-07-08,27.00
1968-07-09,22.00
1968-07-10,26.00
1968-07-11,28.00
1968-07-12,22.00
1968-07-13,19.00
1968-07-14,25.00
1968-07-15,34.00
1968-07-16,77.00
1968-07-17,65.00
1968-07-18,50.00
1968-07-19,54.00
1968-07-20,47.00
1968-07-21,47.00
1968-07-22,38.00
1968-07-23,34.00
1968-07-24,109.00
1968-07-25,170.00
1968-07-26,70.00
1968-07-27,27.00
1968-07-28,60.00
1968-07-29,44.00
1968-07-30,28.00
1968-07-31,19.00
1968-08-01,17.00
1968-08-02,28.00
1968-08-03,22.00
1968-08-04,51.00
1968-08-05,57.00
1968-08-06,28.00
1968-08-07,30.00
1968-08-08,50.00
1968-08-09,62.00
1968-08-10,56.00
1968-08-11,88.00
1968-08-12,101.00
1968-08-13,75.00
1968-08-14,71.00
1968-08-15,96.00
1968-08-16,101.00
1968-08-17,75.00
1968-08-18,133.00
1968-08-19,124.00
1968-08-20,116.00
1968-08-21,114.00
1968-08-22,80.00
1968-08-23,86.00
1968-08-24,80.00
1968-08-25,66.00
1968-08-26,56.00
1968-08-27,48.00
1968-08-28,47.00
1968-08-29,49.00
1968-08-30,54.00
1968-08-31,124.00
1968-09-01,193.00
1968-09-02,97.00
1968-09-03,56.00
1968-09-04,122.00
1968-09-05,160.00
1968-09-06,193.00
1968-09-07,136.00
1968-09-08,111.00
1968-09-09,102.00
1968-09-10,96.00
1968-09-11,95.00
1968-09-12,142.00
1968-09-13,101.00
1968-09-14,82.00
1968-09-15,127.00
1968-09-16,149.00
1968-09-17,132.00
1968-09-18,95.00
1968-09-19,153.00
1968-09-20,122.00
1968-09-21,84.00
1968-09-22,117.00
1968-09-23,152.00
1968-09-24,197.00
1968-09-25,512.00
1968-09-26,510.00
1968-09-27,418.00
1968-09-28,339.00
1968-09-29,280.00
1968-09-30,261.00
1968-10-01,386.00
1968-10-02,460.00
1968-10-03,491.00
1968-10-04,453.00
1968-10-05,382.00
1968-10-06,341.00
1968-10-07,309.00
1968-10-08,274.00
1968-10-09,209.00
1968-10-10,224.00
1968-10-11,263.00
1968-10-12,309.00
1968-10-13,341.00
1968-10-14,349.00
1968-10-15,311.00
1968-10-16,249.00
1968-10-17,229.00
1968-10-18,227.00
1968-10-19,211.00
1968-10-20,207.00
1968-10-21,197.00
1968-10-22,184.00
1968-10-23,162.00
1968-10-24,139.00
1968-10-25,130.00
1968-10-26,136.00
1968-10-27,132.00
1968-10-28,76.00
1968-10-29,88.00
1968-10-30,114.00
1968-10-31,124.00
1968-11-01,124.00
1968-11-02,114.00
1968-11-03,126.00
1968-11-04,132.00
1968-11-05,122.00
1968-11-06,119.00
1968-11-07,124.00
1968-11-08,139.00
1968-11-09,127.00
1968-11-10,122.00
1968-11-11,104.00
1968-11-12,89.00
1968-11-13,84.00
1968-11-14,83.00
1968-11-15,78.00
1968-11-16,75.00
1968-11-17,73.00
1968-11-18,72.00
1968-11-19,70.00
1968-11-20,71.00
1968-11-21,72.00
1968-11-22,66.00
1968-11-23,65.00
1968-11-24,77.00
1968-11-25,76.00
1968-11-26,73.00
1968-11-27,92.00
1968-11-28,62.00
1968-11-29,104.00
1968-11-30,116.00
1968-12-01,75.00
1968-12-02,78.00
1968-12-03,61.00
1968-12-04,61.00
1968-12-05,66.00
1968-12-06,50.00
1968-12-07,48.00
1968-12-08,60.00
1968-12-09,62.00
1968-12-10,51.00
1968-12-11,44.00
1968-12-12,47.00
1968-12-13,45.00
1968-12-14,51.00
1968-12-15,139.00
1968-12-16,76.00
1968-12-17,36.00
1968-12-18,19.00
1968-12-19,26.00
1968-12-20,56.00
1968-12-21,117.00
1968-12-22,193.00
1968-12-23,303.00
1968-12-24,389.00
1968-12-25,280.00
1968-12-26,249.00
1968-12-27,234.00
1968-12-28,212.00
1968-12-29,202.00
1968-12-30,178.00
1968-12-31,184.00
1969-01-01,178.00
1969-01-02,163.00
1969-01-03,327.00
1969-01-04,424.00
1969-01-05,343.00
1969-01-06,280.00
1969-01-07,249.00
1969-01-08,234.00
1969-01-09,216.00
1969-01-10,197.00
1969-01-11,177.00
1969-01-12,165.00
1969-01-13,170.00
1969-01-14,282.00
1969-01-15,242.00
1969-01-16,261.00
1969-01-17,365.00
1969-01-18,363.00
1969-01-19,447.00
1969-01-20,404.00
1969-01-21,355.00
1969-01-22,313.00
1969-01-23,297.00
1969-01-24,278.00
1969-01-25,249.00
1969-01-26,242.00
1969-01-27,234.00
1969-01-28,205.00
1969-01-29,214.00
1969-01-30,267.00
1969-01-31,274.00
1969-02-01,290.00
1969-02-02,278.00
1969-02-03,386.00
1969-02-04,325.00
1969-02-05,299.00
1969-02-06,269.00
1969-02-07,255.00
1969-02-08,263.00
1969-02-09,255.00
1969-02-10,218.00
1969-02-11,196.00
1969-02-12,211.00
1969-02-13,237.00
1969-02-14,220.00
1969-02-15,184.00
1969-02-16,158.00
1969-02-17,165.00
1969-02-18,160.00
1969-02-19,149.00
1969-02-20,186.00
1969-02-21,323.00
1969-02-22,687.00
1969-02-23,714.00
1969-02-24,646.00
1969-02-25,609.00
1969-02-26,617.00
1969-02-27,589.00
1969-02-28,541.00
1969-03-01,498.00
1969-03-02,460.00
1969-03-03,424.00
1969-03-04,384.00
1969-03-05,347.00
1969-03-06,303.00
1969-03-07,269.00
1969-03-08,246.00
1969-03-09,226.00
1969-03-10,209.00
1969-03-11,199.00
1969-03-12,237.00
1969-03-13,424.00
1969-03-14,589.00
1969-03-15,611.00
1969-03-16,525.00
1969-03-17,471.00
1969-03-18,434.00
1969-03-19,401.00
1969-03-20,409.00
1969-03-21,413.00
1969-03-22,363.00
1969-03-23,311.00
1969-03-24,278.00
1969-03-25,257.00
1969-03-26,237.00
1969-03-27,224.00
1969-03-28,220.00
1969-03-29,197.00
1969-03-30,184.00
1969-03-31,211.00
1969-04-01,317.00
1969-04-02,369.00
1969-04-03,349.00
1969-04-04,317.00
1969-04-05,255.00
1969-04-06,263.00
1969-04-07,259.00
1969-04-08,211.00
1969-04-09,180.00
1969-04-10,163.00
1969-04-11,154.00
1969-04-12,165.00
1969-04-13,189.00
1969-04-14,186.00
1969-04-15,197.00
1969-04-16,361.00
1969-04-17,345.00
1969-04-18,301.00
1969-04-19,278.00
1969-04-20,263.00
1969-04-21,255.00
1969-04-22,263.00
1969-04-23,467.00
1969-04-24,579.00
1969-04-25,611.00
1969-04-26,543.00
1969-04-27,577.00
1969-04-28,538.00
1969-04-29,451.00
1969-04-30,404.00
1969-05-01,369.00
1969-05-02,321.00
1969-05-03,292.00
1969-05-04,280.00
1969-05-05,305.00
1969-05-06,286.00
1969-05-07,272.00
1969-05-08,259.00
1969-05-09,237.00
1969-05-10,188.00
1969-05-11,193.00
1969-05-12,180.00
1969-05-13,162.00
1969-05-14,144.00
1969-05-15,132.00
1969-05-16,127.00
1969-05-17,132.00
1969-05-18,147.00
1969-05-19,165.00
1969-05-20,182.00
1969-05-21,167.00
1969-05-22,139.00
1969-05-23,106.00
1969-05-24,94.00
1969-05-25,117.00
1969-05-26,120.00
1969-05-27,106.00
1969-05-28,94.00
1969-05-29,90.00
1969-05-30,85.00
1969-05-31,83.00
1969-06-01,119.00
1969-06-02,127.00
1969-06-03,138.00
1969-06-04,165.00
1969-06-05,172.00
1969-06-06,162.00
1969-06-07,144.00
1969-06-08,117.00
1969-06-09,108.00
1969-06-10,102.00
1969-06-11,92.00
1969-06-12,83.00
1969-06-13,71.00
1969-06-14,69.00
1969-06-15,83.00
1969-06-16,77.00
1969-06-17,72.00
1969-06-18,70.00
1969-06-19,71.00
1969-06-20,75.00
1969-06-21,72.00
1969-06-22,63.00
1969-06-23,57.00
1969-06-24,75.00
1969-06-25,201.00
1969-06-26,251.00
1969-06-27,253.00
1969-06-28,224.00
1969-06-29,177.00
1969-06-30,140.00
1969-07-01,129.00
1969-07-02,116.00
1969-07-03,106.00
1969-07-04,102.00
1969-07-05,95.00
1969-07-06,55.00
1969-07-07,76.00
1969-07-08,106.00
1969-07-09,83.00
1969-07-10,71.00
1969-07-11,75.00
1969-07-12,86.00
1969-07-13,84.00
1969-07-14,72.00
1969-07-15,61.00
1969-07-16,56.00
1969-07-17,56.00
1969-07-18,63.00
1969-07-19,50.00
1969-07-20,23.00
1969-07-21,17.00
1969-07-22,41.00
1969-07-23,23.00
1969-07-24,23.00
1969-07-25,60.00
1969-07-26,71.00
1969-07-27,48.00
1969-07-28,36.00
1969-07-29,25.00
1969-07-30,17.00
1969-07-31,11.00
1969-08-01,17.00
1969-08-02,28.00
1969-08-03,44.00
1969-08-04,47.00
1969-08-05,21.00
1969-08-06,28.00
1969-08-07,16.00
1969-08-08,11.00
1969-08-09,10.00
1969-08-10,10.00
1969-08-11,10.00
1969-08-12,10.00
1969-08-13,10.00
1969-08-14,10.00
1969-08-15,15.00
1969-08-16,47.00
1969-08-17,71.00
1969-08-18,94.00
1969-08-19,34.00
1969-08-20,28.00
1969-08-21,389.00
1969-08-22,174.00
1969-08-23,114.00
1969-08-24,94.00
1969-08-25,270.00
1969-08-26,180.00
1969-08-27,165.00
1969-08-28,197.00
1969-08-29,345.00
1969-08-30,345.00
1969-08-31,267.00
1969-09-01,177.00
1969-09-02,124.00
1969-09-03,89.00
1969-09-04,82.00
1969-09-05,76.00
1969-09-06,71.00
1969-09-07,63.00
1969-09-08,54.00
1969-09-09,44.00
1969-09-10,38.00
1969-09-11,41.00
1969-09-12,44.00
1969-09-13,29.00
1969-09-14,10.00
1969-09-15,18.00
1969-09-16,29.00
1969-09-17,30.00
1969-09-18,30.00
1969-09-19,27.00
1969-09-20,24.00
1969-09-21,22.00
1969-09-22,23.00
1969-09-23,24.00
1969-09-24,28.00
1969-09-25,18.00
1969-09-26,10.00
1969-09-27,10.00
1969-09-28,10.00
1969-09-29,10.00
1969-09-30,10.00
1969-10-01,10.00
1969-10-02,10.00
1969-10-03,10.00
1969-10-04,10.00
1969-10-05,10.00
1969-10-06,10.00
1969-10-07,10.00
1969-10-08,10.00
1969-10-09,10.00
1969-10-10,10.00
1969-10-11,10.00
1969-10-12,10.00
1969-10-13,10.00
1969-10-14,10.00
1969-10-15,10.00
1969-10-16,10.00
1969-10-17,10.00
1969-10-18,10.00
1969-10-19,10.00
1969-10-20,10.00
1969-10-21,10.00
1969-10-22,10.00
1969-10-23,10.00
1969-10-24,10.00
1969-10-25,10.00
1969-10-26,10.00
1969-10-27,10.00
1969-10-28,10.00
1969-10-29,10.00
1969-10-30,10.00
1969-10-31,10.00
1969-11-01,10.00
1969-11-02,10.00
1969-11-03,10.00
1969-11-04,10.00
1969-11-05,10.00
1969-11-06,10.00
1969-11-07,10.00
1969-11-08,15.00
1969-11-09,58.00
1969-11-10,91.00
1969-11-11,58.00
1969-11-12,62.00
1969-11-13,102.00
1969-11-14,109.00
1969-11-15,84.00
1969-11-16,86.00
1969-11-17,108.00
1969-11-18,205.00
1969-11-19,189.00
1969-11-20,156.00
1969-11-21,152.00
1969-11-22,156.00
1969-11-23,162.00
1969-11-24,194.00
1969-11-25,377.00
1969-11-26,305.00
1969-11-27,238.00
1969-11-28,180.00
1969-11-29,214.00
1969-11-30,230.00
1969-12-01,224.00
1969-12-02,202.00
1969-12-03,149.00
1969-12-04,294.00
1969-12-05,406.00
1969-12-06,329.00
1969-12-07,265.00
1969-12-08,199.00
1969-12-09,175.00
1969-12-10,160.00
1969-12-11,142.00
1969-12-12,136.00
1969-12-13,119.00
1969-12-14,106.00
1969-12-15,124.00
1969-12-16,189.00
1969-12-17,240.00
1969-12-18,226.00
1969-12-19,167.00
1969-12-20,139.00
1969-12-21,136.00
1969-12-22,133.00
1969-12-23,144.00
1969-12-24,178.00
1969-12-25,220.00
1969-12-26,259.00
1969-12-27,282.00
1969-12-28,261.00
1969-12-29,226.00
1969-12-30,196.00
1969-12-31,172.00
1970-01-01,155.00
1970-01-02,123.00
1970-01-03,105.00
1970-01-04,98.00
1970-01-05,97.00
1970-01-06,115.00
1970-01-07,100.00
1970-01-08,88.00
1970-01-09,101.00
1970-01-10,125.00
1970-01-11,153.00
1970-01-12,230.00
1970-01-13,267.00
1970-01-14,269.00
1970-01-15,273.00
1970-01-16,271.00
1970-01-17,275.00
1970-01-18,292.00
1970-01-19,265.00
1970-01-20,215.00
1970-01-21,222.00
1970-01-22,171.00
1970-01-23,176.00
1970-01-24,192.00
1970-01-25,271.00
1970-01-26,361.00
1970-01-27,455.00
1970-01-28,602.00
1970-01-29,565.00
1970-01-30,518.00
1970-01-31,485.00
1970-02-01,453.00
1970-02-02,339.00
1970-02-03,417.00
1970-02-04,595.00
1970-02-05,572.00
1970-02-06,636.00
1970-02-07,645.00
1970-02-08,636.00
1970-02-09,832.00
1970-02-10,1179.00
1970-02-11,1070.00
1970-02-12,955.00
1970-02-13,955.00
1970-02-14,1037.00
1970-02-15,917.00
1970-02-16,827.00
1970-02-17,755.00
1970-02-18,695.00
1970-02-19,615.00
1970-02-20,585.00
1970-02-21,811.00
1970-02-22,1365.00
1970-02-23,2154.00
1970-02-24,1882.00
1970-02-25,1621.00
1970-02-26,1469.00
1970-02-27,1253.00
1970-02-28,1127.00
1970-03-01,1049.00
1970-03-02,976.00
1970-03-03,1040.00
1970-03-04,901.00
1970-03-05,780.00
1970-03-06,701.00
1970-03-07,583.00
1970-03-08,528.00
1970-03-09,475.00
1970-03-10,430.00
1970-03-11,395.00
1970-03-12,375.00
1970-03-13,392.00
1970-03-14,453.00
1970-03-15,422.00
1970-03-16,383.00
1970-03-17,357.00
1970-03-18,345.00
1970-03-19,821.00
1970-03-20,901.00
1970-03-21,777.00
1970-03-22,705.00
1970-03-23,655.00
1970-03-24,621.00
1970-03-25,683.00
1970-03-26,625.00
1970-03-27,585.00
1970-03-28,549.00
1970-03-29,520.00
1970-03-30,499.00
1970-03-31,475.00
1970-04-01,471.00
1970-04-02,468.00
1970-04-03,455.00
1970-04-04,440.00
1970-04-05,442.00
1970-04-06,447.00
1970-04-07,477.00
1970-04-08,538.00
1970-04-09,488.00
1970-04-10,479.00
1970-04-11,440.00
1970-04-12,432.00
1970-04-13,479.00
1970-04-14,606.00
1970-04-15,590.00
1970-04-16,554.00
1970-04-17,494.00
1970-04-18,468.00
1970-04-19,417.00
1970-04-20,377.00
1970-04-21,375.00
1970-04-22,383.00
1970-04-23,375.00
1970-04-24,369.00
1970-04-25,392.00
1970-04-26,475.00
1970-04-27,576.00
1970-04-28,599.00
1970-04-29,583.00
1970-04-30,552.00
1970-05-01,524.00
1970-05-02,479.00
1970-05-03,457.00
1970-05-04,428.00
1970-05-05,383.00
1970-05-06,347.00
1970-05-07,309.00
1970-05-08,292.00
1970-05-09,305.00
1970-05-10,307.00
1970-05-11,298.00
1970-05-12,643.00
1970-05-13,843.00
1970-05-14,734.00
1970-05-15,636.00
1970-05-16,583.00
1970-05-17,554.00
1970-05-18,483.00
1970-05-19,428.00
1970-05-20,381.00
1970-05-21,388.00
1970-05-22,357.00
1970-05-23,319.00
1970-05-24,280.00
1970-05-25,263.00
1970-05-26,230.00
1970-05-27,194.00
1970-05-28,183.00
1970-05-29,176.00
1970-05-30,171.00
1970-05-31,169.00
1970-06-01,160.00
1970-06-02,146.00
1970-06-03,132.00
1970-06-04,123.00
1970-06-05,118.00
1970-06-06,112.00
1970-06-07,110.00
1970-06-08,105.00
1970-06-09,110.00
1970-06-10,125.00
1970-06-11,117.00
1970-06-12,108.00
1970-06-13,97.00
1970-06-14,91.00
1970-06-15,83.00
1970-06-16,79.00
1970-06-17,79.00
1970-06-18,81.00
1970-06-19,77.00
1970-06-20,78.00
1970-06-21,84.00
1970-06-22,90.00
1970-06-23,79.00
1970-06-24,81.00
1970-06-25,91.00
1970-06-26,67.00
1970-06-27,76.00
1970-06-28,94.00
1970-06-29,81.00
1970-06-30,74.00
1970-07-01,72.00
1970-07-02,77.00
1970-07-03,102.00
1970-07-04,79.00
1970-07-05,112.00
1970-07-06,98.00
1970-07-07,83.00
1970-07-08,75.00
1970-07-09,76.00
1970-07-10,74.00
1970-07-11,55.00
1970-07-12,60.00
1970-07-13,77.00
1970-07-14,58.00
1970-07-15,71.00
1970-07-16,90.00
1970-07-17,81.00
1970-07-18,69.00
1970-07-19,60.00
1970-07-20,66.00
1970-07-21,84.00
1970-07-22,88.00
1970-07-23,81.00
1970-07-24,56.00
1970-07-25,78.00
1970-07-26,83.00
1970-07-27,64.00
1970-07-28,18.00
1970-07-29,175.00
1970-07-30,108.00
1970-07-31,171.00
1970-08-01,89.00
1970-08-02,101.00
1970-08-03,72.00
1970-08-04,58.00
1970-08-05,53.00
1970-08-06,57.00
1970-08-07,66.00
1970-08-08,88.00
1970-08-09,96.00
1970-08-10,72.00
1970-08-11,58.00
1970-08-12,63.00
1970-08-13,67.00
1970-08-14,66.00
1970-08-15,53.00
1970-08-16,55.00
1970-08-17,62.00
1970-08-18,53.00
1970-08-19,47.00
1970-08-20,50.00
1970-08-21,63.00
1970-08-22,61.00
1970-08-23,47.00
1970-08-24,60.00
1970-08-25,40.00
1970-08-26,34.00
1970-08-27,32.00
1970-08-28,34.00
1970-08-29,38.00
1970-08-30,37.00
1970-08-31,33.00
1970-09-01,18.00
1970-09-02,12.00
1970-09-03,20.00
1970-09-04,17.00
1970-09-05,11.00
1970-09-06,16.00
1970-09-07,13.00
1970-09-08,10.00
1970-09-09,10.00
1970-09-10,10.00
1970-09-11,14.00
1970-09-12,14.00
1970-09-13,27.00
1970-09-14,39.00
1970-09-15,28.00
1970-09-16,14.00
1970-09-17,50.00
1970-09-18,45.00
1970-09-19,38.00
1970-09-20,35.00
1970-09-21,30.00
1970-09-22,16.00
1970-09-23,10.00
1970-09-24,10.00
1970-09-25,12.00
1970-09-26,14.00
1970-09-27,12.00
1970-09-28,10.00
1970-09-29,10.00
1970-09-30,28.00
1970-10-01,23.00
1970-10-02,10.00
1970-10-03,68.00
1970-10-04,63.00
1970-10-05,55.00
1970-10-06,53.00
1970-10-07,49.00
1970-10-08,50.00
1970-10-09,54.00
1970-10-10,37.00
1970-10-11,75.00
1970-10-12,57.00
1970-10-13,57.00
1970-10-14,68.00
1970-10-15,55.00
1970-10-16,35.00
1970-10-17,34.00
1970-10-18,32.00
1970-10-19,33.00
1970-10-20,49.00
1970-10-21,66.00
1970-10-22,77.00
1970-10-23,57.00
1970-10-24,47.00
1970-10-25,49.00
1970-10-26,55.00
1970-10-27,58.00
1970-10-28,60.00
1970-10-29,56.00
1970-10-30,53.00
1970-10-31,47.00
1970-11-01,44.00
1970-11-02,44.00
1970-11-03,50.00
1970-11-04,45.00
1970-11-05,38.00
1970-11-06,50.00
1970-11-07,56.00
1970-11-08,60.00
1970-11-09,56.00
1970-11-10,44.00
1970-11-11,50.00
1970-11-12,54.00
1970-11-13,50.00
1970-11-14,71.00
1970-11-15,82.00
1970-11-16,71.00
1970-11-17,77.00
1970-11-18,110.00
1970-11-19,169.00
1970-11-20,349.00
1970-11-21,296.00
1970-11-22,333.00
1970-11-23,273.00
1970-11-24,275.00
1970-11-25,230.00
1970-11-26,186.00
1970-11-27,176.00
1970-11-28,139.00
1970-11-29,103.00
1970-11-30,118.00
1970-12-01,129.00
1970-12-02,155.00
1970-12-03,232.00
1970-12-04,294.00
1970-12-05,335.00
1970-12-06,365.00
1970-12-07,381.00
1970-12-08,296.00
1970-12-09,267.00
1970-12-10,230.00
1970-12-11,211.00
1970-12-12,188.00
1970-12-13,178.00
1970-12-14,160.00
1970-12-15,142.00
1970-12-16,126.00
1970-12-17,120.00
1970-12-18,115.00
1970-12-19,117.00
1970-12-20,111.00
1970-12-21,94.00
1970-12-22,89.00
1970-12-23,88.00
1970-12-24,84.00
1970-12-25,79.00
1970-12-26,86.00
1970-12-27,79.00
1970-12-28,68.00
1970-12-29,64.00
1970-12-30,62.00
1970-12-31,61.00
1971-01-01,185.00
1971-01-02,93.00
1971-01-03,56.00
1971-01-04,76.00
1971-01-05,59.00
1971-01-06,39.00
1971-01-07,30.00
1971-01-08,30.00
1971-01-09,43.00
1971-01-10,41.00
1971-01-11,28.00
1971-01-12,27.00
1971-01-13,24.00
1971-01-14,23.00
1971-01-15,19.00
1971-01-16,21.00
1971-01-17,31.00
1971-01-18,34.00
1971-01-19,32.00
1971-01-20,63.00
1971-01-21,118.00
1971-01-22,165.00
1971-01-23,191.00
1971-01-24,346.00
1971-01-25,437.00
1971-01-26,480.00
1971-01-27,591.00
1971-01-28,869.00
1971-01-29,924.00
1971-01-30,793.00
1971-01-31,693.00
1971-02-01,589.00
1971-02-02,466.00
1971-02-03,415.00
1971-02-04,435.00
1971-02-05,503.00
1971-02-06,403.00
1971-02-07,328.00
1971-02-08,287.00
1971-02-09,258.00
1971-02-10,239.00
1971-02-11,222.00
1971-02-12,214.00
1971-02-13,206.00
1971-02-14,198.00
1971-02-15,182.00
1971-02-16,239.00
1971-02-17,554.00
1971-02-18,407.00
1971-02-19,547.00
1971-02-20,627.00
1971-02-21,513.00
1971-02-22,435.00
1971-02-23,381.00
1971-02-24,332.00
1971-02-25,284.00
1971-02-26,262.00
1971-02-27,239.00
1971-02-28,222.00
1971-03-01,202.00
1971-03-02,164.00
1971-03-03,171.00
1971-03-04,162.00
1971-03-05,138.00
1971-03-06,120.00
1971-03-07,113.00
1971-03-08,104.00
1971-03-09,120.00
1971-03-10,109.00
1971-03-11,111.00
1971-03-12,120.00
1971-03-13,144.00
1971-03-14,149.00
1971-03-15,137.00
1971-03-16,135.00
1971-03-17,145.00
1971-03-18,153.00
1971-03-19,178.00
1971-03-20,189.00
1971-03-21,176.00
1971-03-22,160.00
1971-03-23,138.00
1971-03-24,129.00
1971-03-25,125.00
1971-03-26,131.00
1971-03-27,144.00
1971-03-28,171.00
1971-03-29,157.00
1971-03-30,140.00
1971-03-31,129.00
1971-04-01,131.00
1971-04-02,111.00
1971-04-03,100.00
1971-04-04,97.00
1971-04-05,106.00
1971-04-06,104.00
1971-04-07,95.00
1971-04-08,95.00
1971-04-09,85.00
1971-04-10,63.00
1971-04-11,70.00
1971-04-12,68.00
1971-04-13,81.00
1971-04-14,52.00
1971-04-15,48.00
1971-04-16,48.00
1971-04-17,41.00
1971-04-18,56.00
1971-04-19,52.00
1971-04-20,39.00
1971-04-21,31.00
1971-04-22,28.00
1971-04-23,25.00
1971-04-24,28.00
1971-04-25,42.00
1971-04-26,63.00
1971-04-27,76.00
1971-04-28,153.00
1971-04-29,63.00
1971-04-30,91.00
1971-05-01,55.00
1971-05-02,68.00
1971-05-03,70.00
1971-05-04,49.00
1971-05-05,31.00
1971-05-06,24.00
1971-05-07,26.00
1971-05-08,35.00
1971-05-09,32.00
1971-05-10,24.00
1971-05-11,13.00
1971-05-12,16.00
1971-05-13,26.00
1971-05-14,28.00
1971-05-15,31.00
1971-05-16,71.00
1971-05-17,132.00
1971-05-18,169.00
1971-05-19,176.00
1971-05-20,87.00
1971-05-21,59.00
1971-05-22,51.00
1971-05-23,52.00
1971-05-24,49.00
1971-05-25,48.00
1971-05-26,57.00
1971-05-27,63.00
1971-05-28,62.00
1971-05-29,59.00
1971-05-30,51.00
1971-05-31,42.00
1971-06-01,32.00
1971-06-02,10.00
1971-06-03,10.00
1971-06-04,34.00
1971-06-05,65.00
1971-06-06,53.00
1971-06-07,41.00
1971-06-08,32.00
1971-06-09,30.00
1971-06-10,39.00
1971-06-11,31.00
1971-06-12,35.00
1971-06-13,29.00
1971-06-14,39.00
1971-06-15,28.00
1971-06-16,23.00
1971-06-17,38.00
1971-06-18,31.00
1971-06-19,39.00
1971-06-20,350.00
1971-06-21,270.00
1971-06-22,194.00
1971-06-23,111.00
1971-06-24,71.00
1971-06-25,62.00
1971-06-26,65.00
1971-06-27,87.00
1971-06-28,132.00
1971-06-29,309.00
1971-06-30,282.00
1971-07-01,247.00
1971-07-02,197.00
1971-07-03,144.00
1971-07-04,123.00
1971-07-05,95.00
1971-07-06,63.00
1971-07-07,45.00
1971-07-08,45.00
1971-07-09,38.00
1971-07-10,26.00
1971-07-11,30.00
1971-07-12,24.00
1971-07-13,21.00
1971-07-14,21.00
1971-07-15,16.00
1971-07-16,10.00
1971-07-17,10.00
1971-07-18,21.00
1971-07-19,10.00
1971-07-20,10.00
1971-07-21,10.00
1971-07-22,10.00
1971-07-23,10.00
1971-07-24,10.00
1971-07-25,10.00
1971-07-26,10.00
1971-07-27,22.00
1971-07-28,34.00
1971-07-29,23.00
1971-07-30,11.00
1971-07-31,10.00
1971-08-01,10.00
1971-08-02,10.00
1971-08-03,10.00
1971-08-04,10.00
1971-08-05,10.00
1971-08-06,10.00
1971-08-07,10.00
1971-08-08,10.00
1971-08-09,10.00
1971-08-10,10.00
1971-08-11,10.00
1971-08-12,10.00
1971-08-13,10.00
1971-08-14,10.00
1971-08-15,10.00
1971-08-16,10.00
1971-08-17,10.00
1971-08-18,10.00
1971-08-19,10.00
1971-08-20,10.00
1971-08-21,10.00
1971-08-22,10.00
1971-08-23,10.00
1971-08-24,10.00
1971-08-25,10.00
1971-08-26,10.00
1971-08-27,10.00
1971-08-28,10.00
1971-08-29,10.00
1971-08-30,10.00
1971-08-31,10.00
1971-09-01,10.00
1971-09-02,10.00
1971-09-03,10.00
1971-09-04,10.00
1971-09-05,10.00
1971-09-06,10.00
1971-09-07,10.00
1971-09-08,10.00
1971-09-09,10.00
1971-09-10,10.00
1971-09-11,10.00
1971-09-12,10.00
1971-09-13,92.00
1971-09-14,10.00
1971-09-15,10.00
1971-09-16,10.00
1971-09-17,10.00
1971-09-18,10.00
1971-09-19,10.00
1971-09-20,73.00
1971-09-21,10.00
1971-09-22,10.00
1971-09-23,10.00
1971-09-24,10.00
1971-09-25,10.00
1971-09-26,10.00
1971-09-27,10.00
1971-09-28,10.00
1971-09-29,10.00
1971-09-30,10.00
1971-10-01,10.00
1971-10-02,10.00
1971-10-03,10.00
1971-10-04,10.00
1971-10-05,10.00
1971-10-06,10.00
1971-10-07,10.00
1971-10-08,10.00
1971-10-09,10.00
1971-10-10,10.00
1971-10-11,10.00
1971-10-12,10.00
1971-10-13,10.00
1971-10-14,10.00
1971-10-15,10.00
1971-10-16,10.00
1971-10-17,22.00
1971-10-18,10.00
1971-10-19,10.00
1971-10-20,10.00
1971-10-21,10.00
1971-10-22,10.00
1971-10-23,10.00
1971-10-24,10.00
1971-10-25,10.00
1971-10-26,10.00
1971-10-27,10.00
1971-10-28,10.00
1971-10-29,10.00
1971-10-30,10.00
1971-10-31,10.00
1971-11-01,10.00
1971-11-02,10.00
1971-11-03,10.00
1971-11-04,10.00
1971-11-05,10.00
1971-11-06,10.00
1971-11-07,10.00
1971-11-08,10.00
1971-11-09,10.00
1971-11-10,10.00
1971-11-11,10.00
1971-11-12,10.00
1971-11-13,10.00
1971-11-14,10.00
1971-11-15,10.00
1971-11-16,10.00
1971-11-17,10.00
1971-11-18,10.00
1971-11-19,46.00
1971-11-20,132.00
1971-11-21,62.00
1971-11-22,184.00
1971-11-23,301.00
1971-11-24,212.00
1971-11-25,107.00
1971-11-26,68.00
1971-11-27,99.00
1971-11-28,127.00
1971-11-29,158.00
1971-11-30,178.00
1971-12-01,185.00
1971-12-02,157.00
1971-12-03,149.00
1971-12-04,138.00
1971-12-05,107.00
1971-12-06,90.00
1971-12-07,79.00
1971-12-08,63.00
1971-12-09,53.00
1971-12-10,62.00
1971-12-11,90.00
1971-12-12,100.00
1971-12-13,83.00
1971-12-14,68.00
1971-12-15,63.00
1971-12-16,56.00
1971-12-17,39.00
1971-12-18,31.00
1971-12-19,48.00
1971-12-20,71.00
1971-12-21,60.00
1971-12-22,81.00
1971-12-23,93.00
1971-12-24,78.00
1971-12-25,100.00
1971-12-26,81.00
1971-12-27,59.00
1971-12-28,51.00
1971-12-29,45.00
1971-12-30,48.00
1971-12-31,51.00
1972-01-01,57.00
1972-01-02,52.00
1972-01-03,49.00
1972-01-04,37.00
1972-01-05,39.00
1972-01-06,53.00
1972-01-07,76.00
1972-01-08,73.00
1972-01-09,65.00
1972-01-10,59.00
1972-01-11,41.00
1972-01-12,56.00
1972-01-13,56.00
1972-01-14,59.00
1972-01-15,55.00
1972-01-16,62.00
1972-01-17,57.00
1972-01-18,42.00
1972-01-19,35.00
1972-01-20,51.00
1972-01-21,90.00
1972-01-22,204.00
1972-01-23,95.00
1972-01-24,83.00
1972-01-25,87.00
1972-01-26,88.00
1972-01-27,115.00
1972-01-28,262.00
1972-01-29,377.00
1972-01-30,245.00
1972-01-31,129.00
1972-02-01,118.00
1972-02-02,118.00
1972-02-03,120.00
1972-02-04,142.00
1972-02-05,202.00
1972-02-06,232.00
1972-02-07,239.00
1972-02-08,243.00
1972-02-09,250.00
1972-02-10,256.00
1972-02-11,214.00
1972-02-12,245.00
1972-02-13,427.00
1972-02-14,413.00
1972-02-15,352.00
1972-02-16,306.00
1972-02-17,274.00
1972-02-18,260.00
1972-02-19,230.00
1972-02-20,208.00
1972-02-21,185.00
1972-02-22,165.00
1972-02-23,151.00
1972-02-24,134.00
1972-02-25,118.00
1972-02-26,117.00
1972-02-27,117.00
1972-02-28,100.00
1972-02-29,109.00
1972-03-01,100.00
1972-03-02,82.00
1972-03-03,71.00
1972-03-04,83.00
1972-03-05,155.00
1972-03-06,122.00
1972-03-07,120.00
1972-03-08,107.00
1972-03-09,85.00
1972-03-10,97.00
1972-03-11,91.00
1972-03-12,99.00
1972-03-13,83.00
1972-03-14,66.00
1972-03-15,63.00
1972-03-16,73.00
1972-03-17,57.00
1972-03-18,49.00
1972-03-19,48.00
1972-03-20,59.00
1972-03-21,39.00
1972-03-22,42.00
1972-03-23,39.00
1972-03-24,29.00
1972-03-25,14.00
1972-03-26,30.00
1972-03-27,48.00
1972-03-28,100.00
1972-03-29,202.00
1972-03-30,167.00
1972-03-31,194.00
1972-04-01,131.00
1972-04-02,200.00
1972-04-03,252.00
1972-04-04,235.00
1972-04-05,256.00
1972-04-06,356.00
1972-04-07,361.00
1972-04-08,361.00
1972-04-09,346.00
1972-04-10,354.00
1972-04-11,320.00
1972-04-12,444.00
1972-04-13,462.00
1972-04-14,399.00
1972-04-15,313.00
1972-04-16,358.00
1972-04-17,356.00
1972-04-18,258.00
1972-04-19,268.00
1972-04-20,250.00
1972-04-21,222.00
1972-04-22,202.00
1972-04-23,247.00
1972-04-24,164.00
1972-04-25,145.00
1972-04-26,140.00
1972-04-27,113.00
1972-04-28,104.00
1972-04-29,112.00
1972-04-30,115.00
1972-05-01,111.00
1972-05-02,109.00
1972-05-03,83.00
1972-05-04,83.00
1972-05-05,59.00
1972-05-06,76.00
1972-05-07,76.00
1972-05-08,81.00
1972-05-09,59.00
1972-05-10,51.00
1972-05-11,106.00
1972-05-12,125.00
1972-05-13,137.00
1972-05-14,180.00
1972-05-15,149.00
1972-05-16,120.00
1972-05-17,175.00
1972-05-18,216.00
1972-05-19,226.00
1972-05-20,200.00
1972-05-21,182.00
1972-05-22,144.00
1972-05-23,122.00
1972-05-24,100.00
1972-05-25,79.00
1972-05-26,60.00
1972-05-27,87.00
1972-05-28,282.00
1972-05-29,227.00
1972-05-30,229.00
1972-05-31,182.00
1972-06-01,158.00
1972-06-02,131.00
1972-06-03,93.00
1972-06-04,109.00
1972-06-05,104.00
1972-06-06,112.00
1972-06-07,118.00
1972-06-08,113.00
1972-06-09,88.00
1972-06-10,71.00
1972-06-11,57.00
1972-06-12,53.00
1972-06-13,62.00
1972-06-14,43.00
1972-06-15,56.00
1972-06-16,59.00
1972-06-17,48.00
1972-06-18,43.00
1972-06-19,53.00
1972-06-20,39.00
1972-06-21,28.00
1972-06-22,28.00
1972-06-23,35.00
1972-06-24,32.00
1972-06-25,34.00
1972-06-26,23.00
1972-06-27,10.00
1972-06-28,26.00
1972-06-29,25.00
1972-06-30,31.00
1972-07-01,31.00
1972-07-02,43.00
1972-07-03,46.00
1972-07-04,39.00
1972-07-05,46.00
1972-07-06,90.00
1972-07-07,107.00
1972-07-08,88.00
1972-07-09,78.00
1972-07-10,66.00
1972-07-11,46.00
1972-07-12,26.00
1972-07-13,19.00
1972-07-14,23.00
1972-07-15,25.00
1972-07-16,22.00
1972-07-17,11.00
1972-07-18,13.00
1972-07-19,17.00
1972-07-20,12.00
1972-07-21,15.00
1972-07-22,23.00
1972-07-23,37.00
1972-07-24,65.00
1972-07-25,87.00
1972-07-26,76.00
1972-07-27,43.00
1972-07-28,42.00
1972-07-29,62.00
1972-07-30,51.00
1972-07-31,56.00
1972-08-01,48.00
1972-08-02,36.00
1972-08-03,245.00
1972-08-04,222.00
1972-08-05,145.00
1972-08-06,132.00
1972-08-07,93.00
1972-08-08,48.00
1972-08-09,87.00
1972-08-10,129.00
1972-08-11,71.00
1972-08-12,32.00
1972-08-13,62.00
1972-08-14,95.00
1972-08-15,157.00
1972-08-16,198.00
1972-08-17,147.00
1972-08-18,149.00
1972-08-19,164.00
1972-08-20,175.00
1972-08-21,144.00
1972-08-22,120.00
1972-08-23,90.00
1972-08-24,71.00
1972-08-25,73.00
1972-08-26,100.00
1972-08-27,68.00
1972-08-28,53.00
1972-08-29,48.00
1972-08-30,37.00
1972-08-31,35.00
1972-09-01,25.00
1972-09-02,16.00
1972-09-03,38.00
1972-09-04,30.00
1972-09-05,25.00
1972-09-06,13.00
1972-09-07,11.00
1972-09-08,24.00
1972-09-09,24.00
1972-09-10,49.00
1972-09-11,202.00
1972-09-12,106.00
1972-09-13,52.00
1972-09-14,59.00
1972-09-15,56.00
1972-09-16,27.00
1972-09-17,59.00
1972-09-18,93.00
1972-09-19,71.00
1972-09-20,65.00
1972-09-21,53.00
1972-09-22,46.00
1972-09-23,35.00
1972-09-24,37.00
1972-09-25,24.00
1972-09-26,16.00
1972-09-27,16.00
1972-09-28,11.00
1972-09-29,13.00
1972-09-30,10.00
1972-10-01,10.00
1972-10-02,23.00
1972-10-03,10.00
1972-10-04,10.00
1972-10-05,10.00
1972-10-06,10.00
1972-10-07,10.00
1972-10-08,10.00
1972-10-09,10.00
1972-10-10,10.00
1972-10-11,10.00
1972-10-12,10.00
1972-10-13,10.00
1972-10-14,10.00
1972-10-15,11.00
1972-10-16,10.00
1972-10-17,10.00
1972-10-18,10.00
1972-10-19,10.00
1972-10-20,10.00
1972-10-21,10.00
1972-10-22,10.00
1972-10-23,29.00
1972-10-24,13.00
1972-10-25,10.00
1972-10-26,10.00
1972-10-27,10.00
1972-10-28,10.00
1972-10-29,51.00
1972-10-30,12.00
1972-10-31,10.00
1972-11-01,10.00
1972-11-02,13.00
1972-11-03,10.00
1972-11-04,14.00
1972-11-05,10.00
1972-11-06,10.00
1972-11-07,10.00
1972-11-08,10.00
1972-11-09,10.00
1972-11-10,10.00
1972-11-11,26.00
1972-11-12,66.00
1972-11-13,109.00
1972-11-14,187.00
1972-11-15,144.00
1972-11-16,165.00
1972-11-17,158.00
1972-11-18,348.00
1972-11-19,513.00
1972-11-20,554.00
1972-11-21,893.00
1972-11-22,976.00
1972-11-23,753.00
1972-11-24,624.00
1972-11-25,575.00
1972-11-26,453.00
1972-11-27,350.00
1972-11-28,340.00
1972-11-29,270.00
1972-11-30,239.00
1972-12-01,195.00
1972-12-02,198.00
1972-12-03,178.00
1972-12-04,171.00
1972-12-05,187.00
1972-12-06,180.00
1972-12-07,149.00
1972-12-08,230.00
1972-12-09,224.00
1972-12-10,212.00
1972-12-11,206.00
1972-12-12,191.00
1972-12-13,208.00
1972-12-14,216.00
1972-12-15,220.00
1972-12-16,193.00
1972-12-17,189.00
1972-12-18,142.00
1972-12-19,140.00
1972-12-20,117.00
1972-12-21,115.00
1972-12-22,90.00
1972-12-23,109.00
1972-12-24,111.00
1972-12-25,111.00
1972-12-26,100.00
1972-12-27,78.00
1972-12-28,78.00
1972-12-29,78.00
1972-12-30,82.00
1972-12-31,62.00
1973-01-01,79.00
1973-01-02,68.00
1973-01-03,45.00
1973-01-04,48.00
1973-01-05,59.00
1973-01-06,59.00
1973-01-07,39.00
1973-01-08,60.00
1973-01-09,45.00
1973-01-10,42.00
1973-01-11,29.00
1973-01-12,42.00
1973-01-13,41.00
1973-01-14,36.00
1973-01-15,48.00
1973-01-16,32.00
1973-01-17,32.00
1973-01-18,39.00
1973-01-19,28.00
1973-01-20,34.00
1973-01-21,39.00
1973-01-22,41.00
1973-01-23,43.00
1973-01-24,83.00
1973-01-25,46.00
1973-01-26,51.00
1973-01-27,82.00
1973-01-28,123.00
1973-01-29,144.00
1973-01-30,142.00
1973-01-31,145.00
1973-02-01,206.00
1973-02-02,189.00
1973-02-03,165.00
1973-02-04,147.00
1973-02-05,160.00
1973-02-06,140.00
1973-02-07,112.00
1973-02-08,109.00
1973-02-09,111.00
1973-02-10,160.00
1973-02-11,189.00
1973-02-12,243.00
1973-02-13,544.00
1973-02-14,793.00
1973-02-15,701.00
1973-02-16,570.00
1973-02-17,444.00
1973-02-18,370.00
1973-02-19,390.00
1973-02-20,392.00
1973-02-21,403.00
1973-02-22,417.00
1973-02-23,549.00
1973-02-24,513.00
1973-02-25,469.00
1973-02-26,405.00
1973-02-27,384.00
1973-02-28,287.00
1973-03-01,287.00
1973-03-02,249.00
1973-03-03,230.00
1973-03-04,222.00
1973-03-05,226.00
1973-03-06,204.00
1973-03-07,230.00
1973-03-08,218.00
1973-03-09,198.00
1973-03-10,195.00
1973-03-11,191.00
1973-03-12,165.00
1973-03-13,160.00
1973-03-14,138.00
1973-03-15,140.00
1973-03-16,132.00
1973-03-17,113.00
1973-03-18,106.00
1973-03-19,129.00
1973-03-20,105.00
1973-03-21,111.00
1973-03-22,87.00
1973-03-23,99.00
1973-03-24,90.00
1973-03-25,97.00
1973-03-26,97.00
1973-03-27,87.00
1973-03-28,83.00
1973-03-29,73.00
1973-03-30,87.00
1973-03-31,48.00
1973-04-01,79.00
1973-04-02,85.00
1973-04-03,157.00
1973-04-04,171.00
1973-04-05,134.00
1973-04-06,142.00
1973-04-07,132.00
1973-04-08,118.00
1973-04-09,115.00
1973-04-10,112.00
1973-04-11,85.00
1973-04-12,113.00
1973-04-13,122.00
1973-04-14,127.00
1973-04-15,135.00
1973-04-16,142.00
1973-04-17,132.00
1973-04-18,125.00
1973-04-19,153.00
1973-04-20,206.00
1973-04-21,187.00
1973-04-22,195.00
1973-04-23,194.00
1973-04-24,175.00
1973-04-25,134.00
1973-04-26,109.00
1973-04-27,102.00
1973-04-28,91.00
1973-04-29,123.00
1973-04-30,140.00
1973-05-01,131.00
1973-05-02,256.00
1973-05-03,227.00
1973-05-04,210.00
1973-05-05,372.00
1973-05-06,282.00
1973-05-07,247.00
1973-05-08,268.00
1973-05-09,268.00
1973-05-10,282.00
1973-05-11,256.00
1973-05-12,218.00
1973-05-13,189.00
1973-05-14,157.00
1973-05-15,135.00
1973-05-16,129.00
1973-05-17,104.00
1973-05-18,105.00
1973-05-19,91.00
1973-05-20,120.00
1973-05-21,113.00
1973-05-22,95.00
1973-05-23,131.00
1973-05-24,97.00
1973-05-25,78.00
1973-05-26,90.00
1973-05-27,73.00
1973-05-28,52.00
1973-05-29,56.00
1973-05-30,63.00
1973-05-31,76.00
1973-06-01,104.00
1973-06-02,258.00
1973-06-03,419.00
1973-06-04,249.00
1973-06-05,200.00
1973-06-06,144.00
1973-06-07,102.00
1973-06-08,93.00
1973-06-09,100.00
1973-06-10,53.00
1973-06-11,95.00
1973-06-12,73.00
1973-06-13,70.00
1973-06-14,49.00
1973-06-15,39.00
1973-06-16,55.00
1973-06-17,21.00
1973-06-18,21.00
1973-06-19,23.00
1973-06-20,10.00
1973-06-21,36.00
1973-06-22,23.00
1973-06-23,21.00
1973-06-24,13.00
1973-06-25,31.00
1973-06-26,11.00
1973-06-27,10.00
1973-06-28,19.00
1973-06-29,10.00
1973-06-30,10.00
1973-07-01,10.00
1973-07-02,10.00
1973-07-03,10.00
1973-07-04,10.00
1973-07-05,10.00
1973-07-06,10.00
1973-07-07,11.00
1973-07-08,10.00
1973-07-09,23.00
1973-07-10,10.00
1973-07-11,10.00
1973-07-12,10.00
1973-07-13,10.00
1973-07-14,19.00
1973-07-15,10.00
1973-07-16,22.00
1973-07-17,13.00
1973-07-18,10.00
1973-07-19,10.00
1973-07-20,10.00
1973-07-21,10.00
1973-07-22,25.00
1973-07-23,17.00
1973-07-24,10.00
1973-07-25,10.00
1973-07-26,10.00
1973-07-27,10.00
1973-07-28,26.00
1973-07-29,10.00
1973-07-30,10.00
1973-07-31,10.00
1973-08-01,10.00
1973-08-02,10.00
1973-08-03,10.00
1973-08-04,10.00
1973-08-05,10.00
1973-08-06,10.00
1973-08-07,11.00
1973-08-08,10.00
1973-08-09,10.00
1973-08-10,10.00
1973-08-11,10.00
1973-08-12,10.00
1973-08-13,10.00
1973-08-14,10.00
1973-08-15,10.00
1973-08-16,10.00
1973-08-17,10.00
1973-08-18,10.00
1973-08-19,10.00
1973-08-20,10.00
1973-08-21,10.00
1973-08-22,10.00
1973-08-23,10.00
1973-08-24,10.00
1973-08-25,10.00
1973-08-26,10.00
1973-08-27,10.00
1973-08-28,10.00
1973-08-29,10.00
1973-08-30,10.00
1973-08-31,10.00
1973-09-01,10.00
1973-09-02,10.00
1973-09-03,10.00
1973-09-04,10.00
1973-09-05,10.00
1973-09-06,10.00
1973-09-07,10.00
1973-09-08,10.00
1973-09-09,10.00
1973-09-10,10.00
1973-09-11,10.00
1973-09-12,10.00
1973-09-13,10.00
1973-09-14,10.00
1973-09-15,10.00
1973-09-16,10.00
1973-09-17,10.00
1973-09-18,10.00
1973-09-19,10.00
1973-09-20,10.00
1973-09-21,10.00
1973-09-22,10.00
1973-09-23,10.00
1973-09-24,10.00
1973-09-25,10.00
1973-09-26,10.00
1973-09-27,10.00
1973-09-28,10.00
1973-09-29,10.00
1973-09-30,10.00
1973-10-01,29.00
1973-10-02,10.00
1973-10-03,10.00
1973-10-04,10.00
1973-10-05,10.00
1973-10-06,10.00
1973-10-07,10.00
1973-10-08,10.00
1973-10-09,10.00
1973-10-10,10.00
1973-10-11,10.00
1973-10-12,10.00
1973-10-13,10.00
1973-10-14,10.00
1973-10-15,10.00
1973-10-16,10.00
1973-10-17,39.00
1973-10-18,38.00
1973-10-19,22.00
1973-10-20,35.00
1973-10-21,23.00
1973-10-22,56.00
1973-10-23,63.00
1973-10-24,25.00
1973-10-25,10.00
1973-10-26,45.00
1973-10-27,10.00
1973-10-28,10.00
1973-10-29,10.00
1973-10-30,10.00
1973-10-31,10.00
1973-11-01,10.00
1973-11-02,10.00
1973-11-03,10.00
1973-11-04,10.00
1973-11-05,10.00
1973-11-06,122.00
1973-11-07,52.00
1973-11-08,56.00
1973-11-09,31.00
1973-11-10,10.00
1973-11-11,13.00
1973-11-12,19.00
1973-11-13,16.00
1973-11-14,29.00
1973-11-15,51.00
1973-11-16,157.00
1973-11-17,202.00
1973-11-18,187.00
1973-11-19,151.00
1973-11-20,157.00
1973-11-21,95.00
1973-11-22,83.00
1973-11-23,71.00
1973-11-24,76.00
1973-11-25,62.00
1973-11-26,46.00
1973-11-27,59.00
1973-11-28,63.00
1973-11-29,38.00
1973-11-30,59.00
1973-12-01,48.00
1973-12-02,46.00
1973-12-03,41.00
1973-12-04,53.00
1973-12-05,208.00
1973-12-06,447.00
1973-12-07,451.00
1973-12-08,379.00
1973-12-09,477.00
1973-12-10,403.00
1973-12-11,342.00
1973-12-12,270.00
1973-12-13,297.00
1973-12-14,444.00
1973-12-15,533.00
1973-12-16,484.00
1973-12-17,513.00
1973-12-18,587.00
1973-12-19,469.00
1973-12-20,413.00
1973-12-21,315.00
1973-12-22,324.00
1973-12-23,361.00
1973-12-24,480.00
1973-12-25,595.00
1973-12-26,593.00
1973-12-27,535.00
1973-12-28,447.00
1973-12-29,401.00
1973-12-30,334.00
1973-12-31,328.00
1974-01-01,251.00
1974-01-02,253.00
1974-01-03,215.00
1974-01-04,186.00
1974-01-05,192.00
1974-01-06,177.00
1974-01-07,185.00
1974-01-08,185.00
1974-01-09,209.00
1974-01-10,231.00
1974-01-11,246.00
1974-01-12,244.00
1974-01-13,230.00
1974-01-14,263.00
1974-01-15,343.00
1974-01-16,318.00
1974-01-17,335.00
1974-01-18,391.00
1974-01-19,412.00
1974-01-20,408.00
1974-01-21,373.00
1974-01-22,296.00
1974-01-23,304.00
1974-01-24,288.00
1974-01-25,292.00
1974-01-26,285.00
1974-01-27,269.00
1974-01-28,253.00
1974-01-29,275.00
1974-01-30,434.00
1974-01-31,385.00
1974-02-01,321.00
1974-02-02,294.00
1974-02-03,277.00
1974-02-04,230.00
1974-02-05,233.00
1974-02-06,323.00
1974-02-07,564.00
1974-02-08,646.00
1974-02-09,665.00
1974-02-10,815.00
1974-02-11,792.00
1974-02-12,689.00
1974-02-13,634.00
1974-02-14,564.00
1974-02-15,492.00
1974-02-16,395.00
1974-02-17,371.00
1974-02-18,312.00
1974-02-19,253.00
1974-02-20,281.00
1974-02-21,228.00
1974-02-22,203.00
1974-02-23,199.00
1974-02-24,201.00
1974-02-25,195.00
1974-02-26,161.00
1974-02-27,146.00
1974-02-28,141.00
1974-03-01,143.00
1974-03-02,145.00
1974-03-03,156.00
1974-03-04,148.00
1974-03-05,128.00
1974-03-06,135.00
1974-03-07,133.00
1974-03-08,126.00
1974-03-09,82.00
1974-03-10,123.00
1974-03-11,119.00
1974-03-12,86.00
1974-03-13,158.00
1974-03-14,161.00
1974-03-15,183.00
1974-03-16,185.00
1974-03-17,181.00
1974-03-18,251.00
1974-03-19,510.00
1974-03-20,516.00
1974-03-21,560.00
1974-03-22,672.00
1974-03-23,584.00
1974-03-24,483.00
1974-03-25,420.00
1974-03-26,389.00
1974-03-27,393.00
1974-03-28,378.00
1974-03-29,261.00
1974-03-30,335.00
1974-03-31,269.00
1974-04-01,265.00
1974-04-02,225.00
1974-04-03,211.00
1974-04-04,183.00
1974-04-05,163.00
1974-04-06,141.00
1974-04-07,135.00
1974-04-08,141.00
1974-04-09,130.00
1974-04-10,100.00
1974-04-11,101.00
1974-04-12,92.00
1974-04-13,112.00
1974-04-14,107.00
1974-04-15,108.00
1974-04-16,88.00
1974-04-17,54.00
1974-04-18,79.00
1974-04-19,64.00
1974-04-20,60.00
1974-04-21,57.00
1974-04-22,67.00
1974-04-23,54.00
1974-04-24,27.00
1974-04-25,56.00
1974-04-26,58.00
1974-04-27,50.00
1974-04-28,57.00
1974-04-29,69.00
1974-04-30,69.00
1974-05-01,61.00
1974-05-02,64.00
1974-05-03,31.00
1974-05-04,40.00
1974-05-05,43.00
1974-05-06,56.00
1974-05-07,37.00
1974-05-08,42.00
1974-05-09,36.00
1974-05-10,25.00
1974-05-11,37.00
1974-05-12,33.00
1974-05-13,35.00
1974-05-14,36.00
1974-05-15,38.00
1974-05-16,36.00
1974-05-17,31.00
1974-05-18,21.00
1974-05-19,25.00
1974-05-20,24.00
1974-05-21,10.00
1974-05-22,13.00
1974-05-23,11.00
1974-05-24,37.00
1974-05-25,35.00
1974-05-26,16.00
1974-05-27,27.00
1974-05-28,22.00
1974-05-29,10.00
1974-05-30,10.00
1974-05-31,10.00
1974-06-01,12.00
1974-06-02,13.00
1974-06-03,24.00
1974-06-04,16.00
1974-06-05,10.00
1974-06-06,10.00
1974-06-07,10.00
1974-06-08,10.00
1974-06-09,17.00
1974-06-10,17.00
1974-06-11,10.00
1974-06-12,10.00
1974-06-13,10.00
1974-06-14,10.00
1974-06-15,10.00
1974-06-16,10.00
1974-06-17,15.00
1974-06-18,33.00
1974-06-19,10.00
1974-06-20,10.00
1974-06-21,10.00
1974-06-22,10.00
1974-06-23,10.00
1974-06-24,10.00
1974-06-25,10.00
1974-06-26,10.00
1974-06-27,10.00
1974-06-28,10.00
1974-06-29,13.00
1974-06-30,14.00
1974-07-01,43.00
1974-07-02,27.00
1974-07-03,10.00
1974-07-04,43.00
1974-07-05,29.00
1974-07-06,10.00
1974-07-07,12.00
1974-07-08,10.00
1974-07-09,10.00
1974-07-10,10.00
1974-07-11,10.00
1974-07-12,10.00
1974-07-13,10.00
1974-07-14,64.00
1974-07-15,37.00
1974-07-16,20.00
1974-07-17,26.00
1974-07-18,10.00
1974-07-19,10.00
1974-07-20,27.00
1974-07-21,21.00
1974-07-22,21.00
1974-07-23,10.00
1974-07-24,20.00
1974-07-25,30.00
1974-07-26,29.00
1974-07-27,17.00
1974-07-28,10.00
1974-07-29,11.00
1974-07-30,10.00
1974-07-31,10.00
1974-08-01,10.00
1974-08-02,10.00
1974-08-03,10.00
1974-08-04,27.00
1974-08-05,40.00
1974-08-06,10.00
1974-08-07,10.00
1974-08-08,10.00
1974-08-09,12.00
1974-08-10,22.00
1974-08-11,156.00
1974-08-12,244.00
1974-08-13,123.00
1974-08-14,43.00
1974-08-15,27.00
1974-08-16,27.00
1974-08-17,10.00
1974-08-18,11.00
1974-08-19,14.00
1974-08-20,10.00
1974-08-21,10.00
1974-08-22,10.00
1974-08-23,10.00
1974-08-24,10.00
1974-08-25,10.00
1974-08-26,10.00
1974-08-27,10.00
1974-08-28,10.00
1974-08-29,10.00
1974-08-30,10.00
1974-08-31,10.00
1974-09-01,10.00
1974-09-02,10.00
1974-09-03,10.00
1974-09-04,10.00
1974-09-05,10.00
1974-09-06,13.00
1974-09-07,107.00
1974-09-08,69.00
1974-09-09,10.00
1974-09-10,27.00
1974-09-11,10.00
1974-09-12,10.00
1974-09-13,10.00
1974-09-14,10.00
1974-09-15,10.00
1974-09-16,10.00
1974-09-17,16.00
1974-09-18,10.00
1974-09-19,17.00
1974-09-20,10.00
1974-09-21,10.00
1974-09-22,10.00
1974-09-23,69.00
1974-09-24,10.00
1974-09-25,12.00
1974-09-26,67.00
1974-09-27,107.00
1974-09-28,141.00
1974-09-29,84.00
1974-09-30,98.00
1974-10-01,105.00
1974-10-02,107.00
1974-10-03,96.00
1974-10-04,64.00
1974-10-05,60.00
1974-10-06,40.00
1974-10-07,66.00
1974-10-08,234.00
1974-10-09,408.00
1974-10-10,408.00
1974-10-11,345.00
1974-10-12,285.00
1974-10-13,310.00
1974-10-14,347.00
1974-10-15,300.00
1974-10-16,273.00
1974-10-17,196.00
1974-10-18,132.00
1974-10-19,233.00
1974-10-20,397.00
1974-10-21,601.00
1974-10-22,619.00
1974-10-23,775.00
1974-10-24,999.00
1974-10-25,802.00
1974-10-26,648.00
1974-10-27,560.00
1974-10-28,581.00
1974-10-29,702.00
1974-10-30,888.00
1974-10-31,784.00
1974-11-01,621.00
1974-11-02,555.00
1974-11-03,492.00
1974-11-04,499.00
1974-11-05,606.00
1974-11-06,548.00
1974-11-07,470.00
1974-11-08,380.00
1974-11-09,351.00
1974-11-10,341.00
1974-11-11,347.00
1974-11-12,331.00
1974-11-13,343.00
1974-11-14,337.00
1974-11-15,321.00
1974-11-16,389.00
1974-11-17,578.00
1974-11-18,504.00
1974-11-19,448.00
1974-11-20,369.00
1974-11-21,355.00
1974-11-22,351.00
1974-11-23,601.00
1974-11-24,694.00
1974-11-25,699.00
1974-11-26,611.00
1974-11-27,519.00
1974-11-28,507.00
1974-11-29,623.00
1974-11-30,692.00
1974-12-01,903.00
1974-12-02,888.00
1974-12-03,749.00
1974-12-04,660.00
1974-12-05,584.00
1974-12-06,550.00
1974-12-07,531.00
1974-12-08,586.00
1974-12-09,571.00
1974-12-10,483.00
1974-12-11,476.00
1974-12-12,772.00
1974-12-13,844.00
1974-12-14,939.00
1974-12-15,833.00
1974-12-16,744.00
1974-12-17,810.00
1974-12-18,1241.00
1974-12-19,1130.00
1974-12-20,942.00
1974-12-21,775.00
1974-12-22,648.00
1974-12-23,576.00
1974-12-24,519.00
1974-12-25,592.00
1974-12-26,658.00
1974-12-27,833.00
1974-12-28,864.00
1974-12-29,860.00
1974-12-30,883.00
1974-12-31,844.00
1975-01-01,801.00
1975-01-02,661.00
1975-01-03,570.00
1975-01-04,510.00
1975-01-05,462.00
1975-01-06,428.00
1975-01-07,375.00
1975-01-08,444.00
1975-01-09,403.00
1975-01-10,379.00
1975-01-11,317.00
1975-01-12,333.00
1975-01-13,319.00
1975-01-14,289.00
1975-01-15,260.00
1975-01-16,250.00
1975-01-17,277.00
1975-01-18,320.00
1975-01-19,313.00
1975-01-20,314.00
1975-01-21,281.00
1975-01-22,285.00
1975-01-23,363.00
1975-01-24,468.00
1975-01-25,452.00
1975-01-26,522.00
1975-01-27,551.00
1975-01-28,720.00
1975-01-29,936.00
1975-01-30,1014.00
1975-01-31,949.00
1975-02-01,883.00
1975-02-02,783.00
1975-02-03,693.00
1975-02-04,601.00
1975-02-05,525.00
1975-02-06,507.00
1975-02-07,451.00
1975-02-08,371.00
1975-02-09,319.00
1975-02-10,325.00
1975-02-11,280.00
1975-02-12,264.00
1975-02-13,263.00
1975-02-14,246.00
1975-02-15,248.00
1975-02-16,243.00
1975-02-17,233.00
1975-02-18,205.00
1975-02-19,201.00
1975-02-20,241.00
1975-02-21,205.00
1975-02-22,208.00
1975-02-23,181.00
1975-02-24,195.00
1975-02-25,154.00
1975-02-26,159.00
1975-02-27,154.00
1975-02-28,141.00
1975-03-01,144.00
1975-03-02,149.00
1975-03-03,150.00
1975-03-04,137.00
1975-03-05,138.00
1975-03-06,151.00
1975-03-07,155.00
1975-03-08,224.00
1975-03-09,267.00
1975-03-10,238.00
1975-03-11,202.00
1975-03-12,207.00
1975-03-13,208.00
1975-03-14,182.00
1975-03-15,176.00
1975-03-16,192.00
1975-03-17,188.00
1975-03-18,175.00
1975-03-19,188.00
1975-03-20,267.00
1975-03-21,349.00
1975-03-22,366.00
1975-03-23,456.00
1975-03-24,511.00
1975-03-25,524.00
1975-03-26,503.00
1975-03-27,513.00
1975-03-28,794.00
1975-03-29,918.00
1975-03-30,807.00
1975-03-31,666.00
1975-04-01,506.00
1975-04-02,474.00
1975-04-03,469.00
1975-04-04,487.00
1975-04-05,479.00
1975-04-06,438.00
1975-04-07,393.00
1975-04-08,379.00
1975-04-09,381.00
1975-04-10,332.00
1975-04-11,350.00
1975-04-12,353.00
1975-04-13,349.00
1975-04-14,348.00
1975-04-15,363.00
1975-04-16,409.00
1975-04-17,427.00
1975-04-18,397.00
1975-04-19,366.00
1975-04-20,394.00
1975-04-21,373.00
1975-04-22,322.00
1975-04-23,307.00
1975-04-24,228.00
1975-04-25,226.00
1975-04-26,215.00
1975-04-27,187.00
1975-04-28,192.00
1975-04-29,165.00
1975-04-30,176.00
1975-05-01,174.00
1975-05-02,159.00
1975-05-03,153.00
1975-05-04,157.00
1975-05-05,164.00
1975-05-06,133.00
1975-05-07,144.00
1975-05-08,160.00
1975-05-09,144.00
1975-05-10,148.00
1975-05-11,157.00
1975-05-12,123.00
1975-05-13,123.00
1975-05-14,112.00
1975-05-15,103.00
1975-05-16,99.00
1975-05-17,85.00
1975-05-18,111.00
1975-05-19,107.00
1975-05-20,94.00
1975-05-21,75.00
1975-05-22,74.00
1975-05-23,70.00
1975-05-24,48.00
1975-05-25,72.00
1975-05-26,76.00
1975-05-27,64.00
1975-05-28,64.00
1975-05-29,52.00
1975-05-30,58.00
1975-05-31,66.00
1975-06-01,76.00
1975-06-02,84.00
1975-06-03,68.00
1975-06-04,69.00
1975-06-05,57.00
1975-06-06,53.00
1975-06-07,32.00
1975-06-08,57.00
1975-06-09,58.00
1975-06-10,31.00
1975-06-11,32.00
1975-06-12,35.00
1975-06-13,39.00
1975-06-14,32.00
1975-06-15,30.00
1975-06-16,46.00
1975-06-17,28.00
1975-06-18,69.00
1975-06-19,70.00
1975-06-20,38.00
1975-06-21,53.00
1975-06-22,58.00
1975-06-23,69.00
1975-06-24,55.00
1975-06-25,57.00
1975-06-26,46.00
1975-06-27,56.00
1975-06-28,41.00
1975-06-29,52.00
1975-06-30,41.00
1975-07-01,15.00
1975-07-02,36.00
1975-07-03,20.00
1975-07-04,16.00
1975-07-05,95.00
1975-07-06,56.00
1975-07-07,39.00
1975-07-08,27.00
1975-07-09,86.00
1975-07-10,61.00
1975-07-11,38.00
1975-07-12,74.00
1975-07-13,32.00
1975-07-14,50.00
1975-07-15,38.00
1975-07-16,36.00
1975-07-17,23.00
1975-07-18,37.00
1975-07-19,34.00
1975-07-20,56.00
1975-07-21,70.00
1975-07-22,43.00
1975-07-23,32.00
1975-07-24,25.00
1975-07-25,30.00
1975-07-26,14.00
1975-07-27,23.00
1975-07-28,28.00
1975-07-29,10.00
1975-07-30,10.00
1975-07-31,10.00
1975-08-01,15.00
1975-08-02,23.00
1975-08-03,29.00
1975-08-04,15.00
1975-08-05,10.00
1975-08-06,15.00
1975-08-07,12.00
1975-08-08,10.00
1975-08-09,10.00
1975-08-10,10.00
1975-08-11,26.00
1975-08-12,17.00
1975-08-13,10.00
1975-08-14,10.00
1975-08-15,10.00
1975-08-16,15.00
1975-08-17,10.00
1975-08-18,33.00
1975-08-19,10.00
1975-08-20,10.00
1975-08-21,10.00
1975-08-22,28.00
1975-08-23,32.00
1975-08-24,12.00
1975-08-25,29.00
1975-08-26,17.00
1975-08-27,16.00
1975-08-28,10.00
1975-08-29,10.00
1975-08-30,10.00
1975-08-31,10.00
1975-09-01,10.00
1975-09-02,10.00
1975-09-03,10.00
1975-09-04,10.00
1975-09-05,10.00
1975-09-06,10.00
1975-09-07,11.00
1975-09-08,10.00
1975-09-09,10.00
1975-09-10,10.00
1975-09-11,10.00
1975-09-12,11.00
1975-09-13,17.00
1975-09-14,31.00
1975-09-15,58.00
1975-09-16,10.00
1975-09-17,19.00
1975-09-18,10.00
1975-09-19,10.00
1975-09-20,13.00
1975-09-21,19.00
1975-09-22,15.00
1975-09-23,10.00
1975-09-24,10.00
1975-09-25,12.00
1975-09-26,41.00
1975-09-27,71.00
1975-09-28,41.00
1975-09-29,63.00
1975-09-30,56.00
1975-10-01,60.00
1975-10-02,34.00
1975-10-03,10.00
1975-10-04,19.00
1975-10-05,22.00
1975-10-06,17.00
1975-10-07,21.00
1975-10-08,13.00
1975-10-09,12.00
1975-10-10,27.00
1975-10-11,10.00
1975-10-12,10.00
1975-10-13,10.00
1975-10-14,10.00
1975-10-15,10.00
1975-10-16,10.00
1975-10-17,18.00
1975-10-18,32.00
1975-10-19,35.00
1975-10-20,10.00
1975-10-21,20.00
1975-10-22,10.00
1975-10-23,10.00
1975-10-24,19.00
1975-10-25,18.00
1975-10-26,10.00
1975-10-27,14.00
1975-10-28,10.00
1975-10-29,10.00
1975-10-30,10.00
1975-10-31,10.00
1975-11-01,10.00
1975-11-02,18.00
1975-11-03,10.00
1975-11-04,10.00
1975-11-05,10.00
1975-11-06,10.00
1975-11-07,10.00
1975-11-08,10.00
1975-11-09,10.00
1975-11-10,10.00
1975-11-11,10.00
1975-11-12,17.00
1975-11-13,10.00
1975-11-14,10.00
1975-11-15,10.00
1975-11-16,31.00
1975-11-17,130.00
1975-11-18,109.00
1975-11-19,78.00
1975-11-20,106.00
1975-11-21,185.00
1975-11-22,143.00
1975-11-23,114.00
1975-11-24,72.00
1975-11-25,96.00
1975-11-26,99.00
1975-11-27,103.00
1975-11-28,156.00
1975-11-29,261.00
1975-11-30,338.00
1975-12-01,208.00
1975-12-02,206.00
1975-12-03,257.00
1975-12-04,246.00
1975-12-05,229.00
1975-12-06,192.00
1975-12-07,184.00
1975-12-08,192.00
1975-12-09,166.00
1975-12-10,168.00
1975-12-11,132.00
1975-12-12,86.00
1975-12-13,110.00
1975-12-14,94.00
1975-12-15,95.00
1975-12-16,76.00
1975-12-17,31.00
1975-12-18,66.00
1975-12-19,56.00
1975-12-20,50.00
1975-12-21,70.00
1975-12-22,55.00
1975-12-23,38.00
1975-12-24,65.00
1975-12-25,72.00
1975-12-26,73.00
1975-12-27,64.00
1975-12-28,71.00
1975-12-29,82.00
1975-12-30,62.00
1975-12-31,61.00
1976-01-01,87.00
1976-01-02,116.00
1976-01-03,234.00
1976-01-04,199.00
1976-01-05,181.00
1976-01-06,165.00
1976-01-07,192.00
1976-01-08,159.00
1976-01-09,115.00
1976-01-10,146.00
1976-01-11,198.00
1976-01-12,257.00
1976-01-13,215.00
1976-01-14,238.00
1976-01-15,239.00
1976-01-16,213.00
1976-01-17,242.00
1976-01-18,222.00
1976-01-19,203.00
1976-01-20,179.00
1976-01-21,270.00
1976-01-22,286.00
1976-01-23,349.00
1976-01-24,343.00
1976-01-25,383.00
1976-01-26,341.00
1976-01-27,280.00
1976-01-28,299.00
1976-01-29,237.00
1976-01-30,207.00
1976-01-31,178.00
1976-02-01,187.00
1976-02-02,175.00
1976-02-03,151.00
1976-02-04,130.00
1976-02-05,128.00
1976-02-06,129.00
1976-02-07,128.00
1976-02-08,122.00
1976-02-09,115.00
1976-02-10,142.00
1976-02-11,183.00
1976-02-12,220.00
1976-02-13,374.00
1976-02-14,619.00
1976-02-15,542.00
1976-02-16,432.00
1976-02-17,309.00
1976-02-18,308.00
1976-02-19,294.00
1976-02-20,272.00
1976-02-21,285.00
1976-02-22,302.00
1976-02-23,278.00
1976-02-24,275.00
1976-02-25,241.00
1976-02-26,234.00
1976-02-27,200.00
1976-02-28,198.00
1976-02-29,180.00
1976-03-01,180.00
1976-03-02,136.00
1976-03-03,154.00
1976-03-04,140.00
1976-03-05,125.00
1976-03-06,123.00
1976-03-07,122.00
1976-03-08,97.00
1976-03-09,99.00
1976-03-10,92.00
1976-03-11,88.00
1976-03-12,82.00
1976-03-13,86.00
1976-03-14,105.00
1976-03-15,99.00
1976-03-16,89.00
1976-03-17,85.00
1976-03-18,88.00
1976-03-19,94.00
1976-03-20,89.00
1976-03-21,89.00
1976-03-22,89.00
1976-03-23,60.00
1976-03-24,58.00
1976-03-25,68.00
1976-03-26,77.00
1976-03-27,122.00
1976-03-28,141.00
1976-03-29,123.00
1976-03-30,110.00
1976-03-31,96.00
1976-04-01,90.00
1976-04-02,69.00
1976-04-03,74.00
1976-04-04,79.00
1976-04-05,77.00
1976-04-06,74.00
1976-04-07,61.00
1976-04-08,66.00
1976-04-09,60.00
1976-04-10,57.00
1976-04-11,59.00
1976-04-12,64.00
1976-04-13,45.00
1976-04-14,41.00
1976-04-15,50.00
1976-04-16,50.00
1976-04-17,52.00
1976-04-18,64.00
1976-04-19,67.00
1976-04-20,52.00
1976-04-21,19.00
1976-04-22,23.00
1976-04-23,22.00
1976-04-24,25.00
1976-04-25,30.00
1976-04-26,45.00
1976-04-27,30.00
1976-04-28,16.00
1976-04-29,15.00
1976-04-30,17.00
1976-05-01,18.00
1976-05-02,42.00
1976-05-03,31.00
1976-05-04,20.00
1976-05-05,14.00
1976-05-06,22.00
1976-05-07,17.00
1976-05-08,10.00
1976-05-09,10.00
1976-05-10,30.00
1976-05-11,10.00
1976-05-12,10.00
1976-05-13,10.00
1976-05-14,10.00
1976-05-15,10.00
1976-05-16,11.00
1976-05-17,15.00
1976-05-18,10.00
1976-05-19,10.00
1976-05-20,10.00
1976-05-21,10.00
1976-05-22,28.00
1976-05-23,30.00
1976-05-24,13.00
1976-05-25,10.00
1976-05-26,10.00
1976-05-27,15.00
1976-05-28,27.00
1976-05-29,10.00
1976-05-30,10.00
1976-05-31,18.00
1976-06-01,10.00
1976-06-02,12.00
1976-06-03,10.00
1976-06-04,10.00
1976-06-05,10.00
1976-06-06,10.00
1976-06-07,20.00
1976-06-08,12.00
1976-06-09,10.00
1976-06-10,10.00
1976-06-11,10.00
1976-06-12,10.00
1976-06-13,10.00
1976-06-14,10.00
1976-06-15,10.00
1976-06-16,10.00
1976-06-17,10.00
1976-06-18,10.00
1976-06-19,10.00
1976-06-20,10.00
1976-06-21,10.00
1976-06-22,10.00
1976-06-23,10.00
1976-06-24,10.00
1976-06-25,10.00
1976-06-26,10.00
1976-06-27,10.00
1976-06-28,10.00
1976-06-29,10.00
1976-06-30,10.00
1976-07-01,10.00
1976-07-02,10.00
1976-07-03,10.00
1976-07-04,10.00
1976-07-05,10.00
1976-07-06,10.00
1976-07-07,10.00
1976-07-08,10.00
1976-07-09,10.00
1976-07-10,10.00
1976-07-11,10.00
1976-07-12,10.00
1976-07-13,10.00
1976-07-14,10.00
1976-07-15,10.00
1976-07-16,10.00
1976-07-17,10.00
1976-07-18,10.00
1976-07-19,10.00
1976-07-20,10.00
1976-07-21,44.00
1976-07-22,13.00
1976-07-23,10.00
1976-07-24,10.00
1976-07-25,10.00
1976-07-26,10.00
1976-07-27,10.00
1976-07-28,10.00
1976-07-29,10.00
1976-07-30,10.00
1976-07-31,10.00
1976-08-01,10.00
1976-08-02,10.00
1976-08-03,10.00
1976-08-04,10.00
1976-08-05,10.00
1976-08-06,10.00
1976-08-07,10.00
1976-08-08,10.00
1976-08-09,10.00
1976-08-10,10.00
1976-08-11,10.00
1976-08-12,10.00
1976-08-13,10.00
1976-08-14,10.00
1976-08-15,10.00
1976-08-16,10.00
1976-08-17,10.00
1976-08-18,10.00
1976-08-19,10.00
1976-08-20,10.00
1976-08-21,10.00
1976-08-22,10.00
1976-08-23,10.00
1976-08-24,10.00
1976-08-25,10.00
1976-08-26,10.00
1976-08-27,10.00
1976-08-28,10.00
1976-08-29,10.00
1976-08-30,10.00
1976-08-31,10.00
1976-09-01,10.00
1976-09-02,10.00
1976-09-03,10.00
1976-09-04,10.00
1976-09-05,10.00
1976-09-06,10.00
1976-09-07,10.00
1976-09-08,10.00
1976-09-09,10.00
1976-09-10,10.00
1976-09-11,10.00
1976-09-12,10.00
1976-09-13,10.00
1976-09-14,10.00
1976-09-15,10.00
1976-09-16,10.00
1976-09-17,10.00
1976-09-18,10.00
1976-09-19,10.00
1976-09-20,10.00
1976-09-21,10.00
1976-09-22,10.00
1976-09-23,10.00
1976-09-24,10.00
1976-09-25,10.00
1976-09-26,10.00
1976-09-27,10.00
1976-09-28,10.00
1976-09-29,10.00
1976-09-30,10.00
1976-10-01,10.00
1976-10-02,10.00
1976-10-03,10.00
1976-10-04,10.00
1976-10-05,10.00
1976-10-06,10.00
1976-10-07,10.00
1976-10-08,10.00
1976-10-09,10.00
1976-10-10,10.00
1976-10-11,10.00
1976-10-12,10.00
1976-10-13,10.00
1976-10-14,10.00
1976-10-15,10.00
1976-10-16,10.00
1976-10-17,10.00
1976-10-18,10.00
1976-10-19,10.00
1976-10-20,10.00
1976-10-21,10.00
1976-10-22,10.00
1976-10-23,10.00
1976-10-24,10.00
1976-10-25,10.00
1976-10-26,10.00
1976-10-27,10.00
1976-10-28,10.00
1976-10-29,10.00
1976-10-30,10.00
1976-10-31,10.00
1976-11-01,10.00
1976-11-02,10.00
1976-11-03,23.00
1976-11-04,26.00
1976-11-05,10.00
1976-11-06,10.00
1976-11-07,23.00
1976-11-08,16.00
1976-11-09,10.00
1976-11-10,10.00
1976-11-11,14.00
1976-11-12,32.00
1976-11-13,20.00
1976-11-14,39.00
1976-11-15,31.00
1976-11-16,10.00
1976-11-17,10.00
1976-11-18,10.00
1976-11-19,10.00
1976-11-20,10.00
1976-11-21,10.00
1976-11-22,11.00
1976-11-23,10.00
1976-11-24,10.00
1976-11-25,10.00
1976-11-26,15.00
1976-11-27,10.00
1976-11-28,12.00
1976-11-29,19.00
1976-11-30,58.00
1976-12-01,210.00
1976-12-02,224.00
1976-12-03,221.00
1976-12-04,189.00
1976-12-05,158.00
1976-12-06,161.00
1976-12-07,166.00
1976-12-08,178.00
1976-12-09,203.00
1976-12-10,216.00
1976-12-11,215.00
1976-12-12,216.00
1976-12-13,179.00
1976-12-14,159.00
1976-12-15,156.00
1976-12-16,82.00
1976-12-17,125.00
1976-12-18,91.00
1976-12-19,94.00
1976-12-20,82.00
1976-12-21,81.00
1976-12-22,86.00
1976-12-23,87.00
1976-12-24,78.00
1976-12-25,96.00
1976-12-26,78.00
1976-12-27,58.00
1976-12-28,38.00
1976-12-29,54.00
1976-12-30,24.00
1976-12-31,40.00
1977-01-01,62.00
1977-01-02,117.00
1977-01-03,96.00
1977-01-04,97.00
1977-01-05,113.00
1977-01-06,99.00
1977-01-07,122.00
1977-01-08,75.00
1977-01-09,112.00
1977-01-10,135.00
1977-01-11,233.00
1977-01-12,210.00
1977-01-13,174.00
1977-01-14,151.00
1977-01-15,186.00
1977-01-16,231.00
1977-01-17,232.00
1977-01-18,184.00
1977-01-19,198.00
1977-01-20,152.00
1977-01-21,140.00
1977-01-22,137.00
1977-01-23,282.00
1977-01-24,370.00
1977-01-25,462.00
1977-01-26,607.00
1977-01-27,743.00
1977-01-28,743.00
1977-01-29,666.00
1977-01-30,582.00
1977-01-31,490.00
1977-02-01,404.00
1977-02-02,364.00
1977-02-03,343.00
1977-02-04,294.00
1977-02-05,338.00
1977-02-06,422.00
1977-02-07,436.00
1977-02-08,463.00
1977-02-09,480.00
1977-02-10,497.00
1977-02-11,543.00
1977-02-12,557.00
1977-02-13,580.00
1977-02-14,560.00
1977-02-15,552.00
1977-02-16,524.00
1977-02-17,508.00
1977-02-18,541.00
1977-02-19,572.00
1977-02-20,707.00
1977-02-21,1050.00
1977-02-22,1186.00
1977-02-23,1073.00
1977-02-24,967.00
1977-02-25,852.00
1977-02-26,769.00
1977-02-27,777.00
1977-02-28,720.00
1977-03-01,617.00
1977-03-02,497.00
1977-03-03,427.00
1977-03-04,344.00
1977-03-05,331.00
1977-03-06,289.00
1977-03-07,260.00
1977-03-08,226.00
1977-03-09,211.00
1977-03-10,196.00
1977-03-11,199.00
1977-03-12,194.00
1977-03-13,219.00
1977-03-14,190.00
1977-03-15,183.00
1977-03-16,188.00
1977-03-17,172.00
1977-03-18,159.00
1977-03-19,152.00
1977-03-20,164.00
1977-03-21,205.00
1977-03-22,222.00
1977-03-23,234.00
1977-03-24,202.00
1977-03-25,204.00
1977-03-26,185.00
1977-03-27,183.00
1977-03-28,189.00
1977-03-29,184.00
1977-03-30,175.00
1977-03-31,158.00
1977-04-01,149.00
1977-04-02,223.00
1977-04-03,375.00
1977-04-04,585.00
1977-04-05,566.00
1977-04-06,510.00
1977-04-07,423.00
1977-04-08,356.00
1977-04-09,322.00
1977-04-10,281.00
1977-04-11,267.00
1977-04-12,238.00
1977-04-13,287.00
1977-04-14,371.00
1977-04-15,365.00
1977-04-16,361.00
1977-04-17,346.00
1977-04-18,290.00
1977-04-19,250.00
1977-04-20,216.00
1977-04-21,194.00
1977-04-22,185.00
1977-04-23,206.00
1977-04-24,330.00
1977-04-25,269.00
1977-04-26,234.00
1977-04-27,235.00
1977-04-28,173.00
1977-04-29,189.00
1977-04-30,158.00
1977-05-01,180.00
1977-05-02,175.00
1977-05-03,165.00
1977-05-04,155.00
1977-05-05,156.00
1977-05-06,135.00
1977-05-07,151.00
1977-05-08,123.00
1977-05-09,118.00
1977-05-10,143.00
1977-05-11,134.00
1977-05-12,135.00
1977-05-13,186.00
1977-05-14,227.00
1977-05-15,222.00
1977-05-16,220.00
1977-05-17,252.00
1977-05-18,226.00
1977-05-19,224.00
1977-05-20,204.00
1977-05-21,229.00
1977-05-22,196.00
1977-05-23,168.00
1977-05-24,138.00
1977-05-25,125.00
1977-05-26,115.00
1977-05-27,89.00
1977-05-28,103.00
1977-05-29,83.00
1977-05-30,103.00
1977-05-31,94.00
1977-06-01,57.00
1977-06-02,69.00
1977-06-03,42.00
1977-06-04,52.00
1977-06-05,70.00
1977-06-06,79.00
1977-06-07,110.00
1977-06-08,123.00
1977-06-09,76.00
1977-06-10,119.00
1977-06-11,123.00
1977-06-12,116.00
1977-06-13,105.00
1977-06-14,79.00
1977-06-15,96.00
1977-06-16,101.00
1977-06-17,77.00
1977-06-18,77.00
1977-06-19,79.00
1977-06-20,134.00
1977-06-21,153.00
1977-06-22,106.00
1977-06-23,97.00
1977-06-24,75.00
1977-06-25,83.00
1977-06-26,118.00
1977-06-27,109.00
1977-06-28,115.00
1977-06-29,87.00
1977-06-30,94.00
1977-07-01,87.00
1977-07-02,79.00
1977-07-03,60.00
1977-07-04,57.00
1977-07-05,54.00
1977-07-06,46.00
1977-07-07,29.00
1977-07-08,22.00
1977-07-09,41.00
1977-07-10,40.00
1977-07-11,41.00
1977-07-12,29.00
1977-07-13,69.00
1977-07-14,28.00
1977-07-15,34.00
1977-07-16,21.00
1977-07-17,15.00
1977-07-18,32.00
1977-07-19,58.00
1977-07-20,29.00
1977-07-21,46.00
1977-07-22,31.00
1977-07-23,40.00
1977-07-24,25.00
1977-07-25,49.00
1977-07-26,79.00
1977-07-27,74.00
1977-07-28,80.00
1977-07-29,115.00
1977-07-30,150.00
1977-07-31,89.00
1977-08-01,82.00
1977-08-02,54.00
1977-08-03,37.00
1977-08-04,23.00
1977-08-05,26.00
1977-08-06,23.00
1977-08-07,24.00
1977-08-08,58.00
1977-08-09,24.00
1977-08-10,11.00
1977-08-11,13.00
1977-08-12,12.00
1977-08-13,83.00
1977-08-14,116.00
1977-08-15,57.00
1977-08-16,54.00
1977-08-17,19.00
1977-08-18,101.00
1977-08-19,143.00
1977-08-20,86.00
1977-08-21,86.00
1977-08-22,86.00
1977-08-23,77.00
1977-08-24,76.00
1977-08-25,69.00
1977-08-26,51.00
1977-08-27,54.00
1977-08-28,77.00
1977-08-29,77.00
1977-08-30,58.00
1977-08-31,43.00
1977-09-01,44.00
1977-09-02,32.00
1977-09-03,20.00
1977-09-04,49.00
1977-09-05,38.00
1977-09-06,18.00
1977-09-07,19.00
1977-09-08,10.00
1977-09-09,23.00
1977-09-10,17.00
1977-09-11,27.00
1977-09-12,32.00
1977-09-13,10.00
1977-09-14,10.00
1977-09-15,10.00
1977-09-16,10.00
1977-09-17,10.00
1977-09-18,24.00
1977-09-19,132.00
1977-09-20,16.00
1977-09-21,10.00
1977-09-22,10.00
1977-09-23,10.00
1977-09-24,10.00
1977-09-25,22.00
1977-09-26,30.00
1977-09-27,10.00
1977-09-28,10.00
1977-09-29,10.00
1977-09-30,10.00
1977-10-01,16.00
1977-10-02,37.00
1977-10-03,17.00
1977-10-04,10.00
1977-10-05,13.00
1977-10-06,12.00
1977-10-07,10.00
1977-10-08,10.00
1977-10-09,10.00
1977-10-10,10.00
1977-10-11,10.00
1977-10-12,10.00
1977-10-13,10.00
1977-10-14,10.00
1977-10-15,15.00
1977-10-16,10.00
1977-10-17,20.00
1977-10-18,10.00
1977-10-19,10.00
1977-10-20,10.00
1977-10-21,10.00
1977-10-22,10.00
1977-10-23,17.00
1977-10-24,16.00
1977-10-25,10.00
1977-10-26,10.00
1977-10-27,10.00
1977-10-28,10.00
1977-10-29,10.00
1977-10-30,10.00
1977-10-31,11.00
1977-11-01,10.00
1977-11-02,10.00
1977-11-03,102.00
1977-11-04,283.00
1977-11-05,233.00
1977-11-06,237.00
1977-11-07,165.00
1977-11-08,106.00
1977-11-09,150.00
1977-11-10,130.00
1977-11-11,132.00
1977-11-12,132.00
1977-11-13,149.00
1977-11-14,176.00
1977-11-15,257.00
1977-11-16,318.00
1977-11-17,324.00
1977-11-18,317.00
1977-11-19,307.00
1977-11-20,320.00
1977-11-21,278.00
1977-11-22,305.00
1977-11-23,346.00
1977-11-24,443.00
1977-11-25,565.00
1977-11-26,553.00
1977-11-27,529.00
1977-11-28,397.00
1977-11-29,311.00
1977-11-30,286.00
1977-12-01,272.00
1977-12-02,252.00
1977-12-03,247.00
1977-12-04,193.00
1977-12-05,172.00
1977-12-06,168.00
1977-12-07,181.00
1977-12-08,192.00
1977-12-09,228.00
1977-12-10,223.00
1977-12-11,231.00
1977-12-12,349.00
1977-12-13,354.00
1977-12-14,338.00
1977-12-15,339.00
1977-12-16,295.00
1977-12-17,243.00
1977-12-18,267.00
1977-12-19,235.00
1977-12-20,193.00
1977-12-21,199.00
1977-12-22,160.00
1977-12-23,163.00
1977-12-24,190.00
1977-12-25,200.00
1977-12-26,208.00
1977-12-27,201.00
1977-12-28,259.00
1977-12-29,321.00
1977-12-30,381.00
1977-12-31,383.00
1978-01-01,363.00
1978-01-02,347.00
1978-01-03,332.00
1978-01-04,342.00
1978-01-05,324.00
1978-01-06,274.00
1978-01-07,249.00
1978-01-08,246.00
1978-01-09,225.00
1978-01-10,221.00
1978-01-11,238.00
1978-01-12,382.00
1978-01-13,378.00
1978-01-14,364.00
1978-01-15,308.00
1978-01-16,281.00
1978-01-17,278.00
1978-01-18,235.00
1978-01-19,212.00
1978-01-20,211.00
1978-01-21,198.00
1978-01-22,184.00
1978-01-23,179.00
1978-01-24,196.00
1978-01-25,287.00
1978-01-26,285.00
1978-01-27,308.00
1978-01-28,299.00
1978-01-29,422.00
1978-01-30,456.00
1978-01-31,563.00
1978-02-01,567.00
1978-02-02,705.00
1978-02-03,926.00
1978-02-04,864.00
1978-02-05,727.00
1978-02-06,626.00
1978-02-07,567.00
1978-02-08,531.00
1978-02-09,490.00
1978-02-10,492.00
1978-02-11,450.00
1978-02-12,350.00
1978-02-13,312.00
1978-02-14,305.00
1978-02-15,246.00
1978-02-16,230.00
1978-02-17,222.00
1978-02-18,208.00
1978-02-19,181.00
1978-02-20,177.00
1978-02-21,171.00
1978-02-22,171.00
1978-02-23,168.00
1978-02-24,215.00
1978-02-25,282.00
1978-02-26,337.00
1978-02-27,373.00
1978-02-28,350.00
1978-03-01,339.00
1978-03-02,330.00
1978-03-03,385.00
1978-03-04,404.00
1978-03-05,402.00
1978-03-06,337.00
1978-03-07,241.00
1978-03-08,224.00
1978-03-09,228.00
1978-03-10,196.00
1978-03-11,178.00
1978-03-12,183.00
1978-03-13,180.00
1978-03-14,176.00
1978-03-15,173.00
1978-03-16,277.00
1978-03-17,433.00
1978-03-18,417.00
1978-03-19,423.00
1978-03-20,416.00
1978-03-21,600.00
1978-03-22,696.00
1978-03-23,800.00
1978-03-24,1020.00
1978-03-25,918.00
1978-03-26,978.00
1978-03-27,980.00
1978-03-28,1023.00
1978-03-29,1031.00
1978-03-30,946.00
1978-03-31,950.00
1978-04-01,906.00
1978-04-02,823.00
1978-04-03,728.00
1978-04-04,696.00
1978-04-05,604.00
1978-04-06,509.00
1978-04-07,458.00
1978-04-08,387.00
1978-04-09,361.00
1978-04-10,317.00
1978-04-11,282.00
1978-04-12,282.00
1978-04-13,262.00
1978-04-14,265.00
1978-04-15,249.00
1978-04-16,258.00
1978-04-17,198.00
1978-04-18,219.00
1978-04-19,202.00
1978-04-20,188.00
1978-04-21,193.00
1978-04-22,187.00
1978-04-23,188.00
1978-04-24,184.00
1978-04-25,164.00
1978-04-26,150.00
1978-04-27,140.00
1978-04-28,133.00
1978-04-29,156.00
1978-04-30,165.00
1978-05-01,168.00
1978-05-02,248.00
1978-05-03,445.00
1978-05-04,400.00
1978-05-05,340.00
1978-05-06,267.00
1978-05-07,470.00
1978-05-08,722.00
1978-05-09,655.00
1978-05-10,497.00
1978-05-11,373.00
1978-05-12,341.00
1978-05-13,343.00
1978-05-14,373.00
1978-05-15,349.00
1978-05-16,354.00
1978-05-17,319.00
1978-05-18,280.00
1978-05-19,234.00
1978-05-20,269.00
1978-05-21,327.00
1978-05-22,269.00
1978-05-23,230.00
1978-05-24,230.00
1978-05-25,225.00
1978-05-26,217.00
1978-05-27,203.00
1978-05-28,212.00
1978-05-29,194.00
1978-05-30,188.00
1978-05-31,154.00
1978-06-01,124.00
1978-06-02,145.00
1978-06-03,138.00
1978-06-04,181.00
1978-06-05,145.00
1978-06-06,149.00
1978-06-07,137.00
1978-06-08,131.00
1978-06-09,108.00
1978-06-10,100.00
1978-06-11,89.00
1978-06-12,103.00
1978-06-13,77.00
1978-06-14,77.00
1978-06-15,81.00
1978-06-16,87.00
1978-06-17,85.00
1978-06-18,104.00
1978-06-19,98.00
1978-06-20,86.00
1978-06-21,74.00
1978-06-22,71.00
1978-06-23,98.00
1978-06-24,147.00
1978-06-25,123.00
1978-06-26,118.00
1978-06-27,132.00
1978-06-28,96.00
1978-06-29,112.00
1978-06-30,122.00
1978-07-01,106.00
1978-07-02,125.00
1978-07-03,121.00
1978-07-04,240.00
1978-07-05,252.00
1978-07-06,271.00
1978-07-07,265.00
1978-07-08,254.00
1978-07-09,326.00
1978-07-10,389.00
1978-07-11,360.00
1978-07-12,302.00
1978-07-13,234.00
1978-07-14,195.00
1978-07-15,181.00
1978-07-16,137.00
1978-07-17,151.00
1978-07-18,126.00
1978-07-19,123.00
1978-07-20,114.00
1978-07-21,125.00
1978-07-22,124.00
1978-07-23,90.00
1978-07-24,108.00
1978-07-25,56.00
1978-07-26,29.00
1978-07-27,75.00
1978-07-28,69.00
1978-07-29,68.00
1978-07-30,49.00
1978-07-31,87.00
1978-08-01,87.00
1978-08-02,65.00
1978-08-03,50.00
1978-08-04,63.00
1978-08-05,55.00
1978-08-06,75.00
1978-08-07,76.00
1978-08-08,40.00
1978-08-09,45.00
1978-08-10,52.00
1978-08-11,37.00
1978-08-12,56.00
1978-08-13,50.00
1978-08-14,55.00
1978-08-15,39.00
1978-08-16,63.00
1978-08-17,40.00
1978-08-18,34.00
1978-08-19,36.00
1978-08-20,42.00
1978-08-21,18.00
1978-08-22,23.00
1978-08-23,16.00
1978-08-24,12.00
1978-08-25,13.00
1978-08-26,18.00
1978-08-27,26.00
1978-08-28,24.00
1978-08-29,10.00
1978-08-30,12.00
1978-08-31,17.00
1978-09-01,19.00
1978-09-02,13.00
1978-09-03,33.00
1978-09-04,34.00
1978-09-05,16.00
1978-09-06,10.00
1978-09-07,34.00
1978-09-08,61.00
1978-09-09,21.00
1978-09-10,31.00
1978-09-11,37.00
1978-09-12,16.00
1978-09-13,16.00
1978-09-14,16.00
1978-09-15,10.00
1978-09-16,16.00
1978-09-17,22.00
1978-09-18,22.00
1978-09-19,10.00
1978-09-20,10.00
1978-09-21,10.00
1978-09-22,10.00
1978-09-23,11.00
1978-09-24,10.00
1978-09-25,19.00
1978-09-26,10.00
1978-09-27,10.00
1978-09-28,15.00
1978-09-29,44.00
1978-09-30,65.00
1978-10-01,85.00
1978-10-02,83.00
1978-10-03,23.00
1978-10-04,39.00
1978-10-05,26.00
1978-10-06,10.00
1978-10-07,24.00
1978-10-08,22.00
1978-10-09,26.00
1978-10-10,10.00
1978-10-11,10.00
1978-10-12,10.00
1978-10-13,10.00
1978-10-14,10.00
1978-10-15,17.00
1978-10-16,29.00
1978-10-17,10.00
1978-10-18,24.00
1978-10-19,10.00
1978-10-20,10.00
1978-10-21,10.00
1978-10-22,12.00
1978-10-23,24.00
1978-10-24,10.00
1978-10-25,10.00
1978-10-26,16.00
1978-10-27,33.00
1978-10-28,23.00
1978-10-29,26.00
1978-10-30,22.00
1978-10-31,10.00
1978-11-01,21.00
1978-11-02,22.00
1978-11-03,10.00
1978-11-04,10.00
1978-11-05,22.00
1978-11-06,21.00
1978-11-07,10.00
1978-11-08,10.00
1978-11-09,10.00
1978-11-10,12.00
1978-11-11,11.00
1978-11-12,21.00
1978-11-13,11.00
1978-11-14,10.00
1978-11-15,10.00
1978-11-16,10.00
1978-11-17,10.00
1978-11-18,10.00
1978-11-19,10.00
1978-11-20,17.00
1978-11-21,10.00
1978-11-22,10.00
1978-11-23,10.00
1978-11-24,10.00
1978-11-25,10.00
1978-11-26,14.00
1978-11-27,27.00
1978-11-28,10.00
1978-11-29,10.00
1978-11-30,10.00
1978-12-01,10.00
1978-12-02,11.00
1978-12-03,14.00
1978-12-04,22.00
1978-12-05,10.00
1978-12-06,10.00
1978-12-07,10.00
1978-12-08,10.00
1978-12-09,41.00
1978-12-10,53.00
1978-12-11,87.00
1978-12-12,82.00
1978-12-13,68.00
1978-12-14,99.00
1978-12-15,149.00
1978-12-16,153.00
1978-12-17,136.00
1978-12-18,124.00
1978-12-19,92.00
1978-12-20,64.00
1978-12-21,76.00
1978-12-22,57.00
1978-12-23,72.00
1978-12-24,68.00
1978-12-25,111.00
1978-12-26,213.00
1978-12-27,179.00
1978-12-28,197.00
1978-12-29,361.00
1978-12-30,633.00
1978-12-31,819.00
1979-01-01,981.00
1979-01-02,871.00
1979-01-03,723.00
1979-01-04,596.00
1979-01-05,473.00
1979-01-06,381.00
1979-01-07,311.00
1979-01-08,296.00
1979-01-09,287.00
1979-01-10,237.00
1979-01-11,233.00
1979-01-12,185.00
1979-01-13,175.00
1979-01-14,178.00
1979-01-15,161.00
1979-01-16,119.00
1979-01-17,189.00
1979-01-18,136.00
1979-01-19,132.00
1979-01-20,132.00
1979-01-21,114.00
1979-01-22,105.00
1979-01-23,105.00
1979-01-24,126.00
1979-01-25,122.00
1979-01-26,151.00
1979-01-27,169.00
1979-01-28,204.00
1979-01-29,176.00
1979-01-30,161.00
1979-01-31,164.00
1979-02-01,152.00
1979-02-02,447.00
1979-02-03,910.00
1979-02-04,773.00
1979-02-05,620.00
1979-02-06,535.00
1979-02-07,507.00
1979-02-08,615.00
1979-02-09,825.00
1979-02-10,761.00
1979-02-11,725.00
1979-02-12,709.00
1979-02-13,768.00
1979-02-14,876.00
1979-02-15,941.00
1979-02-16,881.00
1979-02-17,844.00
1979-02-18,804.00
1979-02-19,699.00
1979-02-20,591.00
1979-02-21,494.00
1979-02-22,391.00
1979-02-23,365.00
1979-02-24,342.00
1979-02-25,296.00
1979-02-26,283.00
1979-02-27,240.00
1979-02-28,229.00
1979-03-01,204.00
1979-03-02,208.00
1979-03-03,214.00
1979-03-04,272.00
1979-03-05,440.00
1979-03-06,421.00
1979-03-07,380.00
1979-03-08,375.00
1979-03-09,372.00
1979-03-10,828.00
1979-03-11,987.00
1979-03-12,1201.00
1979-03-13,1197.00
1979-03-14,1066.00
1979-03-15,1109.00
1979-03-16,1107.00
1979-03-17,970.00
1979-03-18,874.00
1979-03-19,890.00
1979-03-20,897.00
1979-03-21,857.00
1979-03-22,811.00
1979-03-23,815.00
1979-03-24,795.00
1979-03-25,719.00
1979-03-26,700.00
1979-03-27,705.00
1979-03-28,750.00
1979-03-29,932.00
1979-03-30,904.00
1979-03-31,831.00
1979-04-01,712.00
1979-04-02,615.00
1979-04-03,642.00
1979-04-04,682.00
1979-04-05,701.00
1979-04-06,654.00
1979-04-07,584.00
1979-04-08,543.00
1979-04-09,502.00
1979-04-10,452.00
1979-04-11,424.00
1979-04-12,373.00
1979-04-13,325.00
1979-04-14,302.00
1979-04-15,297.00
1979-04-16,257.00
1979-04-17,248.00
1979-04-18,221.00
1979-04-19,209.00
1979-04-20,191.00
1979-04-21,202.00
1979-04-22,223.00
1979-04-23,221.00
1979-04-24,219.00
1979-04-25,376.00
1979-04-26,399.00
1979-04-27,343.00
1979-04-28,329.00
1979-04-29,324.00
1979-04-30,322.00
1979-05-01,322.00
1979-05-02,334.00
1979-05-03,365.00
1979-05-04,357.00
1979-05-05,380.00
1979-05-06,359.00
1979-05-07,346.00
1979-05-08,314.00
1979-05-09,280.00
1979-05-10,231.00
1979-05-11,213.00
1979-05-12,258.00
1979-05-13,271.00
1979-05-14,226.00
1979-05-15,188.00
1979-05-16,185.00
1979-05-17,168.00
1979-05-18,166.00
1979-05-19,164.00
1979-05-20,151.00
1979-05-21,153.00
1979-05-22,137.00
1979-05-23,151.00
1979-05-24,170.00
1979-05-25,172.00
1979-05-26,163.00
1979-05-27,179.00
1979-05-28,207.00
1979-05-29,244.00
1979-05-30,224.00
1979-05-31,225.00
1979-06-01,224.00
1979-06-02,207.00
1979-06-03,181.00
1979-06-04,177.00
1979-06-05,186.00
1979-06-06,189.00
1979-06-07,181.00
1979-06-08,180.00
1979-06-09,169.00
1979-06-10,158.00
1979-06-11,137.00
1979-06-12,114.00
1979-06-13,154.00
1979-06-14,160.00
1979-06-15,130.00
1979-06-16,148.00
1979-06-17,177.00
1979-06-18,152.00
1979-06-19,129.00
1979-06-20,111.00
1979-06-21,75.00
1979-06-22,121.00
1979-06-23,106.00
1979-06-24,104.00
1979-06-25,100.00
1979-06-26,77.00
1979-06-27,70.00
1979-06-28,59.00
1979-06-29,58.00
1979-06-30,52.00
1979-07-01,77.00
1979-07-02,53.00
1979-07-03,49.00
1979-07-04,52.00
1979-07-05,46.00
1979-07-06,39.00
1979-07-07,27.00
1979-07-08,57.00
1979-07-09,51.00
1979-07-10,37.00
1979-07-11,27.00
1979-07-12,35.00
1979-07-13,85.00
1979-07-14,99.00
1979-07-15,76.00
1979-07-16,62.00
1979-07-17,48.00
1979-07-18,42.00
1979-07-19,26.00
1979-07-20,23.00
1979-07-21,25.00
1979-07-22,57.00
1979-07-23,39.00
1979-07-24,18.00
1979-07-25,29.00
1979-07-26,12.00
1979-07-27,30.00
1979-07-28,31.00
1979-07-29,35.00
1979-07-30,21.00
1979-07-31,35.00
1979-08-01,10.00
1979-08-02,49.00
1979-08-03,33.00
1979-08-04,52.00
1979-08-05,33.00
1979-08-06,35.00
1979-08-07,16.00
1979-08-08,36.00
1979-08-09,21.00
1979-08-10,101.00
1979-08-11,98.00
1979-08-12,81.00
1979-08-13,43.00
1979-08-14,37.00
1979-08-15,32.00
1979-08-16,39.00
1979-08-17,19.00
1979-08-18,41.00
1979-08-19,45.00
1979-08-20,57.00
1979-08-21,28.00
1979-08-22,33.00
1979-08-23,22.00
1979-08-24,26.00
1979-08-25,33.00
1979-08-26,36.00
1979-08-27,50.00
1979-08-28,22.00
1979-08-29,20.00
1979-08-30,12.00
1979-08-31,10.00
1979-09-01,21.00
1979-09-02,27.00
1979-09-03,35.00
1979-09-04,32.00
1979-09-05,23.00
1979-09-06,10.00
1979-09-07,10.00
1979-09-08,11.00
1979-09-09,55.00
1979-09-10,23.00
1979-09-11,10.00
1979-09-12,10.00
1979-09-13,10.00
1979-09-14,10.00
1979-09-15,10.00
1979-09-16,10.00
1979-09-17,14.00
1979-09-18,10.00
1979-09-19,10.00
1979-09-20,10.00
1979-09-21,10.00
1979-09-22,10.00
1979-09-23,10.00
1979-09-24,16.00
1979-09-25,10.00
1979-09-26,10.00
1979-09-27,10.00
1979-09-28,10.00
1979-09-29,10.00
1979-09-30,10.00
1979-10-01,16.00
1979-10-02,10.00
1979-10-03,10.00
1979-10-04,10.00
1979-10-05,10.00
1979-10-06,10.00
1979-10-07,10.00
1979-10-08,12.00
1979-10-09,10.00
1979-10-10,10.00
1979-10-11,10.00
1979-10-12,11.00
1979-10-13,11.00
1979-10-14,47.00
1979-10-15,73.00
1979-10-16,55.00
1979-10-17,19.00
1979-10-18,10.00
1979-10-19,10.00
1979-10-20,10.00
1979-10-21,18.00
1979-10-22,14.00
1979-10-23,10.00
1979-10-24,10.00
1979-10-25,10.00
1979-10-26,10.00
1979-10-27,10.00
1979-10-28,10.00
1979-10-29,22.00
1979-10-30,10.00
1979-10-31,10.00
1979-11-01,17.00
1979-11-02,17.00
1979-11-03,22.00
1979-11-04,20.00
1979-11-05,52.00
1979-11-06,135.00
1979-11-07,240.00
1979-11-08,332.00
1979-11-09,579.00
1979-11-10,627.00
1979-11-11,427.00
1979-11-12,352.00
1979-11-13,290.00
1979-11-14,290.00
1979-11-15,285.00
1979-11-16,237.00
1979-11-17,191.00
1979-11-18,189.00
1979-11-19,180.00
1979-11-20,162.00
1979-11-21,134.00
1979-11-22,154.00
1979-11-23,107.00
1979-11-24,107.00
1979-11-25,125.00
1979-11-26,122.00
1979-11-27,154.00
1979-11-28,249.00
1979-11-29,203.00
1979-11-30,188.00
1979-12-01,161.00
1979-12-02,156.00
1979-12-03,132.00
1979-12-04,101.00
1979-12-05,108.00
1979-12-06,117.00
1979-12-07,113.00
1979-12-08,91.00
1979-12-09,150.00
1979-12-10,414.00
1979-12-11,1065.00
1979-12-12,1420.00
1979-12-13,1313.00
1979-12-14,1068.00
1979-12-15,1079.00
1979-12-16,1172.00
1979-12-17,1066.00
1979-12-18,962.00
1979-12-19,928.00
1979-12-20,973.00
1979-12-21,875.00
1979-12-22,780.00
1979-12-23,741.00
1979-12-24,658.00
1979-12-25,618.00
1979-12-26,573.00
1979-12-27,498.00
1979-12-28,455.00
1979-12-29,520.00
1979-12-30,614.00
1979-12-31,638.00
1980-01-01,589.00
1980-01-02,505.00
1980-01-03,448.00
1980-01-04,418.00
1980-01-05,465.00
1980-01-06,564.00
1980-01-07,691.00
1980-01-08,669.00
1980-01-09,602.00
1980-01-10,538.00
1980-01-11,498.00
1980-01-12,435.00
1980-01-13,390.00
1980-01-14,352.00
1980-01-15,300.00
1980-01-16,235.00
1980-01-17,215.00
1980-01-18,211.00
1980-01-19,168.00
1980-01-20,189.00
1980-01-21,170.00
1980-01-22,219.00
1980-01-23,253.00
1980-01-24,295.00
1980-01-25,276.00
1980-01-26,260.00
1980-01-27,267.00
1980-01-28,211.00
1980-01-29,222.00
1980-01-30,216.00
1980-01-31,243.00
1980-02-01,568.00
1980-02-02,559.00
1980-02-03,882.00
1980-02-04,1091.00
1980-02-05,1355.00
1980-02-06,1426.00
1980-02-07,1350.00
1980-02-08,1219.00
1980-02-09,1074.00
1980-02-10,968.00
1980-02-11,935.00
1980-02-12,836.00
1980-02-13,746.00
1980-02-14,633.00
1980-02-15,554.00
1980-02-16,498.00
1980-02-17,419.00
1980-02-18,362.00
1980-02-19,291.00
1980-02-20,303.00
1980-02-21,268.00
1980-02-22,249.00
1980-02-23,230.00
1980-02-24,229.00
1980-02-25,233.00
1980-02-26,209.00
1980-02-27,181.00
1980-02-28,180.00
1980-02-29,187.00
1980-03-01,177.00
1980-03-02,158.00
1980-03-03,161.00
1980-03-04,151.00
1980-03-05,140.00
1980-03-06,131.00
1980-03-07,196.00
1980-03-08,261.00
1980-03-09,254.00
1980-03-10,225.00
1980-03-11,199.00
1980-03-12,226.00
1980-03-13,274.00
1980-03-14,448.00
1980-03-15,433.00
1980-03-16,400.00
1980-03-17,319.00
1980-03-18,267.00
1980-03-19,238.00
1980-03-20,217.00
1980-03-21,201.00
1980-03-22,192.00
1980-03-23,198.00
1980-03-24,188.00
1980-03-25,171.00
1980-03-26,143.00
1980-03-27,158.00
1980-03-28,223.00
1980-03-29,317.00
1980-03-30,326.00
1980-03-31,285.00
1980-04-01,492.00
1980-04-02,568.00
1980-04-03,612.00
1980-04-04,590.00
1980-04-05,509.00
1980-04-06,463.00
1980-04-07,393.00
1980-04-08,345.00
1980-04-09,295.00
1980-04-10,279.00
1980-04-11,238.00
1980-04-12,236.00
1980-04-13,223.00
1980-04-14,203.00
1980-04-15,178.00
1980-04-16,153.00
1980-04-17,162.00
1980-04-18,144.00
1980-04-19,155.00
1980-04-20,158.00
1980-04-21,164.00
1980-04-22,157.00
1980-04-23,136.00
1980-04-24,103.00
1980-04-25,113.00
1980-04-26,132.00
1980-04-27,161.00
1980-04-28,143.00
1980-04-29,129.00
1980-04-30,123.00
1980-05-01,117.00
1980-05-02,128.00
1980-05-03,180.00
1980-05-04,235.00
1980-05-05,182.00
1980-05-06,189.00
1980-05-07,156.00
1980-05-08,139.00
1980-05-09,140.00
1980-05-10,126.00
1980-05-11,148.00
1980-05-12,115.00
1980-05-13,77.00
1980-05-14,100.00
1980-05-15,96.00
1980-05-16,97.00
1980-05-17,48.00
1980-05-18,76.00
1980-05-19,79.00
1980-05-20,63.00
1980-05-21,69.00
1980-05-22,70.00
1980-05-23,70.00
1980-05-24,47.00
1980-05-25,85.00
1980-05-26,74.00
1980-05-27,67.00
1980-05-28,51.00
1980-05-29,55.00
1980-05-30,86.00
1980-05-31,69.00
1980-06-01,96.00
1980-06-02,99.00
1980-06-03,100.00
1980-06-04,77.00
1980-06-05,65.00
1980-06-06,54.00
1980-06-07,56.00
1980-06-08,79.00
1980-06-09,72.00
1980-06-10,54.00
1980-06-11,38.00
1980-06-12,26.00
1980-06-13,52.00
1980-06-14,32.00
1980-06-15,61.00
1980-06-16,32.00
1980-06-17,41.00
1980-06-18,49.00
1980-06-19,41.00
1980-06-20,38.00
1980-06-21,36.00
1980-06-22,57.00
1980-06-23,72.00
1980-06-24,67.00
1980-06-25,72.00
1980-06-26,83.00
1980-06-27,95.00
1980-06-28,111.00
1980-06-29,165.00
1980-06-30,257.00
1980-07-01,271.00
1980-07-02,468.00
1980-07-03,661.00
1980-07-04,530.00
1980-07-05,444.00
1980-07-06,359.00
1980-07-07,300.00
1980-07-08,284.00
1980-07-09,354.00
1980-07-10,578.00
1980-07-11,957.00
1980-07-12,797.00
1980-07-13,634.00
1980-07-14,574.00
1980-07-15,594.00
1980-07-16,639.00
1980-07-17,554.00
1980-07-18,495.00
1980-07-19,490.00
1980-07-20,951.00
1980-07-21,1919.00
1980-07-22,1989.00
1980-07-23,1326.00
1980-07-24,903.00
1980-07-25,718.00
1980-07-26,569.00
1980-07-27,454.00
1980-07-28,355.00
1980-07-29,274.00
1980-07-30,260.00
1980-07-31,231.00
1980-08-01,195.00
1980-08-02,183.00
1980-08-03,180.00
1980-08-04,169.00
1980-08-05,206.00
1980-08-06,138.00
1980-08-07,124.00
1980-08-08,119.00
1980-08-09,136.00
1980-08-10,120.00
1980-08-11,108.00
1980-08-12,119.00
1980-08-13,107.00
1980-08-14,99.00
1980-08-15,110.00
1980-08-16,105.00
1980-08-17,118.00
1980-08-18,114.00
1980-08-19,99.00
1980-08-20,114.00
1980-08-21,71.00
1980-08-22,81.00
1980-08-23,72.00
1980-08-24,86.00
1980-08-25,63.00
1980-08-26,65.00
1980-08-27,55.00
1980-08-28,57.00
1980-08-29,48.00
1980-08-30,67.00
1980-08-31,100.00
1980-09-01,137.00
1980-09-02,81.00
1980-09-03,82.00
1980-09-04,72.00
1980-09-05,51.00
1980-09-06,64.00
1980-09-07,58.00
1980-09-08,51.00
1980-09-09,71.00
1980-09-10,66.00
1980-09-11,65.00
1980-09-12,49.00
1980-09-13,66.00
1980-09-14,66.00
1980-09-15,142.00
1980-09-16,59.00
1980-09-17,49.00
1980-09-18,44.00
1980-09-19,39.00
1980-09-20,39.00
1980-09-21,51.00
1980-09-22,52.00
1980-09-23,43.00
1980-09-24,10.00
1980-09-25,44.00
1980-09-26,44.00
1980-09-27,50.00
1980-09-28,24.00
1980-09-29,61.00
1980-09-30,36.00
1980-10-01,28.00
1980-10-02,23.00
1980-10-03,35.00
1980-10-04,26.00
1980-10-05,24.00
1980-10-06,10.00
1980-10-07,40.00
1980-10-08,31.00
1980-10-09,69.00
1980-10-10,40.00
1980-10-11,84.00
1980-10-12,52.00
1980-10-13,83.00
1980-10-14,54.00
1980-10-15,86.00
1980-10-16,37.00
1980-10-17,188.00
1980-10-18,177.00
1980-10-19,121.00
1980-10-20,91.00
1980-10-21,91.00
1980-10-22,69.00
1980-10-23,101.00
1980-10-24,170.00
1980-10-25,224.00
1980-10-26,253.00
1980-10-27,200.00
1980-10-28,155.00
1980-10-29,163.00
1980-10-30,136.00
1980-10-31,113.00
1980-11-01,121.00
1980-11-02,110.00
1980-11-03,84.00
1980-11-04,94.00
1980-11-05,56.00
1980-11-06,81.00
1980-11-07,70.00
1980-11-08,64.00
1980-11-09,76.00
1980-11-10,80.00
1980-11-11,57.00
1980-11-12,78.00
1980-11-13,56.00
1980-11-14,52.00
1980-11-15,64.00
1980-11-16,256.00
1980-11-17,553.00
1980-11-18,535.00
1980-11-19,431.00
1980-11-20,350.00
1980-11-21,339.00
1980-11-22,257.00
1980-11-23,251.00
1980-11-24,220.00
1980-11-25,162.00
1980-11-26,212.00
1980-11-27,216.00
1980-11-28,196.00
1980-11-29,219.00
1980-11-30,190.00
1980-12-01,170.00
1980-12-02,173.00
1980-12-03,157.00
1980-12-04,172.00
1980-12-05,187.00
1980-12-06,464.00
1980-12-07,541.00
1980-12-08,381.00
1980-12-09,289.00
1980-12-10,249.00
1980-12-11,250.00
1980-12-12,260.00
1980-12-13,292.00
1980-12-14,458.00
1980-12-15,795.00
1980-12-16,958.00
1980-12-17,813.00
1980-12-18,786.00
1980-12-19,861.00
1980-12-20,750.00
1980-12-21,797.00
1980-12-22,769.00
1980-12-23,698.00
1980-12-24,717.00
1980-12-25,699.00
1980-12-26,662.00
1980-12-27,577.00
1980-12-28,540.00
1980-12-29,481.00
1980-12-30,428.00
1980-12-31,360.00
1981-01-01,383.00
1981-01-02,346.00
1981-01-03,644.00
1981-01-04,979.00
1981-01-05,813.00
1981-01-06,680.00
1981-01-07,625.00
1981-01-08,568.00
1981-01-09,472.00
1981-01-10,502.00
1981-01-11,569.00
1981-01-12,529.00
1981-01-13,475.00
1981-01-14,425.00
1981-01-15,954.00
1981-01-16,1147.00
1981-01-17,953.00
1981-01-18,964.00
1981-01-19,887.00
1981-01-20,897.00
1981-01-21,824.00
1981-01-22,750.00
1981-01-23,704.00
1981-01-24,658.00
1981-01-25,647.00
1981-01-26,619.00
1981-01-27,639.00
1981-01-28,628.00
1981-01-29,579.00
1981-01-30,486.00
1981-01-31,419.00
1981-02-01,394.00
1981-02-02,362.00
1981-02-03,347.00
1981-02-04,564.00
1981-02-05,762.00
1981-02-06,714.00
1981-02-07,714.00
1981-02-08,729.00
1981-02-09,744.00
1981-02-10,688.00
1981-02-11,635.00
1981-02-12,563.00
1981-02-13,523.00
1981-02-14,455.00
1981-02-15,404.00
1981-02-16,362.00
1981-02-17,292.00
1981-02-18,306.00
1981-02-19,256.00
1981-02-20,240.00
1981-02-21,245.00
1981-02-22,233.00
1981-02-23,223.00
1981-02-24,187.00
1981-02-25,194.00
1981-02-26,175.00
1981-02-27,168.00
1981-02-28,180.00
1981-03-01,202.00
1981-03-02,228.00
1981-03-03,293.00
1981-03-04,305.00
1981-03-05,281.00
1981-03-06,290.00
1981-03-07,237.00
1981-03-08,321.00
1981-03-09,476.00
1981-03-10,905.00
1981-03-11,1246.00
1981-03-12,1093.00
1981-03-13,903.00
1981-03-14,881.00
1981-03-15,886.00
1981-03-16,726.00
1981-03-17,607.00
1981-03-18,580.00
1981-03-19,542.00
1981-03-20,505.00
1981-03-21,464.00
1981-03-22,453.00
1981-03-23,373.00
1981-03-24,423.00
1981-03-25,519.00
1981-03-26,522.00
1981-03-27,505.00
1981-03-28,463.00
1981-03-29,462.00
1981-03-30,427.00
1981-03-31,392.00
1981-04-01,369.00
1981-04-02,336.00
1981-04-03,318.00
1981-04-04,293.00
1981-04-05,282.00
1981-04-06,236.00
1981-04-07,230.00
1981-04-08,240.00
1981-04-09,209.00
1981-04-10,213.00
1981-04-11,196.00
1981-04-12,202.00
1981-04-13,186.00
1981-04-14,177.00
1981-04-15,149.00
1981-04-16,151.00
1981-04-17,143.00
1981-04-18,147.00
1981-04-19,160.00
1981-04-20,156.00
1981-04-21,158.00
1981-04-22,152.00
1981-04-23,124.00
1981-04-24,106.00
1981-04-25,122.00
1981-04-26,135.00
1981-04-27,163.00
1981-04-28,178.00
1981-04-29,201.00
1981-04-30,211.00
1981-05-01,268.00
1981-05-02,266.00
1981-05-03,213.00
1981-05-04,212.00
1981-05-05,223.00
1981-05-06,210.00
1981-05-07,179.00
1981-05-08,205.00
1981-05-09,232.00
1981-05-10,266.00
1981-05-11,229.00
1981-05-12,223.00
1981-05-13,173.00
1981-05-14,130.00
1981-05-15,144.00
1981-05-16,142.00
1981-05-17,136.00
1981-05-18,134.00
1981-05-19,121.00
1981-05-20,103.00
1981-05-21,105.00
1981-05-22,113.00
1981-05-23,143.00
1981-05-24,134.00
1981-05-25,120.00
1981-05-26,127.00
1981-05-27,138.00
1981-05-28,142.00
1981-05-29,109.00
1981-05-30,124.00
1981-05-31,158.00
1981-06-01,155.00
1981-06-02,139.00
1981-06-03,121.00
1981-06-04,393.00
1981-06-05,604.00
1981-06-06,435.00
1981-06-07,418.00
1981-06-08,297.00
1981-06-09,294.00
1981-06-10,260.00
1981-06-11,164.00
1981-06-12,147.00
1981-06-13,146.00
1981-06-14,155.00
1981-06-15,152.00
1981-06-16,135.00
1981-06-17,151.00
1981-06-18,100.00
1981-06-19,101.00
1981-06-20,114.00
1981-06-21,101.00
1981-06-22,108.00
1981-06-23,90.00
1981-06-24,73.00
1981-06-25,62.00
1981-06-26,111.00
1981-06-27,105.00
1981-06-28,130.00
1981-06-29,547.00
1981-06-30,651.00
1981-07-01,385.00
1981-07-02,295.00
1981-07-03,265.00
1981-07-04,329.00
1981-07-05,239.00
1981-07-06,205.00
1981-07-07,143.00
1981-07-08,161.00
1981-07-09,115.00
1981-07-10,176.00
1981-07-11,150.00
1981-07-12,150.00
1981-07-13,129.00
1981-07-14,114.00
1981-07-15,97.00
1981-07-16,105.00
1981-07-17,100.00
1981-07-18,103.00
1981-07-19,93.00
1981-07-20,104.00
1981-07-21,90.00
1981-07-22,104.00
1981-07-23,147.00
1981-07-24,138.00
1981-07-25,151.00
1981-07-26,157.00
1981-07-27,105.00
1981-07-28,114.00
1981-07-29,127.00
1981-07-30,83.00
1981-07-31,85.00
1981-08-01,128.00
1981-08-02,166.00
1981-08-03,160.00
1981-08-04,126.00
1981-08-05,83.00
1981-08-06,77.00
1981-08-07,78.00
1981-08-08,78.00
1981-08-09,82.00
1981-08-10,88.00
1981-08-11,161.00
1981-08-12,156.00
1981-08-13,109.00
1981-08-14,114.00
1981-08-15,105.00
1981-08-16,96.00
1981-08-17,74.00
1981-08-18,52.00
1981-08-19,52.00
1981-08-20,73.00
1981-08-21,92.00
1981-08-22,94.00
1981-08-23,85.00
1981-08-24,75.00
1981-08-25,61.00
1981-08-26,45.00
1981-08-27,53.00
1981-08-28,51.00
1981-08-29,45.00
1981-08-30,50.00
1981-08-31,47.00
1981-09-01,40.00
1981-09-02,37.00
1981-09-03,24.00
1981-09-04,37.00
1981-09-05,41.00
1981-09-06,35.00
1981-09-07,40.00
1981-09-08,20.00
1981-09-09,13.00
1981-09-10,31.00
1981-09-11,31.00
1981-09-12,26.00
1981-09-13,47.00
1981-09-14,44.00
1981-09-15,31.00
1981-09-16,60.00
1981-09-17,50.00
1981-09-18,45.00
1981-09-19,43.00
1981-09-20,72.00
1981-09-21,90.00
1981-09-22,73.00
1981-09-23,122.00
1981-09-24,115.00
1981-09-25,85.00
1981-09-26,108.00
1981-09-27,71.00
1981-09-28,98.00
1981-09-29,48.00
1981-09-30,75.00
1981-10-01,65.00
1981-10-02,93.00
1981-10-03,111.00
1981-10-04,77.00
1981-10-05,87.00
1981-10-06,119.00
1981-10-07,174.00
1981-10-08,159.00
1981-10-09,104.00
1981-10-10,169.00
1981-10-11,252.00
1981-10-12,339.00
1981-10-13,275.00
1981-10-14,252.00
1981-10-15,219.00
1981-10-16,367.00
1981-10-17,365.00
1981-10-18,419.00
1981-10-19,520.00
1981-10-20,557.00
1981-10-21,796.00
1981-10-22,756.00
1981-10-23,751.00
1981-10-24,741.00
1981-10-25,637.00
1981-10-26,611.00
1981-10-27,597.00
1981-10-28,512.00
1981-10-29,483.00
1981-10-30,652.00
1981-10-31,646.00
1981-11-01,674.00
1981-11-02,695.00
1981-11-03,583.00
1981-11-04,530.00
1981-11-05,468.00
1981-11-06,399.00
1981-11-07,345.00
1981-11-08,309.00
1981-11-09,260.00
1981-11-10,244.00
1981-11-11,245.00
1981-11-12,232.00
1981-11-13,209.00
1981-11-14,213.00
1981-11-15,206.00
1981-11-16,178.00
1981-11-17,181.00
1981-11-18,169.00
1981-11-19,203.00
1981-11-20,221.00
1981-11-21,226.00
1981-11-22,229.00
1981-11-23,211.00
1981-11-24,220.00
1981-11-25,200.00
1981-11-26,190.00
1981-11-27,206.00
1981-11-28,327.00
1981-11-29,489.00
1981-11-30,592.00
1981-12-01,1093.00
1981-12-02,1014.00
1981-12-03,776.00
1981-12-04,650.00
1981-12-05,830.00
1981-12-06,777.00
1981-12-07,741.00
1981-12-08,903.00
1981-12-09,1232.00
1981-12-10,1115.00
1981-12-11,955.00
1981-12-12,930.00
1981-12-13,808.00
1981-12-14,720.00
1981-12-15,840.00
1981-12-16,898.00
1981-12-17,792.00
1981-12-18,697.00
1981-12-19,628.00
1981-12-20,578.00
1981-12-21,517.00
1981-12-22,488.00
1981-12-23,553.00
1981-12-24,613.00
1981-12-25,612.00
1981-12-26,567.00
1981-12-27,527.00
1981-12-28,417.00
1981-12-29,387.00
1981-12-30,496.00
1981-12-31,812.00
1982-01-01,1274.00
1982-01-02,1317.00
1982-01-03,1297.00
1982-01-04,1133.00
1982-01-05,968.00
1982-01-06,1081.00
1982-01-07,1198.00
1982-01-08,1141.00
1982-01-09,1020.00
1982-01-10,901.00
1982-01-11,713.00
1982-01-12,682.00
1982-01-13,594.00
1982-01-14,545.00
1982-01-15,532.00
1982-01-16,532.00
1982-01-17,489.00
1982-01-18,481.00
1982-01-19,449.00
1982-01-20,439.00
1982-01-21,455.00
1982-01-22,364.00
1982-01-23,349.00
1982-01-24,374.00
1982-01-25,364.00
1982-01-26,359.00
1982-01-27,545.00
1982-01-28,617.00
1982-01-29,564.00
1982-01-30,674.00
1982-01-31,760.00
1982-02-01,737.00
1982-02-02,672.00
1982-02-03,619.00
1982-02-04,563.00
1982-02-05,495.00
1982-02-06,458.00
1982-02-07,451.00
1982-02-08,401.00
1982-02-09,407.00
1982-02-10,363.00
1982-02-11,354.00
1982-02-12,307.00
1982-02-13,295.00
1982-02-14,316.00
1982-02-15,325.00
1982-02-16,302.00
1982-02-17,272.00
1982-02-18,269.00
1982-02-19,230.00
1982-02-20,248.00
1982-02-21,265.00
1982-02-22,215.00
1982-02-23,208.00
1982-02-24,199.00
1982-02-25,197.00
1982-02-26,195.00
1982-02-27,191.00
1982-02-28,180.00
1982-03-01,187.00
1982-03-02,203.00
1982-03-03,239.00
1982-03-04,364.00
1982-03-05,348.00
1982-03-06,302.00
1982-03-07,295.00
1982-03-08,237.00
1982-03-09,228.00
1982-03-10,232.00
1982-03-11,385.00
1982-03-12,419.00
1982-03-13,463.00
1982-03-14,473.00
1982-03-15,472.00
1982-03-16,450.00
1982-03-17,408.00
1982-03-18,402.00
1982-03-19,424.00
1982-03-20,456.00
1982-03-21,491.00
1982-03-22,484.00
1982-03-23,431.00
1982-03-24,372.00
1982-03-25,327.00
1982-03-26,332.00
1982-03-27,286.00
1982-03-28,301.00
1982-03-29,244.00
1982-03-30,262.00
1982-03-31,240.00
1982-04-01,237.00
1982-04-02,252.00
1982-04-03,217.00
1982-04-04,228.00
1982-04-05,212.00
1982-04-06,173.00
1982-04-07,213.00
1982-04-08,343.00
1982-04-09,517.00
1982-04-10,445.00
1982-04-11,412.00
1982-04-12,340.00
1982-04-13,310.00
1982-04-14,288.00
1982-04-15,227.00
1982-04-16,245.00
1982-04-17,220.00
1982-04-18,213.00
1982-04-19,201.00
1982-04-20,177.00
1982-04-21,164.00
1982-04-22,144.00
1982-04-23,149.00
1982-04-24,147.00
1982-04-25,165.00
1982-04-26,133.00
1982-04-27,111.00
1982-04-28,118.00
1982-04-29,118.00
1982-04-30,115.00
1982-05-01,134.00
1982-05-02,143.00
1982-05-03,125.00
1982-05-04,140.00
1982-05-05,141.00
1982-05-06,122.00
1982-05-07,167.00
1982-05-08,150.00
1982-05-09,158.00
1982-05-10,243.00
1982-05-11,239.00
1982-05-12,198.00
1982-05-13,147.00
1982-05-14,133.00
1982-05-15,123.00
1982-05-16,113.00
1982-05-17,138.00
1982-05-18,130.00
1982-05-19,145.00
1982-05-20,188.00
1982-05-21,146.00
1982-05-22,146.00
1982-05-23,331.00
1982-05-24,412.00
1982-05-25,335.00
1982-05-26,236.00
1982-05-27,190.00
1982-05-28,169.00
1982-05-29,118.00
1982-05-30,148.00
1982-05-31,124.00
1982-06-01,91.00
1982-06-02,108.00
1982-06-03,124.00
1982-06-04,113.00
1982-06-05,106.00
1982-06-06,139.00
1982-06-07,137.00
1982-06-08,140.00
1982-06-09,189.00
1982-06-10,107.00
1982-06-11,121.00
1982-06-12,83.00
1982-06-13,150.00
1982-06-14,106.00
1982-06-15,95.00
1982-06-16,89.00
1982-06-17,86.00
1982-06-18,71.00
1982-06-19,117.00
1982-06-20,87.00
1982-06-21,84.00
1982-06-22,79.00
1982-06-23,100.00
1982-06-24,110.00
1982-06-25,98.00
1982-06-26,101.00
1982-06-27,121.00
1982-06-28,109.00
1982-06-29,110.00
1982-06-30,106.00
1982-07-01,93.00
1982-07-02,87.00
1982-07-03,92.00
1982-07-04,144.00
1982-07-05,97.00
1982-07-06,85.00
1982-07-07,71.00
1982-07-08,65.00
1982-07-09,69.00
1982-07-10,58.00
1982-07-11,80.00
1982-07-12,53.00
1982-07-13,42.00
1982-07-14,37.00
1982-07-15,75.00
1982-07-16,62.00
1982-07-17,57.00
1982-07-18,48.00
1982-07-19,53.00
1982-07-20,34.00
1982-07-21,41.00
1982-07-22,44.00
1982-07-23,27.00
1982-07-24,26.00
1982-07-25,52.00
1982-07-26,41.00
1982-07-27,31.00
1982-07-28,27.00
1982-07-29,48.00
1982-07-30,41.00
1982-07-31,35.00
1982-08-01,49.00
1982-08-02,53.00
1982-08-03,42.00
1982-08-04,41.00
1982-08-05,44.00
1982-08-06,49.00
1982-08-07,57.00
1982-08-08,61.00
1982-08-09,44.00
1982-08-10,24.00
1982-08-11,52.00
1982-08-12,26.00
1982-08-13,30.00
1982-08-14,35.00
1982-08-15,42.00
1982-08-16,44.00
1982-08-17,24.00
1982-08-18,16.00
1982-08-19,60.00
1982-08-20,35.00
1982-08-21,20.00
1982-08-22,36.00
1982-08-23,45.00
1982-08-24,22.00
1982-08-25,21.00
1982-08-26,25.00
1982-08-27,29.00
1982-08-28,31.00
1982-08-29,29.00
1982-08-30,34.00
1982-08-31,26.00
1982-09-01,21.00
1982-09-02,18.00
1982-09-03,23.00
1982-09-04,17.00
1982-09-05,28.00
1982-09-06,29.00
1982-09-07,18.00
1982-09-08,10.00
1982-09-09,10.00
1982-09-10,10.00
1982-09-11,33.00
1982-09-12,26.00
1982-09-13,20.00
1982-09-14,10.00
1982-09-15,10.00
1982-09-16,10.00
1982-09-17,10.00
1982-09-18,12.00
1982-09-19,28.00
1982-09-20,25.00
1982-09-21,10.00
1982-09-22,30.00
1982-09-23,30.00
1982-09-24,17.00
1982-09-25,27.00
1982-09-26,89.00
1982-09-27,59.00
1982-09-28,14.00
1982-09-29,25.00
1982-09-30,21.00
1982-10-01,24.00
1982-10-02,33.00
1982-10-03,44.00
1982-10-04,28.00
1982-10-05,27.00
1982-10-06,34.00
1982-10-07,153.00
1982-10-08,626.00
1982-10-09,414.00
1982-10-10,311.00
1982-10-11,208.00
1982-10-12,331.00
1982-10-13,356.00
1982-10-14,533.00
1982-10-15,607.00
1982-10-16,592.00
1982-10-17,485.00
1982-10-18,379.00
1982-10-19,292.00
1982-10-20,260.00
1982-10-21,247.00
1982-10-22,241.00
1982-10-23,205.00
1982-10-24,201.00
1982-10-25,211.00
1982-10-26,149.00
1982-10-27,167.00
1982-10-28,130.00
1982-10-29,137.00
1982-10-30,125.00
1982-10-31,129.00
1982-11-01,94.00
1982-11-02,114.00
1982-11-03,97.00
1982-11-04,73.00
1982-11-05,89.00
1982-11-06,85.00
1982-11-07,98.00
1982-11-08,72.00
1982-11-09,92.00
1982-11-10,94.00
1982-11-11,91.00
1982-11-12,95.00
1982-11-13,136.00
1982-11-14,193.00
1982-11-15,206.00
1982-11-16,218.00
1982-11-17,302.00
1982-11-18,374.00
1982-11-19,497.00
1982-11-20,447.00
1982-11-21,409.00
1982-11-22,362.00
1982-11-23,378.00
1982-11-24,343.00
1982-11-25,389.00
1982-11-26,409.00
1982-11-27,505.00
1982-11-28,484.00
1982-11-29,372.00
1982-11-30,305.00
1982-12-01,312.00
1982-12-02,290.00
1982-12-03,238.00
1982-12-04,257.00
1982-12-05,193.00
1982-12-06,251.00
1982-12-07,298.00
1982-12-08,318.00
1982-12-09,362.00
1982-12-10,535.00
1982-12-11,767.00
1982-12-12,713.00
1982-12-13,783.00
1982-12-14,770.00
1982-12-15,681.00
1982-12-16,752.00
1982-12-17,931.00
1982-12-18,963.00
1982-12-19,847.00
1982-12-20,825.00
1982-12-21,1036.00
1982-12-22,1062.00
1982-12-23,1039.00
1982-12-24,1043.00
1982-12-25,1012.00
1982-12-26,896.00
1982-12-27,790.00
1982-12-28,762.00
1982-12-29,685.00
1982-12-30,601.00
1982-12-31,542.00
1983-01-01,485.00
1983-01-02,430.00
1983-01-03,383.00
1983-01-04,425.00
1983-01-05,464.00
1983-01-06,595.00
1983-01-07,637.00
1983-01-08,643.00
1983-01-09,633.00
1983-01-10,581.00
1983-01-11,547.00
1983-01-12,525.00
1983-01-13,498.00
1983-01-14,505.00
1983-01-15,595.00
1983-01-16,877.00
1983-01-17,845.00
1983-01-18,730.00
1983-01-19,644.00
1983-01-20,563.00
1983-01-21,508.00
1983-01-22,481.00
1983-01-23,486.00
1983-01-24,430.00
1983-01-25,366.00
1983-01-26,342.00
1983-01-27,321.00
1983-01-28,313.00
1983-01-29,301.00
1983-01-30,332.00
1983-01-31,360.00
1983-02-01,766.00
1983-02-02,1057.00
1983-02-03,932.00
1983-02-04,826.00
1983-02-05,733.00
1983-02-06,773.00
1983-02-07,787.00
1983-02-08,723.00
1983-02-09,633.00
1983-02-10,599.00
1983-02-11,541.00
1983-02-12,459.00
1983-02-13,433.00
1983-02-14,406.00
1983-02-15,359.00
1983-02-16,304.00
1983-02-17,294.00
1983-02-18,262.00
1983-02-19,226.00
1983-02-20,250.00
1983-02-21,240.00
1983-02-22,204.00
1983-02-23,200.00
1983-02-24,196.00
1983-02-25,174.00
1983-02-26,275.00
1983-02-27,472.00
1983-02-28,572.00
1983-03-01,665.00
1983-03-02,664.00
1983-03-03,606.00
1983-03-04,525.00
1983-03-05,463.00
1983-03-06,444.00
1983-03-07,398.00
1983-03-08,361.00
1983-03-09,300.00
1983-03-10,291.00
1983-03-11,274.00
1983-03-12,240.00
1983-03-13,262.00
1983-03-14,239.00
1983-03-15,233.00
1983-03-16,239.00
1983-03-17,217.00
1983-03-18,224.00
1983-03-19,252.00
1983-03-20,311.00
1983-03-21,286.00
1983-03-22,288.00
1983-03-23,269.00
1983-03-24,402.00
1983-03-25,677.00
1983-03-26,729.00
1983-03-27,803.00
1983-03-28,676.00
1983-03-29,600.00
1983-03-30,541.00
1983-03-31,532.00
1983-04-01,517.00
1983-04-02,513.00
1983-04-03,488.00
1983-04-04,450.00
1983-04-05,409.00
1983-04-06,466.00
1983-04-07,589.00
1983-04-08,575.00
1983-04-09,750.00
1983-04-10,805.00
1983-04-11,817.00
1983-04-12,780.00
1983-04-13,822.00
1983-04-14,811.00
1983-04-15,883.00
1983-04-16,975.00
1983-04-17,908.00
1983-04-18,775.00
1983-04-19,662.00
1983-04-20,582.00
1983-04-21,509.00
1983-04-22,490.00
1983-04-23,453.00
1983-04-24,433.00
1983-04-25,379.00
1983-04-26,377.00
1983-04-27,421.00
1983-04-28,419.00
1983-04-29,375.00
1983-04-30,380.00
1983-05-01,383.00
1983-05-02,440.00
1983-05-03,452.00
1983-05-04,449.00
1983-05-05,420.00
1983-05-06,405.00
1983-05-07,418.00
1983-05-08,423.00
1983-05-09,425.00
1983-05-10,427.00
1983-05-11,426.00
1983-05-12,449.00
1983-05-13,539.00
1983-05-14,633.00
1983-05-15,599.00
1983-05-16,528.00
1983-05-17,464.00
1983-05-18,412.00
1983-05-19,396.00
1983-05-20,373.00
1983-05-21,402.00
1983-05-22,460.00
1983-05-23,448.00
1983-05-24,431.00
1983-05-25,485.00
1983-05-26,793.00
1983-05-27,983.00
1983-05-28,927.00
1983-05-29,905.00
1983-05-30,844.00
1983-05-31,818.00
1983-06-01,732.00
1983-06-02,711.00
1983-06-03,740.00
1983-06-04,707.00
1983-06-05,669.00
1983-06-06,569.00
1983-06-07,465.00
1983-06-08,396.00
1983-06-09,385.00
1983-06-10,300.00
1983-06-11,268.00
1983-06-12,254.00
1983-06-13,213.00
1983-06-14,224.00
1983-06-15,222.00
1983-06-16,178.00
1983-06-17,181.00
1983-06-18,191.00
1983-06-19,182.00
1983-06-20,158.00
1983-06-21,137.00
1983-06-22,170.00
1983-06-23,194.00
1983-06-24,172.00
1983-06-25,235.00
1983-06-26,262.00
1983-06-27,372.00
1983-06-28,293.00
1983-06-29,174.00
1983-06-30,194.00
1983-07-01,414.00
1983-07-02,328.00
1983-07-03,263.00
1983-07-04,200.00
1983-07-05,125.00
1983-07-06,173.00
1983-07-07,195.00
1983-07-08,226.00
1983-07-09,180.00
1983-07-10,177.00
1983-07-11,132.00
1983-07-12,112.00
1983-07-13,91.00
1983-07-14,112.00
1983-07-15,93.00
1983-07-16,89.00
1983-07-17,101.00
1983-07-18,118.00
1983-07-19,95.00
1983-07-20,135.00
1983-07-21,75.00
1983-07-22,95.00
1983-07-23,70.00
1983-07-24,103.00
1983-07-25,87.00
1983-07-26,53.00
1983-07-27,44.00
1983-07-28,72.00
1983-07-29,60.00
1983-07-30,60.00
1983-07-31,68.00
1983-08-01,63.00
1983-08-02,86.00
1983-08-03,68.00
1983-08-04,55.00
1983-08-05,52.00
1983-08-06,47.00
1983-08-07,69.00
1983-08-08,53.00
1983-08-09,47.00
1983-08-10,44.00
1983-08-11,38.00
1983-08-12,42.00
1983-08-13,45.00
1983-08-14,38.00
1983-08-15,47.00
1983-08-16,37.00
1983-08-17,29.00
1983-08-18,27.00
1983-08-19,28.00
1983-08-20,34.00
1983-08-21,48.00
1983-08-22,35.00
1983-08-23,47.00
1983-08-24,48.00
1983-08-25,30.00
1983-08-26,30.00
1983-08-27,32.00
1983-08-28,40.00
1983-08-29,32.00
1983-08-30,12.00
1983-08-31,27.00
1983-09-01,19.00
1983-09-02,19.00
1983-09-03,39.00
1983-09-04,38.00
1983-09-05,34.00
1983-09-06,32.00
1983-09-07,14.00
1983-09-08,14.00
1983-09-09,31.00
1983-09-10,72.00
1983-09-11,172.00
1983-09-12,45.00
1983-09-13,46.00
1983-09-14,46.00
1983-09-15,52.00
1983-09-16,81.00
1983-09-17,39.00
1983-09-18,64.00
1983-09-19,61.00
1983-09-20,61.00
1983-09-21,45.00
1983-09-22,49.00
1983-09-23,43.00
1983-09-24,45.00
1983-09-25,55.00
1983-09-26,49.00
1983-09-27,12.00
1983-09-28,14.00
1983-09-29,24.00
1983-09-30,12.00
1983-10-01,10.00
1983-10-02,19.00
1983-10-03,10.00
1983-10-04,10.00
1983-10-05,10.00
1983-10-06,10.00
1983-10-07,12.00
1983-10-08,21.00
1983-10-09,52.00
1983-10-10,28.00
1983-10-11,41.00
1983-10-12,22.00
1983-10-13,24.00
1983-10-14,29.00
1983-10-15,24.00
1983-10-16,37.00
1983-10-17,31.00
1983-10-18,35.00
1983-10-19,53.00
1983-10-20,39.00
1983-10-21,32.00
1983-10-22,44.00
1983-10-23,40.00
1983-10-24,40.00
1983-10-25,34.00
1983-10-26,10.00
1983-10-27,24.00
1983-10-28,23.00
1983-10-29,12.00
1983-10-30,23.00
1983-10-31,39.00
1983-11-01,24.00
1983-11-02,31.00
1983-11-03,19.00
1983-11-04,11.00
1983-11-05,22.00
1983-11-06,23.00
1983-11-07,30.00
1983-11-08,18.00
1983-11-09,10.00
1983-11-10,10.00
1983-11-11,21.00
1983-11-12,35.00
1983-11-13,26.00
1983-11-14,30.00
1983-11-15,10.00
1983-11-16,21.00
1983-11-17,10.00
1983-11-18,21.00
1983-11-19,12.00
1983-11-20,26.00
1983-11-21,34.00
1983-11-22,12.00
1983-11-23,10.00
1983-11-24,10.00
1983-11-25,24.00
1983-11-26,38.00
1983-11-27,222.00
1983-11-28,381.00
1983-11-29,417.00
1983-11-30,278.00
1983-12-01,222.00
1983-12-02,158.00
1983-12-03,143.00
1983-12-04,133.00
1983-12-05,103.00
1983-12-06,111.00
1983-12-07,75.00
1983-12-08,92.00
1983-12-09,73.00
1983-12-10,125.00
1983-12-11,150.00
1983-12-12,98.00
1983-12-13,107.00
1983-12-14,79.00
1983-12-15,80.00
1983-12-16,55.00
1983-12-17,87.00
1983-12-18,84.00
1983-12-19,71.00
1983-12-20,91.00
1983-12-21,136.00
1983-12-22,113.00
1983-12-23,130.00
1983-12-24,234.00
1983-12-25,215.00
1983-12-26,335.00
1983-12-27,426.00
1983-12-28,394.00
1983-12-29,347.00
1983-12-30,266.00
1983-12-31,257.00
1984-01-01,225.00
1984-01-02,197.00
1984-01-03,330.00
1984-01-04,602.00
1984-01-05,553.00
1984-01-06,489.00
1984-01-07,440.00
1984-01-08,516.00
1984-01-09,496.00
1984-01-10,417.00
1984-01-11,356.00
1984-01-12,351.00
1984-01-13,440.00
1984-01-14,703.00
1984-01-15,1041.00
1984-01-16,1047.00
1984-01-17,1119.00
1984-01-18,1299.00
1984-01-19,1127.00
1984-01-20,934.00
1984-01-21,776.00
1984-01-22,731.00
1984-01-23,650.00
1984-01-24,643.00
1984-01-25,644.00
1984-01-26,580.00
1984-01-27,515.00
1984-01-28,577.00
1984-01-29,691.00
1984-01-30,766.00
1984-01-31,900.00
1984-02-01,1056.00
1984-02-02,1057.00
1984-02-03,1042.00
1984-02-04,1293.00
1984-02-05,1324.00
1984-02-06,1253.00
1984-02-07,1830.00
1984-02-08,2461.00
1984-02-09,2231.00
1984-02-10,1907.00
1984-02-11,1584.00
1984-02-12,1352.00
1984-02-13,1066.00
1984-02-14,936.00
1984-02-15,862.00
1984-02-16,754.00
1984-02-17,657.00
1984-02-18,568.00
1984-02-19,483.00
1984-02-20,396.00
1984-02-21,345.00
1984-02-22,342.00
1984-02-23,340.00
1984-02-24,314.00
1984-02-25,320.00
1984-02-26,305.00
1984-02-27,278.00
1984-02-28,270.00
1984-02-29,266.00
1984-03-01,261.00
1984-03-02,272.00
1984-03-03,282.00
1984-03-04,344.00
1984-03-05,371.00
1984-03-06,320.00
1984-03-07,280.00
1984-03-08,288.00
1984-03-09,274.00
1984-03-10,259.00
1984-03-11,266.00
1984-03-12,262.00
1984-03-13,252.00
1984-03-14,230.00
1984-03-15,210.00
1984-03-16,201.00
1984-03-17,202.00
1984-03-18,210.00
1984-03-19,184.00
1984-03-20,186.00
1984-03-21,169.00
1984-03-22,171.00
1984-03-23,162.00
1984-03-24,164.00
1984-03-25,180.00
1984-03-26,168.00
1984-03-27,200.00
1984-03-28,252.00
1984-03-29,259.00
1984-03-30,352.00
1984-03-31,323.00
1984-04-01,323.00
1984-04-02,389.00
1984-04-03,396.00
1984-04-04,381.00
1984-04-05,356.00
1984-04-06,377.00
1984-04-07,472.00
1984-04-08,506.00
1984-04-09,450.00
1984-04-10,406.00
1984-04-11,343.00
1984-04-12,324.00
1984-04-13,301.00
1984-04-14,275.00
1984-04-15,262.00
1984-04-16,246.00
1984-04-17,231.00
1984-04-18,194.00
1984-04-19,199.00
1984-04-20,170.00
1984-04-21,157.00
1984-04-22,178.00
1984-04-23,164.00
1984-04-24,157.00
1984-04-25,131.00
1984-04-26,135.00
1984-04-27,121.00
1984-04-28,108.00
1984-04-29,129.00
1984-04-30,116.00
1984-05-01,113.00
1984-05-02,108.00
1984-05-03,116.00
1984-05-04,84.00
1984-05-05,117.00
1984-05-06,153.00
1984-05-07,125.00
1984-05-08,84.00
1984-05-09,92.00
1984-05-10,94.00
1984-05-11,87.00
1984-05-12,93.00
1984-05-13,114.00
1984-05-14,106.00
1984-05-15,103.00
1984-05-16,108.00
1984-05-17,95.00
1984-05-18,103.00
1984-05-19,84.00
1984-05-20,298.00
1984-05-21,231.00
1984-05-22,356.00
1984-05-23,291.00
1984-05-24,245.00
1984-05-25,225.00
1984-05-26,189.00
1984-05-27,200.00
1984-05-28,179.00
1984-05-29,439.00
1984-05-30,555.00
1984-05-31,515.00
1984-06-01,410.00
1984-06-02,357.00
1984-06-03,310.00
1984-06-04,379.00
1984-06-05,483.00
1984-06-06,409.00
1984-06-07,332.00
1984-06-08,329.00
1984-06-09,303.00
1984-06-10,260.00
1984-06-11,229.00
1984-06-12,155.00
1984-06-13,185.00
1984-06-14,148.00
1984-06-15,137.00
1984-06-16,148.00
1984-06-17,120.00
1984-06-18,117.00
1984-06-19,97.00
1984-06-20,89.00
1984-06-21,84.00
1984-06-22,86.00
1984-06-23,83.00
1984-06-24,96.00
1984-06-25,91.00
1984-06-26,79.00
1984-06-27,64.00
1984-06-28,68.00
1984-06-29,76.00
1984-06-30,75.00
1984-07-01,78.00
1984-07-02,56.00
1984-07-03,48.00
1984-07-04,60.00
1984-07-05,62.00
1984-07-06,38.00
1984-07-07,42.00
1984-07-08,55.00
1984-07-09,58.00
1984-07-10,42.00
1984-07-11,25.00
1984-07-12,58.00
1984-07-13,59.00
1984-07-14,66.00
1984-07-15,116.00
1984-07-16,63.00
1984-07-17,103.00
1984-07-18,77.00
1984-07-19,49.00
1984-07-20,63.00
1984-07-21,50.00
1984-07-22,61.00
1984-07-23,55.00
1984-07-24,33.00
1984-07-25,28.00
1984-07-26,31.00
1984-07-27,47.00
1984-07-28,39.00
1984-07-29,47.00
1984-07-30,38.00
1984-07-31,34.00
1984-08-01,25.00
1984-08-02,27.00
1984-08-03,22.00
1984-08-04,36.00
1984-08-05,39.00
1984-08-06,42.00
1984-08-07,35.00
1984-08-08,37.00
1984-08-09,25.00
1984-08-10,23.00
1984-08-11,25.00
1984-08-12,51.00
1984-08-13,35.00
1984-08-14,12.00
1984-08-15,42.00
1984-08-16,31.00
1984-08-17,30.00
1984-08-18,21.00
1984-08-19,28.00
1984-08-20,24.00
1984-08-21,13.00
1984-08-22,10.00
1984-08-23,10.00
1984-08-24,17.00
1984-08-25,21.00
1984-08-26,31.00
1984-08-27,29.00
1984-08-28,16.00
1984-08-29,10.00
1984-08-30,21.00
1984-08-31,20.00
1984-09-01,14.00
1984-09-02,22.00
1984-09-03,10.00
1984-09-04,17.00
1984-09-05,49.00
1984-09-06,51.00
1984-09-07,66.00
1984-09-08,238.00
1984-09-09,261.00
1984-09-10,176.00
1984-09-11,129.00
1984-09-12,140.00
1984-09-13,96.00
1984-09-14,90.00
1984-09-15,187.00
1984-09-16,191.00
1984-09-17,131.00
1984-09-18,123.00
1984-09-19,102.00
1984-09-20,87.00
1984-09-21,84.00
1984-09-22,72.00
1984-09-23,124.00
1984-09-24,86.00
1984-09-25,108.00
1984-09-26,97.00
1984-09-27,124.00
1984-09-28,85.00
1984-09-29,79.00
1984-09-30,152.00
1984-10-01,224.00
1984-10-02,600.00
1984-10-03,412.00
1984-10-04,356.00
1984-10-05,275.00
1984-10-06,309.00
1984-10-07,359.00
1984-10-08,333.00
1984-10-09,302.00
1984-10-10,378.00
1984-10-11,342.00
1984-10-12,298.00
1984-10-13,266.00
1984-10-14,238.00
1984-10-15,220.00
1984-10-16,178.00
1984-10-17,171.00
1984-10-18,139.00
1984-10-19,180.00
1984-10-20,344.00
1984-10-21,445.00
1984-10-22,375.00
1984-10-23,321.00
1984-10-24,355.00
1984-10-25,337.00
1984-10-26,449.00
1984-10-27,546.00
1984-10-28,455.00
1984-10-29,411.00
1984-10-30,310.00
1984-10-31,306.00
1984-11-01,279.00
1984-11-02,238.00
1984-11-03,200.00
1984-11-04,220.00
1984-11-05,194.00
1984-11-06,161.00
1984-11-07,197.00
1984-11-08,183.00
1984-11-09,172.00
1984-11-10,166.00
1984-11-11,155.00
1984-11-12,128.00
1984-11-13,138.00
1984-11-14,122.00
1984-11-15,106.00
1984-11-16,153.00
1984-11-17,139.00
1984-11-18,179.00
1984-11-19,158.00
1984-11-20,164.00
1984-11-21,162.00
1984-11-22,332.00
1984-11-23,1103.00
1984-11-24,1562.00
1984-11-25,1370.00
1984-11-26,1135.00
1984-11-27,932.00
1984-11-28,766.00
1984-11-29,631.00
1984-11-30,535.00
1984-12-01,511.00
1984-12-02,489.00
1984-12-03,394.00
1984-12-04,302.00
1984-12-05,279.00
1984-12-06,255.00
1984-12-07,239.00
1984-12-08,232.00
1984-12-09,219.00
1984-12-10,197.00
1984-12-11,172.00
1984-12-12,166.00
1984-12-13,170.00
1984-12-14,157.00
1984-12-15,163.00
1984-12-16,167.00
1984-12-17,160.00
1984-12-18,223.00
1984-12-19,301.00
1984-12-20,377.00
1984-12-21,462.00
1984-12-22,445.00
1984-12-23,444.00
1984-12-24,373.00
1984-12-25,354.00
1984-12-26,360.00
1984-12-27,309.00
1984-12-28,286.00
1984-12-29,273.00
1984-12-30,247.00
1984-12-31,214.00
1985-01-01,241.00
1985-01-02,238.00
1985-01-03,216.00
1985-01-04,209.00
1985-01-05,178.00
1985-01-06,178.00
1985-01-07,221.00
1985-01-08,217.00
1985-01-09,139.00
1985-01-10,122.00
1985-01-11,125.00
1985-01-12,119.00
1985-01-13,102.00
1985-01-14,99.00
1985-01-15,68.00
1985-01-16,74.00
1985-01-17,62.00
1985-01-18,68.00
1985-01-19,113.00
1985-01-20,129.00
1985-01-21,140.00
1985-01-22,250.00
1985-01-23,514.00
1985-01-24,424.00
1985-01-25,404.00
1985-01-26,512.00
1985-01-27,777.00
1985-01-28,766.00
1985-01-29,609.00
1985-01-30,536.00
1985-01-31,569.00
1985-02-01,583.00
1985-02-02,613.00
1985-02-03,601.00
1985-02-04,551.00
1985-02-05,484.00
1985-02-06,432.00
1985-02-07,408.00
1985-02-08,387.00
1985-02-09,487.00
1985-02-10,540.00
1985-02-11,512.00
1985-02-12,420.00
1985-02-13,336.00
1985-02-14,312.00
1985-02-15,279.00
1985-02-16,185.00
1985-02-17,229.00
1985-02-18,196.00
1985-02-19,179.00
1985-02-20,152.00
1985-02-21,147.00
1985-02-22,183.00
1985-02-23,170.00
1985-02-24,197.00
1985-02-25,172.00
1985-02-26,165.00
1985-02-27,167.00
1985-02-28,158.00
1985-03-01,141.00
1985-03-02,174.00
1985-03-03,184.00
1985-03-04,172.00
1985-03-05,230.00
1985-03-06,230.00
1985-03-07,202.00
1985-03-08,179.00
1985-03-09,167.00
1985-03-10,183.00
1985-03-11,184.00
1985-03-12,177.00
1985-03-13,146.00
1985-03-14,145.00
1985-03-15,169.00
1985-03-16,186.00
1985-03-17,238.00
1985-03-18,215.00
1985-03-19,191.00
1985-03-20,193.00
1985-03-21,203.00
1985-03-22,219.00
1985-03-23,409.00
1985-03-24,478.00
1985-03-25,375.00
1985-03-26,393.00
1985-03-27,658.00
1985-03-28,796.00
1985-03-29,704.00
1985-03-30,554.00
1985-03-31,510.00
1985-04-01,555.00
1985-04-02,493.00
1985-04-03,388.00
1985-04-04,334.00
1985-04-05,293.00
1985-04-06,302.00
1985-04-07,334.00
1985-04-08,471.00
1985-04-09,452.00
1985-04-10,411.00
1985-04-11,331.00
1985-04-12,466.00
1985-04-13,640.00
1985-04-14,709.00
1985-04-15,850.00
1985-04-16,778.00
1985-04-17,688.00
1985-04-18,571.00
1985-04-19,482.00
1985-04-20,406.00
1985-04-21,409.00
1985-04-22,314.00
1985-04-23,298.00
1985-04-24,245.00
1985-04-25,245.00
1985-04-26,185.00
1985-04-27,258.00
1985-04-28,274.00
1985-04-29,277.00
1985-04-30,254.00
1985-05-01,278.00
1985-05-02,270.00
1985-05-03,243.00
1985-05-04,235.00
1985-05-05,227.00
1985-05-06,202.00
1985-05-07,191.00
1985-05-08,178.00
1985-05-09,209.00
1985-05-10,247.00
1985-05-11,261.00
1985-05-12,231.00
1985-05-13,298.00
1985-05-14,296.00
1985-05-15,358.00
1985-05-16,318.00
1985-05-17,234.00
1985-05-18,231.00
1985-05-19,235.00
1985-05-20,233.00
1985-05-21,230.00
1985-05-22,249.00
1985-05-23,234.00
1985-05-24,190.00
1985-05-25,178.00
1985-05-26,197.00
1985-05-27,161.00
1985-05-28,172.00
1985-05-29,140.00
1985-05-30,108.00
1985-05-31,117.00
1985-06-01,110.00
1985-06-02,94.00
1985-06-03,104.00
1985-06-04,99.00
1985-06-05,79.00
1985-06-06,118.00
1985-06-07,168.00
1985-06-08,122.00
1985-06-09,181.00
1985-06-10,169.00
1985-06-11,264.00
1985-06-12,276.00
1985-06-13,185.00
1985-06-14,169.00
1985-06-15,167.00
1985-06-16,130.00
1985-06-17,145.00
1985-06-18,100.00
1985-06-19,118.00
1985-06-20,183.00
1985-06-21,157.00
1985-06-22,194.00
1985-06-23,168.00
1985-06-24,156.00
1985-06-25,185.00
1985-06-26,231.00
1985-06-27,275.00
1985-06-28,254.00
1985-06-29,253.00
1985-06-30,238.00
1985-07-01,175.00
1985-07-02,154.00
1985-07-03,130.00
1985-07-04,98.00
1985-07-05,124.00
1985-07-06,195.00
1985-07-07,150.00
1985-07-08,119.00
1985-07-09,102.00
1985-07-10,106.00
1985-07-11,70.00
1985-07-12,86.00
1985-07-13,78.00
1985-07-14,116.00
1985-07-15,108.00
1985-07-16,80.00
1985-07-17,39.00
1985-07-18,71.00
1985-07-19,65.00
1985-07-20,89.00
1985-07-21,76.00
1985-07-22,67.00
1985-07-23,57.00
1985-07-24,59.00
1985-07-25,66.00
1985-07-26,63.00
1985-07-27,80.00
1985-07-28,69.00
1985-07-29,105.00
1985-07-30,106.00
1985-07-31,86.00
1985-08-01,88.00
1985-08-02,55.00
1985-08-03,89.00
1985-08-04,82.00
1985-08-05,87.00
1985-08-06,106.00
1985-08-07,120.00
1985-08-08,62.00
1985-08-09,59.00
1985-08-10,87.00
1985-08-11,97.00
1985-08-12,78.00
1985-08-13,60.00
1985-08-14,49.00
1985-08-15,75.00
1985-08-16,64.00
1985-08-17,39.00
1985-08-18,69.00
1985-08-19,60.00
1985-08-20,41.00
1985-08-21,46.00
1985-08-22,55.00
1985-08-23,43.00
1985-08-24,37.00
1985-08-25,60.00
1985-08-26,37.00
1985-08-27,21.00
1985-08-28,25.00
1985-08-29,31.00
1985-08-30,22.00
1985-08-31,14.00
1985-09-01,53.00
1985-09-02,46.00
1985-09-03,28.00
1985-09-04,43.00
1985-09-05,52.00
1985-09-06,87.00
1985-09-07,20.00
1985-09-08,63.00
1985-09-09,62.00
1985-09-10,39.00
1985-09-11,18.00
1985-09-12,28.00
1985-09-13,15.00
1985-09-14,33.00
1985-09-15,63.00
1985-09-16,48.00
1985-09-17,25.00
1985-09-18,31.00
1985-09-19,33.00
1985-09-20,29.00
1985-09-21,16.00
1985-09-22,56.00
1985-09-23,36.00
1985-09-24,16.00
1985-09-25,30.00
1985-09-26,10.00
1985-09-27,10.00
1985-09-28,13.00
1985-09-29,39.00
1985-09-30,32.00
1985-10-01,10.00
1985-10-02,10.00
1985-10-03,13.00
1985-10-04,10.00
1985-10-05,14.00
1985-10-06,29.00
1985-10-07,28.00
1985-10-08,31.00
1985-10-09,11.00
1985-10-10,32.00
1985-10-11,10.00
1985-10-12,16.00
1985-10-13,24.00
1985-10-14,23.00
1985-10-15,10.00
1985-10-16,10.00
1985-10-17,10.00
1985-10-18,12.00
1985-10-19,18.00
1985-10-20,20.00
1985-10-21,45.00
1985-10-22,10.00
1985-10-23,10.00
1985-10-24,10.00
1985-10-25,11.00
1985-10-26,10.00
1985-10-27,23.00
1985-10-28,19.00
1985-10-29,10.00
1985-10-30,10.00
1985-10-31,10.00
1985-11-01,20.00
1985-11-02,46.00
1985-11-03,42.00
1985-11-04,30.00
1985-11-05,23.00
1985-11-06,72.00
1985-11-07,40.00
1985-11-08,22.00
1985-11-09,64.00
1985-11-10,21.00
1985-11-11,88.00
1985-11-12,42.00
1985-11-13,39.00
1985-11-14,31.00
1985-11-15,11.00
1985-11-16,35.00
1985-11-17,63.00
1985-11-18,47.00
1985-11-19,11.00
1985-11-20,25.00
1985-11-21,18.00
1985-11-22,28.00
1985-11-23,29.00
1985-11-24,55.00
1985-11-25,28.00
1985-11-26,35.00
1985-11-27,17.00
1985-11-28,36.00
1985-11-29,18.00
1985-11-30,112.00
1985-12-01,82.00
1985-12-02,167.00
1985-12-03,137.00
1985-12-04,106.00
1985-12-05,82.00
1985-12-06,76.00
1985-12-07,129.00
1985-12-08,161.00
1985-12-09,175.00
1985-12-10,202.00
1985-12-11,167.00
1985-12-12,180.00
1985-12-13,119.00
1985-12-14,111.00
1985-12-15,161.00
1985-12-16,134.00
1985-12-17,126.00
1985-12-18,126.00
1985-12-19,154.00
1985-12-20,169.00
1985-12-21,149.00
1985-12-22,154.00
1985-12-23,122.00
1985-12-24,119.00
1985-12-25,145.00
1985-12-26,166.00
1985-12-27,232.00
1985-12-28,251.00
1985-12-29,200.00
1985-12-30,223.00
1985-12-31,172.00
1986-01-01,164.00
1986-01-02,172.00
1986-01-03,172.00
1986-01-04,181.00
1986-01-05,205.00
1986-01-06,222.00
1986-01-07,238.00
1986-01-08,203.00
1986-01-09,181.00
1986-01-10,167.00
1986-01-11,224.00
1986-01-12,417.00
1986-01-13,424.00
1986-01-14,717.00
1986-01-15,828.00
1986-01-16,873.00
1986-01-17,750.00
1986-01-18,641.00
1986-01-19,992.00
1986-01-20,1088.00
1986-01-21,942.00
1986-01-22,840.00
1986-01-23,849.00
1986-01-24,1104.00
1986-01-25,1152.00
1986-01-26,1017.00
1986-01-27,874.00
1986-01-28,760.00
1986-01-29,658.00
1986-01-30,606.00
1986-01-31,608.00
1986-02-01,556.00
1986-02-02,498.00
1986-02-03,385.00
1986-02-04,316.00
1986-02-05,334.00
1986-02-06,293.00
1986-02-07,253.00
1986-02-08,231.00
1986-02-09,220.00
1986-02-10,181.00
1986-02-11,157.00
1986-02-12,178.00
1986-02-13,133.00
1986-02-14,154.00
1986-02-15,158.00
1986-02-16,159.00
1986-02-17,144.00
1986-02-18,117.00
1986-02-19,119.00
1986-02-20,121.00
1986-02-21,132.00
1986-02-22,184.00
1986-02-23,154.00
1986-02-24,105.00
1986-02-25,86.00
1986-02-26,79.00
1986-02-27,70.00
1986-02-28,74.00
1986-03-01,88.00
1986-03-02,86.00
1986-03-03,84.00
1986-03-04,48.00
1986-03-05,122.00
1986-03-06,225.00
1986-03-07,306.00
1986-03-08,300.00
1986-03-09,222.00
1986-03-10,201.00
1986-03-11,211.00
1986-03-12,217.00
1986-03-13,180.00
1986-03-14,212.00
1986-03-15,230.00
1986-03-16,218.00
1986-03-17,176.00
1986-03-18,172.00
1986-03-19,185.00
1986-03-20,182.00
1986-03-21,208.00
1986-03-22,180.00
1986-03-23,248.00
1986-03-24,392.00
1986-03-25,680.00
1986-03-26,684.00
1986-03-27,618.00
1986-03-28,766.00
1986-03-29,796.00
1986-03-30,827.00
1986-03-31,1111.00
1986-04-01,1665.00
1986-04-02,1407.00
1986-04-03,1148.00
1986-04-04,922.00
1986-04-05,777.00
1986-04-06,660.00
1986-04-07,628.00
1986-04-08,632.00
1986-04-09,565.00
1986-04-10,533.00
1986-04-11,526.00
1986-04-12,456.00
1986-04-13,402.00
1986-04-14,356.00
1986-04-15,357.00
1986-04-16,459.00
1986-04-17,466.00
1986-04-18,430.00
1986-04-19,398.00
1986-04-20,412.00
1986-04-21,422.00
1986-04-22,570.00
1986-04-23,626.00
1986-04-24,598.00
1986-04-25,526.00
1986-04-26,480.00
1986-04-27,500.00
1986-04-28,508.00
1986-04-29,482.00
1986-04-30,488.00
1986-05-01,475.00
1986-05-02,379.00
1986-05-03,340.00
1986-05-04,326.00
1986-05-05,299.00
1986-05-06,325.00
1986-05-07,312.00
1986-05-08,316.00
1986-05-09,264.00
1986-05-10,267.00
1986-05-11,264.00
1986-05-12,275.00
1986-05-13,245.00
1986-05-14,276.00
1986-05-15,231.00
1986-05-16,203.00
1986-05-17,210.00
1986-05-18,212.00
1986-05-19,233.00
1986-05-20,194.00
1986-05-21,216.00
1986-05-22,205.00
1986-05-23,179.00
1986-05-24,212.00
1986-05-25,264.00
1986-05-26,180.00
1986-05-27,184.00
1986-05-28,149.00
1986-05-29,105.00
1986-05-30,150.00
1986-05-31,123.00
1986-06-01,139.00
1986-06-02,151.00
1986-06-03,128.00
1986-06-04,183.00
1986-06-05,212.00
1986-06-06,204.00
1986-06-07,384.00
1986-06-08,592.00
1986-06-09,388.00
1986-06-10,309.00
1986-06-11,210.00
1986-06-12,233.00
1986-06-13,169.00
1986-06-14,158.00
1986-06-15,189.00
1986-06-16,139.00
1986-06-17,167.00
1986-06-18,228.00
1986-06-19,155.00
1986-06-20,144.00
1986-06-21,157.00
1986-06-22,177.00
1986-06-23,184.00
1986-06-24,186.00
1986-06-25,130.00
1986-06-26,112.00
1986-06-27,98.00
1986-06-28,78.00
1986-06-29,107.00
1986-06-30,84.00
1986-07-01,48.00
1986-07-02,51.00
1986-07-03,64.00
1986-07-04,62.00
1986-07-05,84.00
1986-07-06,116.00
1986-07-07,104.00
1986-07-08,96.00
1986-07-09,67.00
1986-07-10,90.00
1986-07-11,85.00
1986-07-12,81.00
1986-07-13,77.00
1986-07-14,54.00
1986-07-15,63.00
1986-07-16,57.00
1986-07-17,45.00
1986-07-18,49.00
1986-07-19,30.00
1986-07-20,61.00
1986-07-21,53.00
1986-07-22,37.00
1986-07-23,38.00
1986-07-24,48.00
1986-07-25,47.00
1986-07-26,42.00
1986-07-27,49.00
1986-07-28,48.00
1986-07-29,40.00
1986-07-30,16.00
1986-07-31,33.00
1986-08-01,28.00
1986-08-02,25.00
1986-08-03,23.00
1986-08-04,48.00
1986-08-05,27.00
1986-08-06,14.00
1986-08-07,10.00
1986-08-08,12.00
1986-08-09,19.00
1986-08-10,16.00
1986-08-11,37.00
1986-08-12,22.00
1986-08-13,10.00
1986-08-14,14.00
1986-08-15,37.00
1986-08-16,34.00
1986-08-17,26.00
1986-08-18,25.00
1986-08-19,34.00
1986-08-20,36.00
1986-08-21,19.00
1986-08-22,18.00
1986-08-23,33.00
1986-08-24,94.00
1986-08-25,89.00
1986-08-26,90.00
1986-08-27,47.00
1986-08-28,42.00
1986-08-29,32.00
1986-08-30,58.00
1986-08-31,24.00
1986-09-01,29.00
1986-09-02,22.00
1986-09-03,10.00
1986-09-04,38.00
1986-09-05,38.00
1986-09-06,34.00
1986-09-07,30.00
1986-09-08,25.00
1986-09-09,10.00
1986-09-10,18.00
1986-09-11,10.00
1986-09-12,12.00
1986-09-13,19.00
1986-09-14,166.00
1986-09-15,121.00
1986-09-16,142.00
1986-09-17,188.00
1986-09-18,129.00
1986-09-19,184.00
1986-09-20,161.00
1986-09-21,115.00
1986-09-22,131.00
1986-09-23,96.00
1986-09-24,42.00
1986-09-25,61.00
1986-09-26,61.00
1986-09-27,50.00
1986-09-28,62.00
1986-09-29,68.00
1986-09-30,31.00
1986-10-01,27.00
1986-10-02,18.00
1986-10-03,34.00
1986-10-04,11.00
1986-10-05,50.00
1986-10-06,10.00
1986-10-07,10.00
1986-10-08,10.00
1986-10-09,12.00
1986-10-10,18.00
1986-10-11,31.00
1986-10-12,50.00
1986-10-13,39.00
1986-10-14,10.00
1986-10-15,19.00
1986-10-16,11.00
1986-10-17,14.00
1986-10-18,22.00
1986-10-19,38.00
1986-10-20,75.00
1986-10-21,108.00
1986-10-22,344.00
1986-10-23,618.00
1986-10-24,561.00
1986-10-25,460.00
1986-10-26,436.00
1986-10-27,400.00
1986-10-28,366.00
1986-10-29,318.00
1986-10-30,348.00
1986-10-31,308.00
1986-11-01,282.00
1986-11-02,377.00
1986-11-03,443.00
1986-11-04,398.00
1986-11-05,328.00
1986-11-06,310.00
1986-11-07,296.00
1986-11-08,266.00
1986-11-09,238.00
1986-11-10,213.00
1986-11-11,198.00
1986-11-12,169.00
1986-11-13,168.00
1986-11-14,146.00
1986-11-15,160.00
1986-11-16,158.00
1986-11-17,142.00
1986-11-18,130.00
1986-11-19,149.00
1986-11-20,346.00
1986-11-21,524.00
1986-11-22,527.00
1986-11-23,505.00
1986-11-24,466.00
1986-11-25,469.00
1986-11-26,442.00
1986-11-27,407.00
1986-11-28,332.00
1986-11-29,321.00
1986-11-30,285.00
1986-12-01,248.00
1986-12-02,241.00
1986-12-03,218.00
1986-12-04,211.00
1986-12-05,165.00
1986-12-06,198.00
1986-12-07,234.00
1986-12-08,276.00
1986-12-09,231.00
1986-12-10,204.00
1986-12-11,150.00
1986-12-12,183.00
1986-12-13,170.00
1986-12-14,182.00
1986-12-15,198.00
1986-12-16,271.00
1986-12-17,329.00
1986-12-18,427.00
1986-12-19,666.00
1986-12-20,739.00
1986-12-21,699.00
1986-12-22,603.00
1986-12-23,537.00
1986-12-24,461.00
1986-12-25,452.00
1986-12-26,552.00
1986-12-27,583.00
1986-12-28,574.00
1986-12-29,593.00
1986-12-30,780.00
1986-12-31,830.00
1987-01-01,916.00
1987-01-02,1376.00
1987-01-03,1530.00
1987-01-04,1245.00
1987-01-05,1084.00
1987-01-06,1056.00
1987-01-07,932.00
1987-01-08,797.00
1987-01-09,693.00
1987-01-10,650.00
1987-01-11,590.00
1987-01-12,468.00
1987-01-13,362.00
1987-01-14,328.00
1987-01-15,327.00
1987-01-16,284.00
1987-01-17,234.00
1987-01-18,228.00
1987-01-19,228.00
1987-01-20,199.00
1987-01-21,165.00
1987-01-22,138.00
1987-01-23,135.00
1987-01-24,184.00
1987-01-25,209.00
1987-01-26,188.00
1987-01-27,188.00
1987-01-28,121.00
1987-01-29,122.00
1987-01-30,157.00
1987-01-31,146.00
1987-02-01,139.00
1987-02-02,114.00
1987-02-03,100.00
1987-02-04,125.00
1987-02-05,124.00
1987-02-06,133.00
1987-02-07,265.00
1987-02-08,342.00
1987-02-09,306.00
1987-02-10,352.00
1987-02-11,366.00
1987-02-12,356.00
1987-02-13,365.00
1987-02-14,350.00
1987-02-15,410.00
1987-02-16,426.00
1987-02-17,415.00
1987-02-18,363.00
1987-02-19,315.00
1987-02-20,310.00
1987-02-21,296.00
1987-02-22,264.00
1987-02-23,244.00
1987-02-24,249.00
1987-02-25,220.00
1987-02-26,226.00
1987-02-27,371.00
1987-02-28,1138.00
1987-03-01,1097.00
1987-03-02,1030.00
1987-03-03,1149.00
1987-03-04,936.00
1987-03-05,743.00
1987-03-06,623.00
1987-03-07,544.00
1987-03-08,503.00
1987-03-09,447.00
1987-03-10,368.00
1987-03-11,318.00
1987-03-12,294.00
1987-03-13,276.00
1987-03-14,258.00
1987-03-15,254.00
1987-03-16,245.00
1987-03-17,228.00
1987-03-18,266.00
1987-03-19,358.00
1987-03-20,345.00
1987-03-21,333.00
1987-03-22,333.00
1987-03-23,380.00
1987-03-24,820.00
1987-03-25,1146.00
1987-03-26,1172.00
1987-03-27,1038.00
1987-03-28,950.00
1987-03-29,872.00
1987-03-30,724.00
1987-03-31,630.00
1987-04-01,528.00
1987-04-02,492.00
1987-04-03,453.00
1987-04-04,407.00
1987-04-05,393.00
1987-04-06,313.00
1987-04-07,295.00
1987-04-08,301.00
1987-04-09,268.00
1987-04-10,276.00
1987-04-11,282.00
1987-04-12,280.00
1987-04-13,304.00
1987-04-14,284.00
1987-04-15,234.00
1987-04-16,213.00
1987-04-17,224.00
1987-04-18,199.00
1987-04-19,228.00
1987-04-20,222.00
1987-04-21,210.00
1987-04-22,179.00
1987-04-23,174.00
1987-04-24,150.00
1987-04-25,145.00
1987-04-26,192.00
1987-04-27,167.00
1987-04-28,159.00
1987-04-29,117.00
1987-04-30,120.00
1987-05-01,142.00
1987-05-02,136.00
1987-05-03,144.00
1987-05-04,157.00
1987-05-05,148.00
1987-05-06,137.00
1987-05-07,112.00
1987-05-08,120.00
1987-05-09,101.00
1987-05-10,139.00
1987-05-11,106.00
1987-05-12,127.00
1987-05-13,143.00
1987-05-14,157.00
1987-05-15,165.00
1987-05-16,164.00
1987-05-17,194.00
1987-05-18,174.00
1987-05-19,175.00
1987-05-20,159.00
1987-05-21,142.00
1987-05-22,164.00
1987-05-23,164.00
1987-05-24,174.00
1987-05-25,117.00
1987-05-26,112.00
1987-05-27,125.00
1987-05-28,148.00
1987-05-29,140.00
1987-05-30,117.00
1987-05-31,165.00
1987-06-01,157.00
1987-06-02,130.00
1987-06-03,114.00
1987-06-04,135.00
1987-06-05,154.00
1987-06-06,127.00
1987-06-07,140.00
1987-06-08,158.00
1987-06-09,132.00
1987-06-10,138.00
1987-06-11,117.00
1987-06-12,111.00
1987-06-13,163.00
1987-06-14,208.00
1987-06-15,212.00
1987-06-16,272.00
1987-06-17,260.00
1987-06-18,312.00
1987-06-19,348.00
1987-06-20,405.00
1987-06-21,439.00
1987-06-22,364.00
1987-06-23,407.00
1987-06-24,404.00
1987-06-25,388.00
1987-06-26,389.00
1987-06-27,447.00
1987-06-28,420.00
1987-06-29,348.00
1987-06-30,292.00
1987-07-01,244.00
1987-07-02,221.00
1987-07-03,185.00
1987-07-04,148.00
1987-07-05,182.00
1987-07-06,146.00
1987-07-07,124.00
1987-07-08,118.00
1987-07-09,128.00
1987-07-10,113.00
1987-07-11,93.00
1987-07-12,126.00
1987-07-13,116.00
1987-07-14,111.00
1987-07-15,88.00
1987-07-16,108.00
1987-07-17,170.00
1987-07-18,280.00
1987-07-19,220.00
1987-07-20,218.00
1987-07-21,461.00
1987-07-22,518.00
1987-07-23,427.00
1987-07-24,291.00
1987-07-25,258.00
1987-07-26,251.00
1987-07-27,241.00
1987-07-28,313.00
1987-07-29,294.00
1987-07-30,337.00
1987-07-31,317.00
1987-08-01,340.00
1987-08-02,336.00
1987-08-03,341.00
1987-08-04,408.00
1987-08-05,433.00
1987-08-06,351.00
1987-08-07,275.00
1987-08-08,262.00
1987-08-09,246.00
1987-08-10,283.00
1987-08-11,211.00
1987-08-12,217.00
1987-08-13,184.00
1987-08-14,165.00
1987-08-15,149.00
1987-08-16,160.00
1987-08-17,147.00
1987-08-18,123.00
1987-08-19,139.00
1987-08-20,102.00
1987-08-21,102.00
1987-08-22,98.00
1987-08-23,132.00
1987-08-24,85.00
1987-08-25,216.00
1987-08-26,211.00
1987-08-27,171.00
1987-08-28,206.00
1987-08-29,184.00
1987-08-30,140.00
1987-08-31,134.00
1987-09-01,123.00
1987-09-02,158.00
1987-09-03,161.00
1987-09-04,151.00
1987-09-05,153.00
1987-09-06,107.00
1987-09-07,120.00
1987-09-08,198.00
1987-09-09,168.00
1987-09-10,154.00
1987-09-11,170.00
1987-09-12,144.00
1987-09-13,117.00
1987-09-14,121.00
1987-09-15,136.00
1987-09-16,108.00
1987-09-17,97.00
1987-09-18,91.00
1987-09-19,93.00
1987-09-20,119.00
1987-09-21,81.00
1987-09-22,90.00
1987-09-23,121.00
1987-09-24,194.00
1987-09-25,219.00
1987-09-26,143.00
1987-09-27,166.00
1987-09-28,113.00
1987-09-29,102.00
1987-09-30,169.00
1987-10-01,148.00
1987-10-02,98.00
1987-10-03,70.00
1987-10-04,93.00
1987-10-05,86.00
1987-10-06,154.00
1987-10-07,265.00
1987-10-08,323.00
1987-10-09,523.00
1987-10-10,535.00
1987-10-11,458.00
1987-10-12,317.00
1987-10-13,282.00
1987-10-14,261.00
1987-10-15,375.00
1987-10-16,794.00
1987-10-17,1012.00
1987-10-18,808.00
1987-10-19,610.00
1987-10-20,493.00
1987-10-21,388.00
1987-10-22,316.00
1987-10-23,284.00
1987-10-24,257.00
1987-10-25,291.00
1987-10-26,242.00
1987-10-27,229.00
1987-10-28,202.00
1987-10-29,264.00
1987-10-30,242.00
1987-10-31,250.00
1987-11-01,235.00
1987-11-02,216.00
1987-11-03,154.00
1987-11-04,183.00
1987-11-05,139.00
1987-11-06,131.00
1987-11-07,142.00
1987-11-08,147.00
1987-11-09,142.00
1987-11-10,135.00
1987-11-11,138.00
1987-11-12,193.00
1987-11-13,305.00
1987-11-14,514.00
1987-11-15,502.00
1987-11-16,452.00
1987-11-17,565.00
1987-11-18,527.00
1987-11-19,432.00
1987-11-20,448.00
1987-11-21,517.00
1987-11-22,628.00
1987-11-23,745.00
1987-11-24,742.00
1987-11-25,626.00
1987-11-26,606.00
1987-11-27,617.00
1987-11-28,632.00
1987-11-29,605.00
1987-11-30,490.00
1987-12-01,432.00
1987-12-02,369.00
1987-12-03,335.00
1987-12-04,324.00
1987-12-05,289.00
1987-12-06,292.00
1987-12-07,265.00
1987-12-08,220.00
1987-12-09,215.00
1987-12-10,204.00
1987-12-11,233.00
1987-12-12,251.00
1987-12-13,212.00
1987-12-14,188.00
1987-12-15,168.00
1987-12-16,178.00
1987-12-17,224.00
1987-12-18,284.00
1987-12-19,406.00
1987-12-20,506.00
1987-12-21,442.00
1987-12-22,402.00
1987-12-23,361.00
1987-12-24,332.00
1987-12-25,314.00
1987-12-26,284.00
1987-12-27,245.00
1987-12-28,252.00
1987-12-29,221.00
1987-12-30,212.00
1987-12-31,240.00
1988-01-01,243.00
1988-01-02,258.00
1988-01-03,463.00
1988-01-04,499.00
1988-01-05,620.00
1988-01-06,673.00
1988-01-07,680.00
1988-01-08,646.00
1988-01-09,573.00
1988-01-10,529.00
1988-01-11,527.00
1988-01-12,564.00
1988-01-13,530.00
1988-01-14,482.00
1988-01-15,412.00
1988-01-16,417.00
1988-01-17,407.00
1988-01-18,352.00
1988-01-19,366.00
1988-01-20,357.00
1988-01-21,349.00
1988-01-22,364.00
1988-01-23,494.00
1988-01-24,551.00
1988-01-25,852.00
1988-01-26,1070.00
1988-01-27,1082.00
1988-01-28,1021.00
1988-01-29,1023.00
1988-01-30,1051.00
1988-01-31,1058.00
1988-02-01,989.00
1988-02-02,1046.00
1988-02-03,1093.00
1988-02-04,1145.00
1988-02-05,1098.00
1988-02-06,1024.00
1988-02-07,983.00
1988-02-08,910.00
1988-02-09,976.00
1988-02-10,1097.00
1988-02-11,1150.00
1988-02-12,1220.00
1988-02-13,1200.00
1988-02-14,1113.00
1988-02-15,979.00
1988-02-16,888.00
1988-02-17,797.00
1988-02-18,722.00
1988-02-19,652.00
1988-02-20,647.00
1988-02-21,623.00
1988-02-22,542.00
1988-02-23,476.00
1988-02-24,468.00
1988-02-25,452.00
1988-02-26,415.00
1988-02-27,396.00
1988-02-28,388.00
1988-02-29,409.00
1988-03-01,440.00
1988-03-02,443.00
1988-03-03,427.00
1988-03-04,464.00
1988-03-05,476.00
1988-03-06,449.00
1988-03-07,768.00
1988-03-08,965.00
1988-03-09,786.00
1988-03-10,628.00
1988-03-11,594.00
1988-03-12,812.00
1988-03-13,1371.00
1988-03-14,1709.00
1988-03-15,1709.00
1988-03-16,1803.00
1988-03-17,1810.00
1988-03-18,1453.00
1988-03-19,1121.00
1988-03-20,939.00
1988-03-21,901.00
1988-03-22,862.00
1988-03-23,796.00
1988-03-24,824.00
1988-03-25,865.00
1988-03-26,1135.00
1988-03-27,1149.00
1988-03-28,1133.00
1988-03-29,1009.00
1988-03-30,950.00
1988-03-31,892.00
1988-04-01,857.00
1988-04-02,859.00
1988-04-03,804.00
1988-04-04,709.00
1988-04-05,621.00
1988-04-06,518.00
1988-04-07,472.00
1988-04-08,405.00
1988-04-09,353.00
1988-04-10,374.00
1988-04-11,298.00
1988-04-12,286.00
1988-04-13,307.00
1988-04-14,266.00
1988-04-15,251.00
1988-04-16,237.00
1988-04-17,266.00
1988-04-18,277.00
1988-04-19,234.00
1988-04-20,254.00
1988-04-21,239.00
1988-04-22,214.00
1988-04-23,202.00
1988-04-24,212.00
1988-04-25,176.00
1988-04-26,178.00
1988-04-27,166.00
1988-04-28,159.00
1988-04-29,155.00
1988-04-30,156.00
1988-05-01,154.00
1988-05-02,167.00
1988-05-03,157.00
1988-05-04,143.00
1988-05-05,133.00
1988-05-06,131.00
1988-05-07,114.00
1988-05-08,135.00
1988-05-09,138.00
1988-05-10,260.00
1988-05-11,192.00
1988-05-12,174.00
1988-05-13,136.00
1988-05-14,130.00
1988-05-15,134.00
1988-05-16,134.00
1988-05-17,110.00
1988-05-18,109.00
1988-05-19,106.00
1988-05-20,129.00
1988-05-21,95.00
1988-05-22,124.00
1988-05-23,114.00
1988-05-24,79.00
1988-05-25,92.00
1988-05-26,101.00
1988-05-27,229.00
1988-05-28,274.00
1988-05-29,236.00
1988-05-30,177.00
1988-05-31,168.00
1988-06-01,162.00
1988-06-02,172.00
1988-06-03,182.00
1988-06-04,220.00
1988-06-05,208.00
1988-06-06,167.00
1988-06-07,130.00
1988-06-08,116.00
1988-06-09,117.00
1988-06-10,113.00
1988-06-11,111.00
1988-06-12,121.00
1988-06-13,83.00
1988-06-14,94.00
1988-06-15,104.00
1988-06-16,102.00
1988-06-17,120.00
1988-06-18,69.00
1988-06-19,112.00
1988-06-20,66.00
1988-06-21,70.00
1988-06-22,75.00
1988-06-23,45.00
1988-06-24,59.00
1988-06-25,66.00
1988-06-26,91.00
1988-06-27,72.00
1988-06-28,45.00
1988-06-29,88.00
1988-06-30,79.00
1988-07-01,78.00
1988-07-02,117.00
1988-07-03,173.00
1988-07-04,127.00
1988-07-05,178.00
1988-07-06,233.00
1988-07-07,218.00
1988-07-08,138.00
1988-07-09,117.00
1988-07-10,134.00
1988-07-11,72.00
1988-07-12,95.00
1988-07-13,62.00
1988-07-14,136.00
1988-07-15,142.00
1988-07-16,255.00
1988-07-17,212.00
1988-07-18,212.00
1988-07-19,177.00
1988-07-20,171.00
1988-07-21,118.00
1988-07-22,126.00
1988-07-23,91.00
1988-07-24,360.00
1988-07-25,455.00
1988-07-26,278.00
1988-07-27,211.00
1988-07-28,178.00
1988-07-29,136.00
1988-07-30,155.00
1988-07-31,134.00
1988-08-01,119.00
1988-08-02,96.00
1988-08-03,100.00
1988-08-04,76.00
1988-08-05,94.00
1988-08-06,69.00
1988-08-07,84.00
1988-08-08,64.00
1988-08-09,65.00
1988-08-10,47.00
1988-08-11,62.00
1988-08-12,65.00
1988-08-13,46.00
1988-08-14,67.00
1988-08-15,53.00
1988-08-16,53.00
1988-08-17,30.00
1988-08-18,39.00
1988-08-19,29.00
1988-08-20,42.00
1988-08-21,86.00
1988-08-22,46.00
1988-08-23,50.00
1988-08-24,33.00
1988-08-25,50.00
1988-08-26,56.00
1988-08-27,58.00
1988-08-28,64.00
1988-08-29,70.00
1988-08-30,60.00
1988-08-31,37.00
1988-09-01,53.00
1988-09-02,88.00
1988-09-03,48.00
1988-09-04,125.00
1988-09-05,80.00
1988-09-06,102.00
1988-09-07,71.00
1988-09-08,46.00
1988-09-09,52.00
1988-09-10,34.00
1988-09-11,55.00
1988-09-12,44.00
1988-09-13,40.00
1988-09-14,44.00
1988-09-15,47.00
1988-09-16,73.00
1988-09-17,84.00
1988-09-18,91.00
1988-09-19,69.00
1988-09-20,55.00
1988-09-21,54.00
1988-09-22,31.00
1988-09-23,20.00
1988-09-24,53.00
1988-09-25,97.00
1988-09-26,65.00
1988-09-27,57.00
1988-09-28,87.00
1988-09-29,59.00
1988-09-30,59.00
1988-10-01,61.00
1988-10-02,33.00
1988-10-03,53.00
1988-10-04,27.00
1988-10-05,42.00
1988-10-06,77.00
1988-10-07,338.00
1988-10-08,498.00
1988-10-09,448.00
1988-10-10,447.00
1988-10-11,373.00
1988-10-12,298.00
1988-10-13,242.00
1988-10-14,221.00
1988-10-15,192.00
1988-10-16,170.00
1988-10-17,157.00
1988-10-18,130.00
1988-10-19,124.00
1988-10-20,152.00
1988-10-21,362.00
1988-10-22,311.00
1988-10-23,287.00
1988-10-24,210.00
1988-10-25,214.00
1988-10-26,171.00
1988-10-27,169.00
1988-10-28,134.00
1988-10-29,148.00
1988-10-30,144.00
1988-10-31,127.00
1988-11-01,150.00
1988-11-02,118.00
1988-11-03,86.00
1988-11-04,112.00
1988-11-05,133.00
1988-11-06,104.00
1988-11-07,93.00
1988-11-08,95.00
1988-11-09,83.00
1988-11-10,68.00
1988-11-11,64.00
1988-11-12,95.00
1988-11-13,90.00
1988-11-14,83.00
1988-11-15,46.00
1988-11-16,58.00
1988-11-17,68.00
1988-11-18,53.00
1988-11-19,90.00
1988-11-20,103.00
1988-11-21,120.00
1988-11-22,76.00
1988-11-23,80.00
1988-11-24,115.00
1988-11-25,124.00
1988-11-26,134.00
1988-11-27,163.00
1988-11-28,124.00
1988-11-29,115.00
1988-11-30,224.00
1988-12-01,662.00
1988-12-02,687.00
1988-12-03,534.00
1988-12-04,506.00
1988-12-05,1156.00
1988-12-06,1186.00
1988-12-07,994.00
1988-12-08,853.00
1988-12-09,810.00
1988-12-10,884.00
1988-12-11,823.00
1988-12-12,746.00
1988-12-13,728.00
1988-12-14,678.00
1988-12-15,600.00
1988-12-16,557.00
1988-12-17,484.00
1988-12-18,460.00
1988-12-19,465.00
1988-12-20,637.00
1988-12-21,574.00
1988-12-22,552.00
1988-12-23,480.00
1988-12-24,528.00
1988-12-25,567.00
1988-12-26,506.00
1988-12-27,412.00
1988-12-28,409.00
1988-12-29,362.00
1988-12-30,315.00
1988-12-31,294.00
1989-01-01,289.00
1989-01-02,259.00
1989-01-03,238.00
1989-01-04,236.00
1989-01-05,225.00
1989-01-06,291.00
1989-01-07,415.00
1989-01-08,408.00
1989-01-09,314.00
1989-01-10,320.00
1989-01-11,338.00
1989-01-12,289.00
1989-01-13,332.00
1989-01-14,302.00
1989-01-15,283.00
1989-01-16,230.00
1989-01-17,234.00
1989-01-18,237.00
1989-01-19,228.00
1989-01-20,196.00
1989-01-21,199.00
1989-01-22,214.00
1989-01-23,212.00
1989-01-24,209.00
1989-01-25,195.00
1989-01-26,164.00
1989-01-27,180.00
1989-01-28,171.00
1989-01-29,168.00
1989-01-30,155.00
1989-01-31,133.00
1989-02-01,130.00
1989-02-02,110.00
1989-02-03,121.00
1989-02-04,138.00
1989-02-05,150.00
1989-02-06,146.00
1989-02-07,126.00
1989-02-08,125.00
1989-02-09,124.00
1989-02-10,109.00
1989-02-11,128.00
1989-02-12,128.00
1989-02-13,126.00
1989-02-14,135.00
1989-02-15,118.00
1989-02-16,166.00
1989-02-17,181.00
1989-02-18,184.00
1989-02-19,268.00
1989-02-20,356.00
1989-02-21,342.00
1989-02-22,293.00
1989-02-23,277.00
1989-02-24,321.00
1989-02-25,362.00
1989-02-26,438.00
1989-02-27,487.00
1989-02-28,550.00
1989-03-01,569.00
1989-03-02,637.00
1989-03-03,769.00
1989-03-04,848.00
1989-03-05,784.00
1989-03-06,640.00
1989-03-07,530.00
1989-03-08,724.00
1989-03-09,849.00
1989-03-10,654.00
1989-03-11,522.00
1989-03-12,460.00
1989-03-13,387.00
1989-03-14,350.00
1989-03-15,324.00
1989-03-16,375.00
1989-03-17,577.00
1989-03-18,587.00
1989-03-19,539.00
1989-03-20,428.00
1989-03-21,406.00
1989-03-22,358.00
1989-03-23,337.00
1989-03-24,313.00
1989-03-25,390.00
1989-03-26,418.00
1989-03-27,336.00
1989-03-28,310.00
1989-03-29,285.00
1989-03-30,256.00
1989-03-31,204.00
1989-04-01,232.00
1989-04-02,239.00
1989-04-03,220.00
1989-04-04,244.00
1989-04-05,292.00
1989-04-06,444.00
1989-04-07,684.00
1989-04-08,646.00
1989-04-09,550.00
1989-04-10,457.00
1989-04-11,405.00
1989-04-12,442.00
1989-04-13,595.00
1989-04-14,786.00
1989-04-15,916.00
1989-04-16,788.00
1989-04-17,655.00
1989-04-18,560.00
1989-04-19,478.00
1989-04-20,488.00
1989-04-21,538.00
1989-04-22,688.00
1989-04-23,871.00
1989-04-24,678.00
1989-04-25,618.00
1989-04-26,887.00
1989-04-27,988.00
1989-04-28,818.00
1989-04-29,685.00
1989-04-30,562.00
1989-05-01,492.00
1989-05-02,431.00
1989-05-03,331.00
1989-05-04,360.00
1989-05-05,275.00
1989-05-06,263.00
1989-05-07,258.00
1989-05-08,216.00
1989-05-09,199.00
1989-05-10,210.00
1989-05-11,263.00
1989-05-12,378.00
1989-05-13,352.00
1989-05-14,284.00
1989-05-15,279.00
1989-05-16,198.00
1989-05-17,208.00
1989-05-18,162.00
1989-05-19,162.00
1989-05-20,150.00
1989-05-21,175.00
1989-05-22,130.00
1989-05-23,131.00
1989-05-24,105.00
1989-05-25,116.00
1989-05-26,104.00
1989-05-27,104.00
1989-05-28,113.00
1989-05-29,108.00
1989-05-30,79.00
1989-05-31,89.00
1989-06-01,84.00
1989-06-02,81.00
1989-06-03,102.00
1989-06-04,146.00
1989-06-05,137.00
1989-06-06,118.00
1989-06-07,118.00
1989-06-08,125.00
1989-06-09,123.00
1989-06-10,105.00
1989-06-11,133.00
1989-06-12,91.00
1989-06-13,79.00
1989-06-14,64.00
1989-06-15,75.00
1989-06-16,74.00
1989-06-17,65.00
1989-06-18,58.00
1989-06-19,39.00
1989-06-20,50.00
1989-06-21,44.00
1989-06-22,47.00
1989-06-23,75.00
1989-06-24,86.00
1989-06-25,52.00
1989-06-26,48.00
1989-06-27,65.00
1989-06-28,46.00
1989-06-29,59.00
1989-06-30,62.00
1989-07-01,62.00
1989-07-02,80.00
1989-07-03,62.00
1989-07-04,57.00
1989-07-05,43.00
1989-07-06,51.00
1989-07-07,40.00
1989-07-08,51.00
1989-07-09,72.00
1989-07-10,50.00
1989-07-11,32.00
1989-07-12,39.00
1989-07-13,34.00
1989-07-14,28.00
1989-07-15,42.00
1989-07-16,38.00
1989-07-17,31.00
1989-07-18,40.00
1989-07-19,16.00
1989-07-20,27.00
1989-07-21,38.00
1989-07-22,21.00
1989-07-23,54.00
1989-07-24,49.00
1989-07-25,32.00
1989-07-26,19.00
1989-07-27,40.00
1989-07-28,15.00
1989-07-29,10.00
1989-07-30,48.00
1989-07-31,48.00
1989-08-01,31.00
1989-08-02,28.00
1989-08-03,24.00
1989-08-04,23.00
1989-08-05,11.00
1989-08-06,31.00
1989-08-07,35.00
1989-08-08,17.00
1989-08-09,23.00
1989-08-10,33.00
1989-08-11,27.00
1989-08-12,22.00
1989-08-13,53.00
1989-08-14,31.00
1989-08-15,10.00
1989-08-16,10.00
1989-08-17,10.00
1989-08-18,10.00
1989-08-19,15.00
1989-08-20,31.00
1989-08-21,26.00
1989-08-22,10.00
1989-08-23,10.00
1989-08-24,10.00
1989-08-25,10.00
1989-08-26,10.00
1989-08-27,31.00
1989-08-28,56.00
1989-08-29,10.00
1989-08-30,10.00
1989-08-31,10.00
1989-09-01,20.00
1989-09-02,25.00
1989-09-03,23.00
1989-09-04,34.00
1989-09-05,10.00
1989-09-06,10.00
1989-09-07,10.00
1989-09-08,10.00
1989-09-09,10.00
1989-09-10,17.00
1989-09-11,10.00
1989-09-12,10.00
1989-09-13,10.00
1989-09-14,21.00
1989-09-15,26.00
1989-09-16,63.00
1989-09-17,158.00
1989-09-18,65.00
1989-09-19,48.00
1989-09-20,25.00
1989-09-21,22.00
1989-09-22,15.00
1989-09-23,16.00
1989-09-24,37.00
1989-09-25,48.00
1989-09-26,10.00
1989-09-27,14.00
1989-09-28,13.00
1989-09-29,11.00
1989-09-30,12.00
1989-10-01,27.00
1989-10-02,23.00
1989-10-03,10.00
1989-10-04,10.00
1989-10-05,10.00
1989-10-06,10.00
1989-10-07,28.00
1989-10-08,71.00
1989-10-09,47.00
1989-10-10,10.00
1989-10-11,16.00
1989-10-12,42.00
1989-10-13,14.00
1989-10-14,54.00
1989-10-15,49.00
1989-10-16,34.00
1989-10-17,11.00
1989-10-18,15.00
1989-10-19,10.00
1989-10-20,18.00
1989-10-21,37.00
1989-10-22,46.00
1989-10-23,35.00
1989-10-24,21.00
1989-10-25,10.00
1989-10-26,20.00
1989-10-27,10.00
1989-10-28,10.00
1989-10-29,18.00
1989-10-30,94.00
1989-10-31,87.00
1989-11-01,151.00
1989-11-02,200.00
1989-11-03,178.00
1989-11-04,144.00
1989-11-05,172.00
1989-11-06,132.00
1989-11-07,112.00
1989-11-08,86.00
1989-11-09,82.00
1989-11-10,86.00
1989-11-11,104.00
1989-11-12,111.00
1989-11-13,46.00
1989-11-14,58.00
1989-11-15,44.00
1989-11-16,45.00
1989-11-17,44.00
1989-11-18,46.00
1989-11-19,64.00
1989-11-20,38.00
1989-11-21,38.00
1989-11-22,34.00
1989-11-23,21.00
1989-11-24,24.00
1989-11-25,50.00
1989-11-26,46.00
1989-11-27,38.00
1989-11-28,18.00
1989-11-29,11.00
1989-11-30,15.00
1989-12-01,15.00
1989-12-02,21.00
1989-12-03,15.00
1989-12-04,26.00
1989-12-05,20.00
1989-12-06,10.00
1989-12-07,40.00
1989-12-08,10.00
1989-12-09,10.00
1989-12-10,38.00
1989-12-11,20.00
1989-12-12,10.00
1989-12-13,13.00
1989-12-14,52.00
1989-12-15,150.00
1989-12-16,322.00
1989-12-17,619.00
1989-12-18,523.00
1989-12-19,502.00
1989-12-20,513.00
1989-12-21,769.00
1989-12-22,815.00
1989-12-23,1125.00
1989-12-24,967.00
1989-12-25,833.00
1989-12-26,688.00
1989-12-27,513.00
1989-12-28,423.00
1989-12-29,356.00
1989-12-30,300.00
1989-12-31,266.00
1990-01-01,244.00
1990-01-02,219.00
1990-01-03,182.00
1990-01-04,142.00
1990-01-05,170.00
1990-01-06,142.00
1990-01-07,142.00
1990-01-08,134.00
1990-01-09,123.00
1990-01-10,103.00
1990-01-11,115.00
1990-01-12,98.00
1990-01-13,103.00
1990-01-14,96.00
1990-01-15,105.00
1990-01-16,88.00
1990-01-17,102.00
1990-01-18,115.00
1990-01-19,111.00
1990-01-20,120.00
1990-01-21,136.00
1990-01-22,159.00
1990-01-23,136.00
1990-01-24,495.00
1990-01-25,772.00
1990-01-26,969.00
1990-01-27,921.00
1990-01-28,817.00
1990-01-29,693.00
1990-01-30,559.00
1990-01-31,450.00
1990-02-01,381.00
1990-02-02,387.00
1990-02-03,360.00
1990-02-04,352.00
1990-02-05,293.00
1990-02-06,278.00
1990-02-07,271.00
1990-02-08,271.00
1990-02-09,210.00
1990-02-10,205.00
1990-02-11,248.00
1990-02-12,357.00
1990-02-13,456.00
1990-02-14,636.00
1990-02-15,990.00
1990-02-16,1420.00
1990-02-17,1132.00
1990-02-18,968.00
1990-02-19,817.00
1990-02-20,697.00
1990-02-21,720.00
1990-02-22,708.00
1990-02-23,618.00
1990-02-24,550.00
1990-02-25,437.00
1990-02-26,426.00
1990-02-27,547.00
1990-02-28,791.00
1990-03-01,978.00
1990-03-02,962.00
1990-03-03,868.00
1990-03-04,782.00
1990-03-05,692.00
1990-03-06,598.00
1990-03-07,528.00
1990-03-08,517.00
1990-03-09,478.00
1990-03-10,390.00
1990-03-11,378.00
1990-03-12,298.00
1990-03-13,270.00
1990-03-14,253.00
1990-03-15,224.00
1990-03-16,213.00
1990-03-17,193.00
1990-03-18,218.00
1990-03-19,175.00
1990-03-20,166.00
1990-03-21,168.00
1990-03-22,155.00
1990-03-23,157.00
1990-03-24,147.00
1990-03-25,180.00
1990-03-26,155.00
1990-03-27,165.00
1990-03-28,158.00
1990-03-29,143.00
1990-03-30,120.00
1990-03-31,126.00
1990-04-01,146.00
1990-04-02,112.00
1990-04-03,116.00
1990-04-04,119.00
1990-04-05,135.00
1990-04-06,110.00
1990-04-07,113.00
1990-04-08,130.00
1990-04-09,85.00
1990-04-10,89.00
1990-04-11,90.00
1990-04-12,91.00
1990-04-13,80.00
1990-04-14,98.00
1990-04-15,146.00
1990-04-16,164.00
1990-04-17,154.00
1990-04-18,143.00
1990-04-19,124.00
1990-04-20,145.00
1990-04-21,181.00
1990-04-22,185.00
1990-04-23,162.00
1990-04-24,172.00
1990-04-25,154.00
1990-04-26,136.00
1990-04-27,149.00
1990-04-28,139.00
1990-04-29,138.00
1990-04-30,108.00
1990-05-01,122.00
1990-05-02,92.00
1990-05-03,72.00
1990-05-04,69.00
1990-05-05,73.00
1990-05-06,92.00
1990-05-07,59.00
1990-05-08,79.00
1990-05-09,65.00
1990-05-10,71.00
1990-05-11,97.00
1990-05-12,113.00
1990-05-13,101.00
1990-05-14,73.00
1990-05-15,63.00
1990-05-16,45.00
1990-05-17,56.00
1990-05-18,46.00
1990-05-19,58.00
1990-05-20,34.00
1990-05-21,32.00
1990-05-22,35.00
1990-05-23,22.00
1990-05-24,55.00
1990-05-25,44.00
1990-05-26,31.00
1990-05-27,42.00
1990-05-28,42.00
1990-05-29,12.00
1990-05-30,20.00
1990-05-31,21.00
1990-06-01,28.00
1990-06-02,48.00
1990-06-03,48.00
1990-06-04,62.00
1990-06-05,48.00
1990-06-06,23.00
1990-06-07,38.00
1990-06-08,44.00
1990-06-09,72.00
1990-06-10,78.00
1990-06-11,62.00
1990-06-12,31.00
1990-06-13,28.00
1990-06-14,11.00
1990-06-15,20.00
1990-06-16,30.00
1990-06-17,53.00
1990-06-18,32.00
1990-06-19,10.00
1990-06-20,20.00
1990-06-21,26.00
1990-06-22,10.00
1990-06-23,42.00
1990-06-24,58.00
1990-06-25,28.00
1990-06-26,10.00
1990-06-27,52.00
1990-06-28,101.00
1990-06-29,65.00
1990-06-30,94.00
1990-07-01,141.00
1990-07-02,67.00
1990-07-03,66.00
1990-07-04,49.00
1990-07-05,29.00
1990-07-06,86.00
1990-07-07,85.00
1990-07-08,122.00
1990-07-09,90.00
1990-07-10,94.00
1990-07-11,94.00
1990-07-12,60.00
1990-07-13,41.00
1990-07-14,48.00
1990-07-15,56.00
1990-07-16,27.00
1990-07-17,28.00
1990-07-18,11.00
1990-07-19,24.00
1990-07-20,12.00
1990-07-21,27.00
1990-07-22,39.00
1990-07-23,22.00
1990-07-24,10.00
1990-07-25,10.00
1990-07-26,22.00
1990-07-27,10.00
1990-07-28,10.00
1990-07-29,26.00
1990-07-30,17.00
1990-07-31,10.00
1990-08-01,10.00
1990-08-02,10.00
1990-08-03,10.00
1990-08-04,10.00
1990-08-05,23.00
1990-08-06,10.00
1990-08-07,10.00
1990-08-08,10.00
1990-08-09,10.00
1990-08-10,10.00
1990-08-11,10.00
1990-08-12,10.00
1990-08-13,10.00
1990-08-14,10.00
1990-08-15,10.00
1990-08-16,45.00
1990-08-17,10.00
1990-08-18,25.00
1990-08-19,55.00
1990-08-20,31.00
1990-08-21,22.00
1990-08-22,10.00
1990-08-23,10.00
1990-08-24,10.00
1990-08-25,10.00
1990-08-26,14.00
1990-08-27,16.00
1990-08-28,10.00
1990-08-29,10.00
1990-08-30,10.00
1990-08-31,28.00
1990-09-01,48.00
1990-09-02,86.00
1990-09-03,47.00
1990-09-04,27.00
1990-09-05,11.00
1990-09-06,10.00
1990-09-07,10.00
1990-09-08,22.00
1990-09-09,40.00
1990-09-10,18.00
1990-09-11,10.00
1990-09-12,10.00
1990-09-13,10.00
1990-09-14,10.00
1990-09-15,10.00
1990-09-16,10.00
1990-09-17,11.00
1990-09-18,10.00
1990-09-19,10.00
1990-09-20,10.00
1990-09-21,10.00
1990-09-22,10.00
1990-09-23,28.00
1990-09-24,36.00
1990-09-25,24.00
1990-09-26,10.00
1990-09-27,10.00
1990-09-28,10.00
1990-09-29,10.00
1990-09-30,10.00
1990-10-01,48.00
1990-10-02,40.00
1990-10-03,15.00
1990-10-04,19.00
1990-10-05,25.00
1990-10-06,21.00
1990-10-07,23.00
1990-10-08,26.00
1990-10-09,16.00
1990-10-10,10.00
1990-10-11,10.00
1990-10-12,10.00
1990-10-13,10.00
1990-10-14,18.00
1990-10-15,27.00
1990-10-16,10.00
1990-10-17,10.00
1990-10-18,10.00
1990-10-19,10.00
1990-10-20,10.00
1990-10-21,10.00
1990-10-22,13.00
1990-10-23,10.00
1990-10-24,10.00
1990-10-25,10.00
1990-10-26,10.00
1990-10-27,36.00
1990-10-28,86.00
1990-10-29,193.00
1990-10-30,176.00
1990-10-31,212.00
1990-11-01,147.00
1990-11-02,100.00
1990-11-03,138.00
1990-11-04,156.00
1990-11-05,106.00
1990-11-06,80.00
1990-11-07,82.00
1990-11-08,53.00
1990-11-09,62.00
1990-11-10,74.00
1990-11-11,102.00
1990-11-12,78.00
1990-11-13,70.00
1990-11-14,84.00
1990-11-15,131.00
1990-11-16,155.00
1990-11-17,156.00
1990-11-18,282.00
1990-11-19,245.00
1990-11-20,289.00
1990-11-21,304.00
1990-11-22,310.00
1990-11-23,302.00
1990-11-24,251.00
1990-11-25,266.00
1990-11-26,242.00
1990-11-27,227.00
1990-11-28,248.00
1990-11-29,220.00
1990-11-30,184.00
1990-12-01,171.00
1990-12-02,159.00
1990-12-03,142.00
1990-12-04,131.00
1990-12-05,110.00
1990-12-06,123.00
1990-12-07,93.00
1990-12-08,94.00
1990-12-09,124.00
1990-12-10,75.00
1990-12-11,112.00
1990-12-12,137.00
1990-12-13,301.00
1990-12-14,387.00
1990-12-15,295.00
1990-12-16,267.00
1990-12-17,182.00
1990-12-18,151.00
1990-12-19,150.00
1990-12-20,163.00
1990-12-21,183.00
1990-12-22,322.00
1990-12-23,421.00
1990-12-24,402.00
1990-12-25,386.00
1990-12-26,402.00
1990-12-27,619.00
1990-12-28,711.00
1990-12-29,709.00
1990-12-30,1056.00
1990-12-31,1042.00
1991-01-01,1018.00
1991-01-02,990.00
1991-01-03,1248.00
1991-01-04,1643.00
1991-01-05,1767.00
1991-01-06,1748.00
1991-01-07,1618.00
1991-01-08,1399.00
1991-01-09,1208.00
1991-01-10,1097.00
1991-01-11,1281.00
1991-01-12,1361.00
1991-01-13,1286.00
1991-01-14,1050.00
1991-01-15,900.00
1991-01-16,776.00
1991-01-17,695.00
1991-01-18,608.00
1991-01-19,560.00
1991-01-20,520.00
1991-01-21,432.00
1991-01-22,384.00
1991-01-23,326.00
1991-01-24,312.00
1991-01-25,280.00
1991-01-26,264.00
1991-01-27,263.00
1991-01-28,238.00
1991-01-29,202.00
1991-01-30,200.00
1991-01-31,199.00
1991-02-01,168.00
1991-02-02,172.00
1991-02-03,164.00
1991-02-04,159.00
1991-02-05,141.00
1991-02-06,125.00
1991-02-07,117.00
1991-02-08,86.00
1991-02-09,103.00
1991-02-10,115.00
1991-02-11,114.00
1991-02-12,104.00
1991-02-13,112.00
1991-02-14,93.00
1991-02-15,114.00
1991-02-16,121.00
1991-02-17,124.00
1991-02-18,120.00
1991-02-19,96.00
1991-02-20,95.00
1991-02-21,110.00
1991-02-22,168.00
1991-02-23,213.00
1991-02-24,314.00
1991-02-25,256.00
1991-02-26,249.00
1991-02-27,249.00
1991-02-28,242.00
1991-03-01,254.00
1991-03-02,240.00
1991-03-03,262.00
1991-03-04,211.00
1991-03-05,216.00
1991-03-06,214.00
1991-03-07,187.00
1991-03-08,220.00
1991-03-09,206.00
1991-03-10,176.00
1991-03-11,175.00
1991-03-12,155.00
1991-03-13,142.00
1991-03-14,141.00
1991-03-15,136.00
1991-03-16,114.00
1991-03-17,148.00
1991-03-18,115.00
1991-03-19,113.00
1991-03-20,132.00
1991-03-21,229.00
1991-03-22,515.00
1991-03-23,498.00
1991-03-24,464.00
1991-03-25,317.00
1991-03-26,294.00
1991-03-27,242.00
1991-03-28,209.00
1991-03-29,189.00
1991-03-30,181.00
1991-03-31,188.00
1991-04-01,176.00
1991-04-02,156.00
1991-04-03,141.00
1991-04-04,134.00
1991-04-05,128.00
1991-04-06,150.00
1991-04-07,106.00
1991-04-08,129.00
1991-04-09,112.00
1991-04-10,94.00
1991-04-11,91.00
1991-04-12,99.00
1991-04-13,85.00
1991-04-14,113.00
1991-04-15,60.00
1991-04-16,83.00
1991-04-17,68.00
1991-04-18,71.00
1991-04-19,58.00
1991-04-20,77.00
1991-04-21,71.00
1991-04-22,76.00
1991-04-23,82.00
1991-04-24,88.00
1991-04-25,75.00
1991-04-26,64.00
1991-04-27,75.00
1991-04-28,80.00
1991-04-29,60.00
1991-04-30,84.00
1991-05-01,220.00
1991-05-02,152.00
1991-05-03,127.00
1991-05-04,130.00
1991-05-05,118.00
1991-05-06,105.00
1991-05-07,106.00
1991-05-08,104.00
1991-05-09,99.00
1991-05-10,80.00
1991-05-11,62.00
1991-05-12,88.00
1991-05-13,63.00
1991-05-14,46.00
1991-05-15,50.00
1991-05-16,47.00
1991-05-17,58.00
1991-05-18,65.00
1991-05-19,81.00
1991-05-20,67.00
1991-05-21,43.00
1991-05-22,36.00
1991-05-23,26.00
1991-05-24,20.00
1991-05-25,30.00
1991-05-26,62.00
1991-05-27,22.00
1991-05-28,10.00
1991-05-29,14.00
1991-05-30,35.00
1991-05-31,13.00
1991-06-01,32.00
1991-06-02,27.00
1991-06-03,27.00
1991-06-04,10.00
1991-06-05,16.00
1991-06-06,17.00
1991-06-07,37.00
1991-06-08,70.00
1991-06-09,60.00
1991-06-10,68.00
1991-06-11,50.00
1991-06-12,52.00
1991-06-13,44.00
1991-06-14,39.00
1991-06-15,17.00
1991-06-16,55.00
1991-06-17,37.00
1991-06-18,26.00
1991-06-19,33.00
1991-06-20,49.00
1991-06-21,50.00
1991-06-22,38.00
1991-06-23,62.00
1991-06-24,45.00
1991-06-25,25.00
1991-06-26,44.00
1991-06-27,77.00
1991-06-28,74.00
1991-06-29,84.00
1991-06-30,84.00
1991-07-01,52.00
1991-07-02,37.00
1991-07-03,21.00
1991-07-04,24.00
1991-07-05,20.00
1991-07-06,20.00
1991-07-07,53.00
1991-07-08,53.00
1991-07-09,38.00
1991-07-10,20.00
1991-07-11,18.00
1991-07-12,14.00
1991-07-13,10.00
1991-07-14,78.00
1991-07-15,28.00
1991-07-16,10.00
1991-07-17,12.00
1991-07-18,14.00
1991-07-19,24.00
1991-07-20,31.00
1991-07-21,17.00
1991-07-22,27.00
1991-07-23,10.00
1991-07-24,10.00
1991-07-25,19.00
1991-07-26,19.00
1991-07-27,33.00
1991-07-28,36.00
1991-07-29,18.00
1991-07-30,10.00
1991-07-31,38.00
1991-08-01,30.00
1991-08-02,19.00
1991-08-03,14.00
1991-08-04,17.00
1991-08-05,10.00
1991-08-06,10.00
1991-08-07,10.00
1991-08-08,59.00
1991-08-09,25.00
1991-08-10,28.00
1991-08-11,46.00
1991-08-12,16.00
1991-08-13,10.00
1991-08-14,10.00
1991-08-15,10.00
1991-08-16,18.00
1991-08-17,10.00
1991-08-18,16.00
1991-08-19,10.00
1991-08-20,10.00
1991-08-21,10.00
1991-08-22,10.00
1991-08-23,10.00
1991-08-24,10.00
1991-08-25,11.00
1991-08-26,10.00
1991-08-27,10.00
1991-08-28,10.00
1991-08-29,10.00
1991-08-30,10.00
1991-08-31,10.00
1991-09-01,10.00
1991-09-02,10.00
1991-09-03,10.00
1991-09-04,10.00
1991-09-05,10.00
1991-09-06,10.00
1991-09-07,10.00
1991-09-08,10.00
1991-09-09,10.00
1991-09-10,10.00
1991-09-11,10.00
1991-09-12,10.00
1991-09-13,10.00
1991-09-14,10.00
1991-09-15,10.00
1991-09-16,10.00
1991-09-17,10.00
1991-09-18,10.00
1991-09-19,10.00
1991-09-20,10.00
1991-09-21,10.00
1991-09-22,10.00
1991-09-23,10.00
1991-09-24,10.00
1991-09-25,10.00
1991-09-26,10.00
1991-09-27,39.00
1991-09-28,29.00
1991-09-29,19.00
1991-09-30,32.00
1991-10-01,10.00
1991-10-02,10.00
1991-10-03,10.00
1991-10-04,10.00
1991-10-05,10.00
1991-10-06,28.00
1991-10-07,10.00
1991-10-08,10.00
1991-10-09,10.00
1991-10-10,10.00
1991-10-11,10.00
1991-10-12,10.00
1991-10-13,25.00
1991-10-14,10.00
1991-10-15,10.00
1991-10-16,10.00
1991-10-17,10.00
1991-10-18,13.00
1991-10-19,23.00
1991-10-20,26.00
1991-10-21,29.00
1991-10-22,10.00
1991-10-23,10.00
1991-10-24,10.00
1991-10-25,10.00
1991-10-26,10.00
1991-10-27,13.00
1991-10-28,15.00
1991-10-29,10.00
1991-10-30,10.00
1991-10-31,10.00
1991-11-01,10.00
1991-11-02,10.00
1991-11-03,25.00
1991-11-04,66.00
1991-11-05,75.00
1991-11-06,66.00
1991-11-07,75.00
1991-11-08,128.00
1991-11-09,180.00
1991-11-10,163.00
1991-11-11,169.00
1991-11-12,185.00
1991-11-13,298.00
1991-11-14,345.00
1991-11-15,254.00
1991-11-16,221.00
1991-11-17,221.00
1991-11-18,212.00
1991-11-19,204.00
1991-11-20,229.00
1991-11-21,199.00
1991-11-22,183.00
1991-11-23,129.00
1991-11-24,142.00
1991-11-25,104.00
1991-11-26,101.00
1991-11-27,98.00
1991-11-28,70.00
1991-11-29,65.00
1991-11-30,90.00
1991-12-01,76.00
1991-12-02,70.00
1991-12-03,56.00
1991-12-04,45.00
1991-12-05,49.00
1991-12-06,43.00
1991-12-07,43.00
1991-12-08,44.00
1991-12-09,41.00
1991-12-10,38.00
1991-12-11,30.00
1991-12-12,25.00
1991-12-13,10.00
1991-12-14,30.00
1991-12-15,29.00
1991-12-16,38.00
1991-12-17,32.00
1991-12-18,149.00
1991-12-19,262.00
1991-12-20,422.00
1991-12-21,471.00
1991-12-22,1302.00
1991-12-23,1555.00
1991-12-24,1105.00
1991-12-25,792.00
1991-12-26,614.00
1991-12-27,488.00
1991-12-28,434.00
1991-12-29,425.00
1991-12-30,391.00
1991-12-31,312.00
1992-01-01,245.00
1992-01-02,208.00
1992-01-03,179.00
1992-01-04,170.00
1992-01-05,270.00
1992-01-06,323.00
1992-01-07,255.00
1992-01-08,240.00
1992-01-09,231.00
1992-01-10,223.00
1992-01-11,218.00
1992-01-12,218.00
1992-01-13,192.00
1992-01-14,169.00
1992-01-15,156.00
1992-01-16,169.00
1992-01-17,122.00
1992-01-18,132.00
1992-01-19,152.00
1992-01-20,183.00
1992-01-21,182.00
1992-01-22,119.00
1992-01-23,128.00
1992-01-24,113.00
1992-01-25,113.00
1992-01-26,113.00
1992-01-27,109.00
1992-01-28,68.00
1992-01-29,91.00
1992-01-30,81.00
1992-01-31,80.00
1992-02-01,93.00
1992-02-02,84.00
1992-02-03,68.00
1992-02-04,96.00
1992-02-05,186.00
1992-02-06,239.00
1992-02-07,186.00
1992-02-08,179.00
1992-02-09,179.00
1992-02-10,186.00
1992-02-11,230.00
1992-02-12,379.00
1992-02-13,462.00
1992-02-14,453.00
1992-02-15,450.00
1992-02-16,518.00
1992-02-17,491.00
1992-02-18,422.00
1992-02-19,356.00
1992-02-20,296.00
1992-02-21,296.00
1992-02-22,247.00
1992-02-23,259.00
1992-02-24,211.00
1992-02-25,208.00
1992-02-26,180.00
1992-02-27,165.00
1992-02-28,176.00
1992-02-29,152.00
1992-03-01,174.00
1992-03-02,138.00
1992-03-03,142.00
1992-03-04,104.00
1992-03-05,115.00
1992-03-06,134.00
1992-03-07,116.00
1992-03-08,124.00
1992-03-09,92.00
1992-03-10,82.00
1992-03-11,100.00
1992-03-12,100.00
1992-03-13,292.00
1992-03-14,762.00
1992-03-15,708.00
1992-03-16,658.00
1992-03-17,501.00
1992-03-18,458.00
1992-03-19,385.00
1992-03-20,317.00
1992-03-21,314.00
1992-03-22,316.00
1992-03-23,581.00
1992-03-24,687.00
1992-03-25,656.00
1992-03-26,577.00
1992-03-27,580.00
1992-03-28,586.00
1992-03-29,536.00
1992-03-30,465.00
1992-03-31,455.00
1992-04-01,430.00
1992-04-02,400.00
1992-04-03,375.00
1992-04-04,345.00
1992-04-05,368.00
1992-04-06,284.00
1992-04-07,249.00
1992-04-08,242.00
1992-04-09,219.00
1992-04-10,176.00
1992-04-11,186.00
1992-04-12,202.00
1992-04-13,168.00
1992-04-14,177.00
1992-04-15,152.00
1992-04-16,168.00
1992-04-17,161.00
1992-04-18,198.00
1992-04-19,231.00
1992-04-20,210.00
1992-04-21,184.00
1992-04-22,166.00
1992-04-23,140.00
1992-04-24,142.00
1992-04-25,150.00
1992-04-26,110.00
1992-04-27,152.00
1992-04-28,138.00
1992-04-29,152.00
1992-04-30,146.00
1992-05-01,181.00
1992-05-02,177.00
1992-05-03,162.00
1992-05-04,141.00
1992-05-05,119.00
1992-05-06,112.00
1992-05-07,77.00
1992-05-08,103.00
1992-05-09,102.00
1992-05-10,136.00
1992-05-11,141.00
1992-05-12,146.00
1992-05-13,139.00
1992-05-14,105.00
1992-05-15,92.00
1992-05-16,82.00
1992-05-17,94.00
1992-05-18,71.00
1992-05-19,58.00
1992-05-20,47.00
1992-05-21,51.00
1992-05-22,43.00
1992-05-23,39.00
1992-05-24,72.00
1992-05-25,54.00
1992-05-26,65.00
1992-05-27,58.00
1992-05-28,65.00
1992-05-29,53.00
1992-05-30,55.00
1992-05-31,83.00
1992-06-01,63.00
1992-06-02,69.00
1992-06-03,244.00
1992-06-04,233.00
1992-06-05,185.00
1992-06-06,158.00
1992-06-07,150.00
1992-06-08,122.00
1992-06-09,90.00
1992-06-10,89.00
1992-06-11,97.00
1992-06-12,76.00
1992-06-13,57.00
1992-06-14,76.00
1992-06-15,56.00
1992-06-16,40.00
1992-06-17,30.00
1992-06-18,23.00
1992-06-19,14.00
1992-06-20,47.00
1992-06-21,253.00
1992-06-22,94.00
1992-06-23,63.00
1992-06-24,50.00
1992-06-25,109.00
1992-06-26,87.00
1992-06-27,99.00
1992-06-28,72.00
1992-06-29,55.00
1992-06-30,10.00
1992-07-01,39.00
1992-07-02,23.00
1992-07-03,10.00
1992-07-04,62.00
1992-07-05,97.00
1992-07-06,88.00
1992-07-07,54.00
1992-07-08,39.00
1992-07-09,28.00
1992-07-10,28.00
1992-07-11,29.00
1992-07-12,41.00
1992-07-13,55.00
1992-07-14,38.00
1992-07-15,53.00
1992-07-16,28.00
1992-07-17,53.00
1992-07-18,42.00
1992-07-19,66.00
1992-07-20,34.00
1992-07-21,37.00
1992-07-22,50.00
1992-07-23,28.00
1992-07-24,10.00
1992-07-25,33.00
1992-07-26,26.00
1992-07-27,20.00
1992-07-28,10.00
1992-07-29,10.00
1992-07-30,10.00
1992-07-31,13.00
1992-08-01,10.00
1992-08-02,33.00
1992-08-03,14.00
1992-08-04,10.00
1992-08-05,10.00
1992-08-06,10.00
1992-08-07,10.00
1992-08-08,41.00
1992-08-09,40.00
1992-08-10,80.00
1992-08-11,31.00
1992-08-12,53.00
1992-08-13,65.00
1992-08-14,148.00
1992-08-15,181.00
1992-08-16,110.00
1992-08-17,82.00
1992-08-18,47.00
1992-08-19,27.00
1992-08-20,14.00
1992-08-21,35.00
1992-08-22,17.00
1992-08-23,51.00
1992-08-24,36.00
1992-08-25,50.00
1992-08-26,27.00
1992-08-27,26.00
1992-08-28,21.00
1992-08-29,103.00
1992-08-30,70.00
1992-08-31,80.00
1992-09-01,253.00
1992-09-02,263.00
1992-09-03,251.00
1992-09-04,340.00
1992-09-05,264.00
1992-09-06,259.00
1992-09-07,124.00
1992-09-08,87.00
1992-09-09,99.00
1992-09-10,66.00
1992-09-11,50.00
1992-09-12,66.00
1992-09-13,35.00
1992-09-14,53.00
1992-09-15,49.00
1992-09-16,45.00
1992-09-17,23.00
1992-09-18,31.00
1992-09-19,74.00
1992-09-20,191.00
1992-09-21,79.00
1992-09-22,43.00
1992-09-23,29.00
1992-09-24,15.00
1992-09-25,18.00
1992-09-26,30.00
1992-09-27,29.00
1992-09-28,29.00
1992-09-29,10.00
1992-09-30,17.00
1992-10-01,10.00
1992-10-02,10.00
1992-10-03,10.00
1992-10-04,23.00
1992-10-05,12.00
1992-10-06,10.00
1992-10-07,18.00
1992-10-08,10.00
1992-10-09,10.00
1992-10-10,10.00
1992-10-11,10.00
1992-10-12,11.00
1992-10-13,10.00
1992-10-14,10.00
1992-10-15,10.00
1992-10-16,10.00
1992-10-17,14.00
1992-10-18,25.00
1992-10-19,24.00
1992-10-20,14.00
1992-10-21,10.00
1992-10-22,10.00
1992-10-23,10.00
1992-10-24,54.00
1992-10-25,135.00
1992-10-26,307.00
1992-10-27,307.00
1992-10-28,332.00
1992-10-29,432.00
1992-10-30,376.00
1992-10-31,278.00
1992-11-01,243.00
1992-11-02,202.00
1992-11-03,229.00
1992-11-04,224.00
1992-11-05,187.00
1992-11-06,154.00
1992-11-07,154.00
1992-11-08,160.00
1992-11-09,132.00
1992-11-10,147.00
1992-11-11,262.00
1992-11-12,387.00
1992-11-13,370.00
1992-11-14,399.00
1992-11-15,348.00
1992-11-16,317.00
1992-11-17,419.00
1992-11-18,474.00
1992-11-19,430.00
1992-11-20,508.00
1992-11-21,445.00
1992-11-22,479.00
1992-11-23,644.00
1992-11-24,599.00
1992-11-25,554.00
1992-11-26,590.00
1992-11-27,599.00
1992-11-28,583.00
1992-11-29,590.00
1992-11-30,723.00
1992-12-01,688.00
1992-12-02,660.00
1992-12-03,824.00
1992-12-04,1018.00
1992-12-05,1191.00
1992-12-06,1129.00
1992-12-07,990.00
1992-12-08,936.00
1992-12-09,805.00
1992-12-10,678.00
1992-12-11,610.00
1992-12-12,647.00
1992-12-13,678.00
1992-12-14,547.00
1992-12-15,494.00
1992-12-16,419.00
1992-12-17,364.00
1992-12-18,366.00
1992-12-19,324.00
1992-12-20,389.00
1992-12-21,327.00
1992-12-22,286.00
1992-12-23,337.00
1992-12-24,289.00
1992-12-25,299.00
1992-12-26,258.00
1992-12-27,237.00
1992-12-28,227.00
1992-12-29,210.00
1992-12-30,186.00
1992-12-31,175.00
1993-01-01,197.00
1993-01-02,151.00
1993-01-03,141.00
1993-01-04,111.00
1993-01-05,99.00
1993-01-06,143.00
1993-01-07,184.00
1993-01-08,288.00
1993-01-09,317.00
1993-01-10,326.00
1993-01-11,606.00
1993-01-12,1579.00
1993-01-13,2241.00
1993-01-14,1910.00
1993-01-15,1604.00
1993-01-16,1245.00
1993-01-17,982.00
1993-01-18,765.00
1993-01-19,673.00
1993-01-20,633.00
1993-01-21,613.00
1993-01-22,565.00
1993-01-23,515.00
1993-01-24,513.00
1993-01-25,492.00
1993-01-26,448.00
1993-01-27,437.00
1993-01-28,470.00
1993-01-29,486.00
1993-01-30,586.00
1993-01-31,567.00
1993-02-01,481.00
1993-02-02,435.00
1993-02-03,384.00
1993-02-04,348.00
1993-02-05,303.00
1993-02-06,307.00
1993-02-07,294.00
1993-02-08,281.00
1993-02-09,244.00
1993-02-10,230.00
1993-02-11,215.00
1993-02-12,208.00
1993-02-13,215.00
1993-02-14,215.00
1993-02-15,148.00
1993-02-16,138.00
1993-02-17,178.00
1993-02-18,175.00
1993-02-19,169.00
1993-02-20,177.00
1993-02-21,222.00
1993-02-22,220.00
1993-02-23,197.00
1993-02-24,180.00
1993-02-25,166.00
1993-02-26,162.00
1993-02-27,203.00
1993-02-28,220.00
1993-03-01,202.00
1993-03-02,160.00
1993-03-03,141.00
1993-03-04,146.00
1993-03-05,141.00
1993-03-06,146.00
1993-03-07,172.00
1993-03-08,195.00
1993-03-09,168.00
1993-03-10,131.00
1993-03-11,150.00
1993-03-12,137.00
1993-03-13,141.00
1993-03-14,154.00
1993-03-15,133.00
1993-03-16,113.00
1993-03-17,111.00
1993-03-18,91.00
1993-03-19,106.00
1993-03-20,98.00
1993-03-21,106.00
1993-03-22,100.00
1993-03-23,74.00
1993-03-24,87.00
1993-03-25,78.00
1993-03-26,39.00
1993-03-27,66.00
1993-03-28,101.00
1993-03-29,87.00
1993-03-30,68.00
1993-03-31,47.00
1993-04-01,62.00
1993-04-02,65.00
1993-04-03,71.00
1993-04-04,76.00
1993-04-05,75.00
1993-04-06,85.00
1993-04-07,77.00
1993-04-08,74.00
1993-04-09,70.00
1993-04-10,78.00
1993-04-11,104.00
1993-04-12,96.00
1993-04-13,81.00
1993-04-14,78.00
1993-04-15,93.00
1993-04-16,76.00
1993-04-17,81.00
1993-04-18,108.00
1993-04-19,81.00
1993-04-20,78.00
1993-04-21,59.00
1993-04-22,54.00
1993-04-23,56.00
1993-04-24,66.00
1993-04-25,80.00
1993-04-26,65.00
1993-04-27,39.00
1993-04-28,19.00
1993-04-29,49.00
1993-04-30,46.00
1993-05-01,63.00
1993-05-02,50.00
1993-05-03,18.00
1993-05-04,41.00
1993-05-05,44.00
1993-05-06,29.00
1993-05-07,32.00
1993-05-08,29.00
1993-05-09,81.00
1993-05-10,89.00
1993-05-11,54.00
1993-05-12,60.00
1993-05-13,70.00
1993-05-14,53.00
1993-05-15,71.00
1993-05-16,68.00
1993-05-17,54.00
1993-05-18,38.00
1993-05-19,50.00
1993-05-20,81.00
1993-05-21,62.00
1993-05-22,71.00
1993-05-23,78.00
1993-05-24,36.00
1993-05-25,21.00
1993-05-26,28.00
1993-05-27,32.00
1993-05-28,41.00
1993-05-29,40.00
1993-05-30,66.00
1993-05-31,70.00
1993-06-01,30.00
1993-06-02,16.00
1993-06-03,52.00
1993-06-04,32.00
1993-06-05,45.00
1993-06-06,39.00
1993-06-07,48.00
1993-06-08,21.00
1993-06-09,10.00
1993-06-10,13.00
1993-06-11,16.00
1993-06-12,20.00
1993-06-13,34.00
1993-06-14,28.00
1993-06-15,19.00
1993-06-16,25.00
1993-06-17,40.00
1993-06-18,32.00
1993-06-19,29.00
1993-06-20,42.00
1993-06-21,25.00
1993-06-22,10.00
1993-06-23,10.00
1993-06-24,10.00
1993-06-25,10.00
1993-06-26,10.00
1993-06-27,34.00
1993-06-28,16.00
1993-06-29,10.00
1993-06-30,10.00
1993-07-01,10.00
1993-07-02,10.00
1993-07-03,10.00
1993-07-04,10.00
1993-07-05,10.00
1993-07-06,10.00
1993-07-07,10.00
1993-07-08,10.00
1993-07-09,10.00
1993-07-10,10.00
1993-07-11,10.00
1993-07-12,26.00
1993-07-13,10.00
1993-07-14,10.00
1993-07-15,12.00
1993-07-16,24.00
1993-07-17,12.00
1993-07-18,39.00
1993-07-19,24.00
1993-07-20,19.00
1993-07-21,38.00
1993-07-22,42.00
1993-07-23,24.00
1993-07-24,16.00
1993-07-25,30.00
1993-07-26,30.00
1993-07-27,12.00
1993-07-28,56.00
1993-07-29,73.00
1993-07-30,32.00
1993-07-31,57.00
1993-08-01,56.00
1993-08-02,27.00
1993-08-03,13.00
1993-08-04,10.00
1993-08-05,29.00
1993-08-06,14.00
1993-08-07,10.00
1993-08-08,17.00
1993-08-09,10.00
1993-08-10,10.00
1993-08-11,10.00
1993-08-12,10.00
1993-08-13,10.00
1993-08-14,10.00
1993-08-15,20.00
1993-08-16,14.00
1993-08-17,10.00
1993-08-18,10.00
1993-08-19,10.00
1993-08-20,10.00
1993-08-21,10.00
1993-08-22,22.00
1993-08-23,21.00
1993-08-24,10.00
1993-08-25,10.00
1993-08-26,10.00
1993-08-27,10.00
1993-08-28,10.00
1993-08-29,10.00
1993-08-30,10.00
1993-08-31,10.00
1993-09-01,10.00
1993-09-02,10.00
1993-09-03,10.00
1993-09-04,10.00
1993-09-05,10.00
1993-09-06,10.00
1993-09-07,10.00
1993-09-08,10.00
1993-09-09,10.00
1993-09-10,10.00
1993-09-11,21.00
1993-09-12,50.00
1993-09-13,32.00
1993-09-14,32.00
1993-09-15,65.00
1993-09-16,83.00
1993-09-17,78.00
1993-09-18,64.00
1993-09-19,87.00
1993-09-20,19.00
1993-09-21,13.00
1993-09-22,48.00
1993-09-23,32.00
1993-09-24,24.00
1993-09-25,183.00
1993-09-26,317.00
1993-09-27,150.00
1993-09-28,134.00
1993-09-29,63.00
1993-09-30,42.00
1993-10-01,53.00
1993-10-02,78.00
1993-10-03,98.00
1993-10-04,82.00
1993-10-05,130.00
1993-10-06,515.00
1993-10-07,392.00
1993-10-08,268.00
1993-10-09,222.00
1993-10-10,208.00
1993-10-11,205.00
1993-10-12,166.00
1993-10-13,133.00
1993-10-14,268.00
1993-10-15,596.00
1993-10-16,704.00
1993-10-17,538.00
1993-10-18,368.00
1993-10-19,309.00
1993-10-20,287.00
1993-10-21,274.00
1993-10-22,267.00
1993-10-23,225.00
1993-10-24,150.00
1993-10-25,131.00
1993-10-26,156.00
1993-10-27,150.00
1993-10-28,121.00
1993-10-29,122.00
1993-10-30,85.00
1993-10-31,146.00
1993-11-01,117.00
1993-11-02,98.00
1993-11-03,83.00
1993-11-04,74.00
1993-11-05,83.00
1993-11-06,83.00
1993-11-07,87.00
1993-11-08,78.00
1993-11-09,37.00
1993-11-10,74.00
1993-11-11,106.00
1993-11-12,64.00
1993-11-13,83.00
1993-11-14,148.00
1993-11-15,296.00
1993-11-16,368.00
1993-11-17,265.00
1993-11-18,218.00
1993-11-19,159.00
1993-11-20,151.00
1993-11-21,184.00
1993-11-22,159.00
1993-11-23,99.00
1993-11-24,102.00
1993-11-25,95.00
1993-11-26,104.00
1993-11-27,84.00
1993-11-28,95.00
1993-11-29,94.00
1993-11-30,51.00
1993-12-01,70.00
1993-12-02,71.00
1993-12-03,114.00
1993-12-04,169.00
1993-12-05,188.00
1993-12-06,117.00
1993-12-07,134.00
1993-12-08,230.00
1993-12-09,380.00
1993-12-10,499.00
1993-12-11,515.00
1993-12-12,673.00
1993-12-13,839.00
1993-12-14,1287.00
1993-12-15,1190.00
1993-12-16,1078.00
1993-12-17,1102.00
1993-12-18,1060.00
1993-12-19,1072.00
1993-12-20,1617.00
1993-12-21,2556.00
1993-12-22,2954.00
1993-12-23,2640.00
1993-12-24,2348.00
1993-12-25,2120.00
1993-12-26,1797.00
1993-12-27,1566.00
1993-12-28,1381.00
1993-12-29,1245.00
1993-12-30,1238.00
1993-12-31,1474.00
1994-01-01,1511.00
1994-01-02,1397.00
1994-01-03,1365.00
1994-01-04,1272.00
1994-01-05,1238.00
1994-01-06,1421.00
1994-01-07,1592.00
1994-01-08,1532.00
1994-01-09,1349.00
1994-01-10,1147.00
1994-01-11,991.00
1994-01-12,867.00
1994-01-13,901.00
1994-01-14,994.00
1994-01-15,918.00
1994-01-16,830.00
1994-01-17,746.00
1994-01-18,668.00
1994-01-19,579.00
1994-01-20,515.00
1994-01-21,474.00
1994-01-22,441.00
1994-01-23,497.00
1994-01-24,625.00
1994-01-25,608.00
1994-01-26,762.00
1994-01-27,795.00
1994-01-28,864.00
1994-01-29,828.00
1994-01-30,792.00
1994-01-31,784.00
1994-02-01,699.00
1994-02-02,663.00
1994-02-03,628.00
1994-02-04,678.00
1994-02-05,733.00
1994-02-06,712.00
1994-02-07,628.00
1994-02-08,589.00
1994-02-09,541.00
1994-02-10,518.00
1994-02-11,486.00
1994-02-12,477.00
1994-02-13,439.00
1994-02-14,382.00
1994-02-15,346.00
1994-02-16,288.00
1994-02-17,287.00
1994-02-18,285.00
1994-02-19,261.00
1994-02-20,298.00
1994-02-21,169.00
1994-02-22,222.00
1994-02-23,233.00
1994-02-24,230.00
1994-02-25,249.00
1994-02-26,270.00
1994-02-27,296.00
1994-02-28,283.00
1994-03-01,292.00
1994-03-02,298.00
1994-03-03,356.00
1994-03-04,350.00
1994-03-05,340.00
1994-03-06,360.00
1994-03-07,298.00
1994-03-08,309.00
1994-03-09,303.00
1994-03-10,283.00
1994-03-11,261.00
1994-03-12,252.00
1994-03-13,279.00
1994-03-14,252.00
1994-03-15,244.00
1994-03-16,350.00
1994-03-17,336.00
1994-03-18,352.00
1994-03-19,550.00
1994-03-20,847.00
1994-03-21,730.00
1994-03-22,598.00
1994-03-23,567.00
1994-03-24,531.00
1994-03-25,591.00
1994-03-26,581.00
1994-03-27,550.00
1994-03-28,448.00
1994-03-29,405.00
1994-03-30,338.00
1994-03-31,356.00
1994-04-01,433.00
1994-04-02,584.00
1994-04-03,548.00
1994-04-04,562.00
1994-04-05,828.00
1994-04-06,864.00
1994-04-07,839.00
1994-04-08,728.00
1994-04-09,773.00
1994-04-10,976.00
1994-04-11,872.00
1994-04-12,765.00
1994-04-13,683.00
1994-04-14,586.00
1994-04-15,520.00
1994-04-16,477.00
1994-04-17,477.00
1994-04-18,372.00
1994-04-19,366.00
1994-04-20,296.00
1994-04-21,294.00
1994-04-22,267.00
1994-04-23,256.00
1994-04-24,272.00
1994-04-25,249.00
1994-04-26,220.00
1994-04-27,203.00
1994-04-28,205.00
1994-04-29,197.00
1994-04-30,183.00
1994-05-01,207.00
1994-05-02,163.00
1994-05-03,134.00
1994-05-04,147.00
1994-05-05,134.00
1994-05-06,163.00
1994-05-07,141.00
1994-05-08,160.00
1994-05-09,130.00
1994-05-10,121.00
1994-05-11,118.00
1994-05-12,131.00
1994-05-13,109.00
1994-05-14,122.00
1994-05-15,143.00
1994-05-16,131.00
1994-05-17,131.00
1994-05-18,94.00
1994-05-19,108.00
1994-05-20,89.00
1994-05-21,125.00
1994-05-22,137.00
1994-05-23,121.00
1994-05-24,111.00
1994-05-25,111.00
1994-05-26,141.00
1994-05-27,157.00
1994-05-28,144.00
1994-05-29,156.00
1994-05-30,121.00
1994-05-31,87.00
1994-06-01,76.00
1994-06-02,91.00
1994-06-03,126.00
1994-06-04,129.00
1994-06-05,294.00
1994-06-06,247.00
1994-06-07,197.00
1994-06-08,150.00
1994-06-09,146.00
1994-06-10,141.00
1994-06-11,147.00
1994-06-12,147.00
1994-06-13,143.00
1994-06-14,130.00
1994-06-15,93.00
1994-06-16,82.00
1994-06-17,87.00
1994-06-18,85.00
1994-06-19,100.00
1994-06-20,78.00
1994-06-21,52.00
1994-06-22,48.00
1994-06-23,50.00
1994-06-24,38.00
1994-06-25,39.00
1994-06-26,50.00
1994-06-27,53.00
1994-06-28,46.00
1994-06-29,39.00
1994-06-30,33.00
1994-07-01,28.00
1994-07-02,39.00
1994-07-03,40.00
1994-07-04,32.00
1994-07-05,39.00
1994-07-06,16.00
1994-07-07,21.00
1994-07-08,24.00
1994-07-09,43.00
1994-07-10,53.00
1994-07-11,37.00
1994-07-12,21.00
1994-07-13,28.00
1994-07-14,16.00
1994-07-15,22.00
1994-07-16,22.00
1994-07-17,40.00
1994-07-18,24.00
1994-07-19,32.00
1994-07-20,32.00
1994-07-21,43.00
1994-07-22,27.00
1994-07-23,14.00
1994-07-24,39.00
1994-07-25,28.00
1994-07-26,27.00
1994-07-27,18.00
1994-07-28,13.00
1994-07-29,10.00
1994-07-30,13.00
1994-07-31,39.00
1994-08-01,44.00
1994-08-02,19.00
1994-08-03,26.00
1994-08-04,10.00
1994-08-05,22.00
1994-08-06,21.00
1994-08-07,20.00
1994-08-08,15.00
1994-08-09,17.00
1994-08-10,10.00
1994-08-11,15.00
1994-08-12,42.00
1994-08-13,22.00
1994-08-14,40.00
1994-08-15,30.00
1994-08-16,20.00
1994-08-17,10.00
1994-08-18,11.00
1994-08-19,33.00
1994-08-20,29.00
1994-08-21,32.00
1994-08-22,20.00
1994-08-23,18.00
1994-08-24,10.00
1994-08-25,10.00
1994-08-26,10.00
1994-08-27,12.00
1994-08-28,82.00
1994-08-29,24.00
1994-08-30,10.00
1994-08-31,13.00
1994-09-01,10.00
1994-09-02,13.00
1994-09-03,10.00
1994-09-04,21.00
1994-09-05,16.00
1994-09-06,10.00
1994-09-07,40.00
1994-09-08,73.00
1994-09-09,55.00
1994-09-10,74.00
1994-09-11,74.00
1994-09-12,51.00
1994-09-13,29.00
1994-09-14,61.00
1994-09-15,33.00
1994-09-16,98.00
1994-09-17,110.00
1994-09-18,157.00
1994-09-19,174.00
1994-09-20,147.00
1994-09-21,166.00
1994-09-22,138.00
1994-09-23,73.00
1994-09-24,93.00
1994-09-25,89.00
1994-09-26,66.00
1994-09-27,55.00
1994-09-28,35.00
1994-09-29,35.00
1994-09-30,12.00
1994-10-01,46.00
1994-10-02,55.00
1994-10-03,40.00
1994-10-04,40.00
1994-10-05,50.00
1994-10-06,30.00
1994-10-07,24.00
1994-10-08,23.00
1994-10-09,51.00
1994-10-10,36.00
1994-10-11,15.00
1994-10-12,21.00
1994-10-13,10.00
1994-10-14,10.00
1994-10-15,16.00
1994-10-16,27.00
1994-10-17,13.00
1994-10-18,10.00
1994-10-19,10.00
1994-10-20,10.00
1994-10-21,10.00
1994-10-22,10.00
1994-10-23,42.00
1994-10-24,58.00
1994-10-25,39.00
1994-10-26,50.00
1994-10-27,62.00
1994-10-28,35.00
1994-10-29,46.00
1994-10-30,174.00
1994-10-31,334.00
1994-11-01,376.00
1994-11-02,259.00
1994-11-03,178.00
1994-11-04,165.00
1994-11-05,138.00
1994-11-06,138.00
1994-11-07,117.00
1994-11-08,88.00
1994-11-09,88.00
1994-11-10,113.00
1994-11-11,106.00
1994-11-12,80.00
1994-11-13,52.00
1994-11-14,78.00
1994-11-15,159.00
1994-11-16,249.00
1994-11-17,197.00
1994-11-18,186.00
1994-11-19,195.00
1994-11-20,203.00
1994-11-21,181.00
1994-11-22,166.00
1994-11-23,181.00
1994-11-24,189.00
1994-11-25,172.00
1994-11-26,151.00
1994-11-27,160.00
1994-11-28,169.00
1994-11-29,123.00
1994-11-30,110.00
1994-12-01,104.00
1994-12-02,104.00
1994-12-03,98.00
1994-12-04,118.00
1994-12-05,151.00
1994-12-06,130.00
1994-12-07,157.00
1994-12-08,160.00
1994-12-09,317.00
1994-12-10,409.00
1994-12-11,344.00
1994-12-12,311.00
1994-12-13,227.00
1994-12-14,265.00
1994-12-15,261.00
1994-12-16,244.00
1994-12-17,191.00
1994-12-18,205.00
1994-12-19,166.00
1994-12-20,172.00
1994-12-21,160.00
1994-12-22,175.00
1994-12-23,134.00
1994-12-24,137.00
1994-12-25,146.00
1994-12-26,148.00
1994-12-27,203.00
1994-12-28,754.00
1994-12-29,1238.00
1994-12-30,1337.00
1994-12-31,1264.00
1995-01-01,1095.00
1995-01-02,901.00
1995-01-03,746.00
1995-01-04,625.00
1995-01-05,579.00
1995-01-06,508.00
1995-01-07,441.00
1995-01-08,407.00
1995-01-09,374.00
1995-01-10,452.00
1995-01-11,850.00
1995-01-12,982.00
1995-01-13,878.00
1995-01-14,728.00
1995-01-15,744.00
1995-01-16,606.00
1995-01-17,574.00
1995-01-18,596.00
1995-01-19,625.00
1995-01-20,591.00
1995-01-21,565.00
1995-01-22,676.00
1995-01-23,1541.00
1995-01-24,1824.00
1995-01-25,1656.00
1995-01-26,2021.00
1995-01-27,2570.00
1995-01-28,2489.00
1995-01-29,2516.00
1995-01-30,2640.00
1995-01-31,2697.00
1995-02-01,2275.00
1995-02-02,1933.00
1995-02-03,1687.00
1995-02-04,1361.00
1995-02-05,1175.00
1995-02-06,1018.00
1995-02-07,867.00
1995-02-08,786.00
1995-02-09,752.00
1995-02-10,728.00
1995-02-11,633.00
1995-02-12,704.00
1995-02-13,707.00
1995-02-14,686.00
1995-02-15,717.00
1995-02-16,921.00
1995-02-17,997.00
1995-02-18,1045.00
1995-02-19,959.00
1995-02-20,1092.00
1995-02-21,1132.00
1995-02-22,1075.00
1995-02-23,932.00
1995-02-24,872.00
1995-02-25,909.00
1995-02-26,1000.00
1995-02-27,861.00
1995-02-28,784.00
1995-03-01,696.00
1995-03-02,655.00
1995-03-03,648.00
1995-03-04,676.00
1995-03-05,650.00
1995-03-06,663.00
1995-03-07,658.00
1995-03-08,618.00
1995-03-09,650.00
1995-03-10,584.00
1995-03-11,543.00
1995-03-12,524.00
1995-03-13,439.00
1995-03-14,411.00
1995-03-15,401.00
1995-03-16,407.00
1995-03-17,426.00
1995-03-18,633.00
1995-03-19,661.00
1995-03-20,689.00
1995-03-21,638.00
1995-03-22,574.00
1995-03-23,536.00
1995-03-24,541.00
1995-03-25,492.00
1995-03-26,499.00
1995-03-27,567.00
1995-03-28,593.00
1995-03-29,615.00
1995-03-30,633.00
1995-03-31,591.00
1995-04-01,618.00
1995-04-02,650.00
1995-04-03,591.00
1995-04-04,513.00
1995-04-05,504.00
1995-04-06,472.00
1995-04-07,407.00
1995-04-08,399.00
1995-04-09,358.00
1995-04-10,336.00
1995-04-11,296.00
1995-04-12,267.00
1995-04-13,225.00
1995-04-14,222.00
1995-04-15,215.00
1995-04-16,247.00
1995-04-17,258.00
1995-04-18,336.00
1995-04-19,572.00
1995-04-20,553.00
1995-04-21,499.00
1995-04-22,501.00
1995-04-23,518.00
1995-04-24,452.00
1995-04-25,407.00
1995-04-26,439.00
1995-04-27,450.00
1995-04-28,468.00
1995-04-29,426.00
1995-04-30,441.00
1995-05-01,374.00
1995-05-02,344.00
1995-05-03,283.00
1995-05-04,267.00
1995-05-05,223.00
1995-05-06,235.00
1995-05-07,237.00
1995-05-08,202.00
1995-05-09,181.00
1995-05-10,165.00
1995-05-11,157.00
1995-05-12,154.00
1995-05-13,166.00
1995-05-14,168.00
1995-05-15,146.00
1995-05-16,119.00
1995-05-17,148.00
1995-05-18,148.00
1995-05-19,147.00
1995-05-20,153.00
1995-05-21,166.00
1995-05-22,140.00
1995-05-23,126.00
1995-05-24,110.00
1995-05-25,123.00
1995-05-26,153.00
1995-05-27,115.00
1995-05-28,137.00
1995-05-29,175.00
1995-05-30,143.00
1995-05-31,95.00
1995-06-01,110.00
1995-06-02,106.00
1995-06-03,118.00
1995-06-04,151.00
1995-06-05,178.00
1995-06-06,160.00
1995-06-07,126.00
1995-06-08,127.00
1995-06-09,115.00
1995-06-10,163.00
1995-06-11,188.00
1995-06-12,125.00
1995-06-13,169.00
1995-06-14,370.00
1995-06-15,239.00
1995-06-16,222.00
1995-06-17,199.00
1995-06-18,212.00
1995-06-19,212.00
1995-06-20,160.00
1995-06-21,115.00
1995-06-22,111.00
1995-06-23,90.00
1995-06-24,91.00
1995-06-25,118.00
1995-06-26,75.00
1995-06-27,61.00
1995-06-28,77.00
1995-06-29,47.00
1995-06-30,47.00
1995-07-01,49.00
1995-07-02,90.00
1995-07-03,188.00
1995-07-04,75.00
1995-07-05,91.00
1995-07-06,57.00
1995-07-07,44.00
1995-07-08,46.00
1995-07-09,71.00
1995-07-10,59.00
1995-07-11,47.00
1995-07-12,91.00
1995-07-13,53.00
1995-07-14,52.00
1995-07-15,32.00
1995-07-16,71.00
1995-07-17,64.00
1995-07-18,43.00
1995-07-19,56.00
1995-07-20,41.00
1995-07-21,57.00
1995-07-22,24.00
1995-07-23,55.00
1995-07-24,42.00
1995-07-25,25.00
1995-07-26,28.00
1995-07-27,32.00
1995-07-28,30.00
1995-07-29,12.00
1995-07-30,63.00
1995-07-31,37.00
1995-08-01,10.00
1995-08-02,16.00
1995-08-03,10.00
1995-08-04,10.00
1995-08-05,10.00
1995-08-06,38.00
1995-08-07,25.00
1995-08-08,10.00
1995-08-09,10.00
1995-08-10,10.00
1995-08-11,14.00
1995-08-12,21.00
1995-08-13,25.00
1995-08-14,24.00
1995-08-15,16.00
1995-08-16,15.00
1995-08-17,10.00
1995-08-18,10.00
1995-08-19,10.00
1995-08-20,23.00
1995-08-21,21.00
1995-08-22,10.00
1995-08-23,10.00
1995-08-24,12.00
1995-08-25,13.00
1995-08-26,10.00
1995-08-27,52.00
1995-08-28,31.00
1995-08-29,10.00
1995-08-30,14.00
1995-08-31,10.00
1995-09-01,10.00
1995-09-02,21.00
1995-09-03,53.00
1995-09-04,29.00
1995-09-05,10.00
1995-09-06,40.00
1995-09-07,18.00
1995-09-08,30.00
1995-09-09,106.00
1995-09-10,48.00
1995-09-11,71.00
1995-09-12,32.00
1995-09-13,22.00
1995-09-14,23.00
1995-09-15,11.00
1995-09-16,32.00
1995-09-17,181.00
1995-09-18,48.00
1995-09-19,20.00
1995-09-20,16.00
1995-09-21,16.00
1995-09-22,10.00
1995-09-23,17.00
1995-09-24,26.00
1995-09-25,45.00
1995-09-26,13.00
1995-09-27,81.00
1995-09-28,76.00
1995-09-29,43.00
1995-09-30,24.00
1995-10-01,43.00
1995-10-02,56.00
1995-10-03,25.00
1995-10-04,76.00
1995-10-05,171.00
1995-10-06,189.00
1995-10-07,80.00
1995-10-08,81.00
1995-10-09,18.00
1995-10-10,50.00
1995-10-11,37.00
1995-10-12,52.00
1995-10-13,43.00
1995-10-14,30.00
1995-10-15,67.00
1995-10-16,24.00
1995-10-17,15.00
1995-10-18,24.00
1995-10-19,21.00
1995-10-20,18.00
1995-10-21,16.00
1995-10-22,10.00
1995-10-23,10.00
1995-10-24,12.00
1995-10-25,10.00
1995-10-26,10.00
1995-10-27,16.00
1995-10-28,18.00
1995-10-29,37.00
1995-10-30,32.00
1995-10-31,13.00
1995-11-01,48.00
1995-11-02,34.00
1995-11-03,29.00
1995-11-04,51.00
1995-11-05,32.00
1995-11-06,33.00
1995-11-07,20.00
1995-11-08,10.00
1995-11-09,18.00
1995-11-10,13.00
1995-11-11,48.00
1995-11-12,41.00
1995-11-13,21.00
1995-11-14,13.00
1995-11-15,13.00
1995-11-16,27.00
1995-11-17,58.00
1995-11-18,62.00
1995-11-19,75.00
1995-11-20,73.00
1995-11-21,62.00
1995-11-22,61.00
1995-11-23,39.00
1995-11-24,39.00
1995-11-25,40.00
1995-11-26,64.00
1995-11-27,53.00
1995-11-28,26.00
1995-11-29,19.00
1995-11-30,32.00
1995-12-01,21.00
1995-12-02,32.00
1995-12-03,59.00
1995-12-04,39.00
1995-12-05,59.00
1995-12-06,47.00
1995-12-07,10.00
1995-12-08,32.00
1995-12-09,32.00
1995-12-10,47.00
1995-12-11,33.00
1995-12-12,21.00
1995-12-13,25.00
1995-12-14,18.00
1995-12-15,18.00
1995-12-16,21.00
1995-12-17,34.00
1995-12-18,26.00
1995-12-19,16.00
1995-12-20,77.00
1995-12-21,61.00
1995-12-22,216.00
1995-12-23,449.00
1995-12-24,655.00
1995-12-25,690.00
1995-12-26,569.00
1995-12-27,413.00
1995-12-28,297.00
1995-12-29,260.00
1995-12-30,212.00
1995-12-31,249.00
1996-01-01,199.00
1996-01-02,193.00
1996-01-03,160.00
1996-01-04,156.00
1996-01-05,134.00
1996-01-06,149.00
1996-01-07,159.00
1996-01-08,170.00
1996-01-09,161.00
1996-01-10,161.00
1996-01-11,147.00
1996-01-12,134.00
1996-01-13,175.00
1996-01-14,169.00
1996-01-15,130.00
1996-01-16,105.00
1996-01-17,98.00
1996-01-18,98.00
1996-01-19,114.00
1996-01-20,99.00
1996-01-21,109.00
1996-01-22,76.00
1996-01-23,80.00
1996-01-24,78.00
1996-01-25,67.00
1996-01-26,56.00
1996-01-27,64.00
1996-01-28,83.00
1996-01-29,58.00
1996-01-30,43.00
1996-01-31,52.00
1996-02-01,27.00
1996-02-02,32.00
1996-02-03,59.00
1996-02-04,62.00
1996-02-05,60.00
1996-02-06,41.00
1996-02-07,31.00
1996-02-08,58.00
1996-02-09,28.00
1996-02-10,35.00
1996-02-11,77.00
1996-02-12,94.00
1996-02-13,260.00
1996-02-14,248.00
1996-02-15,222.00
1996-02-16,176.00
1996-02-17,229.00
1996-02-18,382.00
1996-02-19,636.00
1996-02-20,619.00
1996-02-21,479.00
1996-02-22,390.00
1996-02-23,348.00
1996-02-24,291.00
1996-02-25,372.00
1996-02-26,489.00
1996-02-27,467.00
1996-02-28,526.00
1996-02-29,511.00
1996-03-01,421.00
1996-03-02,375.00
1996-03-03,364.00
1996-03-04,289.00
1996-03-05,252.00
1996-03-06,227.00
1996-03-07,216.00
1996-03-08,202.00
1996-03-09,180.00
1996-03-10,199.00
1996-03-11,156.00
1996-03-12,134.00
1996-03-13,137.00
1996-03-14,112.00
1996-03-15,111.00
1996-03-16,113.00
1996-03-17,136.00
1996-03-18,106.00
1996-03-19,91.00
1996-03-20,79.00
1996-03-21,92.00
1996-03-22,100.00
1996-03-23,118.00
1996-03-24,140.00
1996-03-25,123.00
1996-03-26,112.00
1996-03-27,91.00
1996-03-28,77.00
1996-03-29,75.00
1996-03-30,87.00
1996-03-31,109.00
1996-04-01,87.00
1996-04-02,65.00
1996-04-03,62.00
1996-04-04,58.00
1996-04-05,45.00
1996-04-06,77.00
1996-04-07,96.00
1996-04-08,82.00
1996-04-09,64.00
1996-04-10,53.00
1996-04-11,60.00
1996-04-12,43.00
1996-04-13,56.00
1996-04-14,75.00
1996-04-15,60.00
1996-04-16,37.00
1996-04-17,32.00
1996-04-18,26.00
1996-04-19,25.00
1996-04-20,27.00
1996-04-21,56.00
1996-04-22,30.00
1996-04-23,21.00
1996-04-24,20.00
1996-04-25,21.00
1996-04-26,20.00
1996-04-27,26.00
1996-04-28,58.00
1996-04-29,29.00
1996-04-30,15.00
1996-05-01,44.00
1996-05-02,12.00
1996-05-03,44.00
1996-05-04,24.00
1996-05-05,57.00
1996-05-06,32.00
1996-05-07,10.00
1996-05-08,17.00
1996-05-09,37.00
1996-05-10,10.00
1996-05-11,17.00
1996-05-12,51.00
1996-05-13,26.00
1996-05-14,10.00
1996-05-15,14.00
1996-05-16,25.00
1996-05-17,26.00
1996-05-18,13.00
1996-05-19,56.00
1996-05-20,19.00
1996-05-21,28.00
1996-05-22,17.00
1996-05-23,21.00
1996-05-24,10.00
1996-05-25,35.00
1996-05-26,69.00
1996-05-27,87.00
1996-05-28,86.00
1996-05-29,62.00
1996-05-30,45.00
1996-05-31,34.00
1996-06-01,46.00
1996-06-02,80.00
1996-06-03,52.00
1996-06-04,10.00
1996-06-05,18.00
1996-06-06,16.00
1996-06-07,15.00
1996-06-08,33.00
1996-06-09,74.00
1996-06-10,22.00
1996-06-11,10.00
1996-06-12,10.00
1996-06-13,10.00
1996-06-14,10.00
1996-06-15,10.00
1996-06-16,10.00
1996-06-17,27.00
1996-06-18,10.00
1996-06-19,10.00
1996-06-20,10.00
1996-06-21,10.00
1996-06-22,11.00
1996-06-23,11.00
1996-06-24,10.00
1996-06-25,13.00
1996-06-26,10.00
1996-06-27,10.00
1996-06-28,10.00
1996-06-29,13.00
1996-06-30,20.00
1996-07-01,22.00
1996-07-02,10.00
1996-07-03,10.00
1996-07-04,10.00
1996-07-05,22.00
1996-07-06,36.00
1996-07-07,62.00
1996-07-08,25.00
1996-07-09,10.00
1996-07-10,21.00
1996-07-11,10.00
1996-07-12,10.00
1996-07-13,10.00
1996-07-14,19.00
1996-07-15,10.00
1996-07-16,10.00
1996-07-17,10.00
1996-07-18,10.00
1996-07-19,10.00
1996-07-20,10.00
1996-07-21,10.00
1996-07-22,10.00
1996-07-23,10.00
1996-07-24,10.00
1996-07-25,10.00
1996-07-26,10.00
1996-07-27,10.00
1996-07-28,10.00
1996-07-29,10.00
1996-07-30,10.00
1996-07-31,10.00
1996-08-01,10.00
1996-08-02,10.00
1996-08-03,10.00
1996-08-04,10.00
1996-08-05,10.00
1996-08-06,10.00
1996-08-07,10.00
1996-08-08,10.00
1996-08-09,10.00
1996-08-10,10.00
1996-08-11,10.00
1996-08-12,10.00
1996-08-13,136.00
1996-08-14,48.00
1996-08-15,39.00
1996-08-16,16.00
1996-08-17,10.00
1996-08-18,14.00
1996-08-19,12.00
1996-08-20,10.00
1996-08-21,10.00
1996-08-22,10.00
1996-08-23,10.00
1996-08-24,10.00
1996-08-25,27.00
1996-08-26,30.00
1996-08-27,10.00
1996-08-28,74.00
1996-08-29,350.00
1996-08-30,602.00
1996-08-31,345.00
1996-09-01,204.00
1996-09-02,125.00
1996-09-03,81.00
1996-09-04,20.00
1996-09-05,17.00
1996-09-06,21.00
1996-09-07,16.00
1996-09-08,36.00
1996-09-09,26.00
1996-09-10,10.00
1996-09-11,10.00
1996-09-12,10.00
1996-09-13,10.00
1996-09-14,26.00
1996-09-15,42.00
1996-09-16,20.00
1996-09-17,10.00
1996-09-18,10.00
1996-09-19,10.00
1996-09-20,11.00
1996-09-21,10.00
1996-09-22,10.00
1996-09-23,17.00
1996-09-24,10.00
1996-09-25,10.00
1996-09-26,10.00
1996-09-27,10.00
1996-09-28,10.00
1996-09-29,26.00
1996-09-30,17.00
1996-10-01,39.00
1996-10-02,88.00
1996-10-03,67.00
1996-10-04,60.00
1996-10-05,52.00
1996-10-06,51.00
1996-10-07,24.00
1996-10-08,18.00
1996-10-09,10.00
1996-10-10,10.00
1996-10-11,10.00
1996-10-12,12.00
1996-10-13,43.00
1996-10-14,10.00
1996-10-15,10.00
1996-10-16,10.00
1996-10-17,10.00
1996-10-18,10.00
1996-10-19,10.00
1996-10-20,34.00
1996-10-21,31.00
1996-10-22,22.00
1996-10-23,18.00
1996-10-24,10.00
1996-10-25,10.00
1996-10-26,10.00
1996-10-27,35.00
1996-10-28,23.00
1996-10-29,18.00
1996-10-30,15.00
1996-10-31,31.00
1996-11-01,73.00
1996-11-02,59.00
1996-11-03,76.00
1996-11-04,55.00
1996-11-05,80.00
1996-11-06,97.00
1996-11-07,107.00
1996-11-08,138.00
1996-11-09,131.00
1996-11-10,134.00
1996-11-11,199.00
1996-11-12,293.00
1996-11-13,338.00
1996-11-14,293.00
1996-11-15,241.00
1996-11-16,238.00
1996-11-17,224.00
1996-11-18,216.00
1996-11-19,304.00
1996-11-20,434.00
1996-11-21,679.00
1996-11-22,528.00
1996-11-23,452.00
1996-11-24,384.00
1996-11-25,351.00
1996-11-26,436.00
1996-11-27,466.00
1996-11-28,420.00
1996-11-29,395.00
1996-11-30,535.00
1996-12-01,670.00
1996-12-02,595.00
1996-12-03,546.00
1996-12-04,643.00
1996-12-05,737.00
1996-12-06,732.00
1996-12-07,676.00
1996-12-08,663.00
1996-12-09,541.00
1996-12-10,426.00
1996-12-11,318.00
1996-12-12,278.00
1996-12-13,299.00
1996-12-14,290.00
1996-12-15,300.00
1996-12-16,245.00
1996-12-17,222.00
1996-12-18,221.00
1996-12-19,260.00
1996-12-20,289.00
1996-12-21,258.00
1996-12-22,256.00
1996-12-23,253.00
1996-12-24,232.00
1996-12-25,233.00
1996-12-26,219.00
1996-12-27,180.00
1996-12-28,178.00
1996-12-29,156.00
1996-12-30,140.00
1996-12-31,147.00
1997-01-01,119.00
1997-01-02,68.00
1997-01-03,79.00
1997-01-04,95.00
1997-01-05,69.00
1997-01-06,103.00
1997-01-07,67.00
1997-01-08,49.00
1997-01-09,80.00
1997-01-10,77.00
1997-01-11,54.00
1997-01-12,41.00
1997-01-13,57.00
1997-01-14,64.00
1997-01-15,62.00
1997-01-16,76.00
1997-01-17,67.00
1997-01-18,72.00
1997-01-19,93.00
1997-01-20,103.00
1997-01-21,125.00
1997-01-22,114.00
1997-01-23,146.00
1997-01-24,167.00
1997-01-25,173.00
1997-01-26,153.00
1997-01-27,133.00
1997-01-28,125.00
1997-01-29,97.00
1997-01-30,101.00
1997-01-31,89.00
1997-02-01,93.00
1997-02-02,114.00
1997-02-03,97.00
1997-02-04,71.00
1997-02-05,180.00
1997-02-06,275.00
1997-02-07,242.00
1997-02-08,188.00
1997-02-09,192.00
1997-02-10,165.00
1997-02-11,192.00
1997-02-12,220.00
1997-02-13,609.00
1997-02-14,948.00
1997-02-15,764.00
1997-02-16,669.00
1997-02-17,588.00
1997-02-18,544.00
1997-02-19,610.00
1997-02-20,599.00
1997-02-21,536.00
1997-02-22,491.00
1997-02-23,436.00
1997-02-24,431.00
1997-02-25,738.00
1997-02-26,1055.00
1997-02-27,976.00
1997-02-28,878.00
1997-03-01,740.00
1997-03-02,690.00
1997-03-03,614.00
1997-03-04,662.00
1997-03-05,705.00
1997-03-06,649.00
1997-03-07,575.00
1997-03-08,501.00
1997-03-09,436.00
1997-03-10,365.00
1997-03-11,302.00
1997-03-12,243.00
1997-03-13,264.00
1997-03-14,239.00
1997-03-15,224.00
1997-03-16,239.00
1997-03-17,210.00
1997-03-18,191.00
1997-03-19,205.00
1997-03-20,236.00
1997-03-21,186.00
1997-03-22,212.00
1997-03-23,172.00
1997-03-24,183.00
1997-03-25,187.00
1997-03-26,168.00
1997-03-27,145.00
1997-03-28,157.00
1997-03-29,168.00
1997-03-30,175.00
1997-03-31,172.00
1997-04-01,132.00
1997-04-02,119.00
1997-04-03,103.00
1997-04-04,116.00
1997-04-05,113.00
1997-04-06,147.00
1997-04-07,124.00
1997-04-08,96.00
1997-04-09,83.00
1997-04-10,86.00
1997-04-11,71.00
1997-04-12,84.00
1997-04-13,100.00
1997-04-14,73.00
1997-04-15,68.00
1997-04-16,62.00
1997-04-17,52.00
1997-04-18,64.00
1997-04-19,68.00
1997-04-20,71.00
1997-04-21,62.00
1997-04-22,46.00
1997-04-23,46.00
1997-04-24,39.00
1997-04-25,33.00
1997-04-26,54.00
1997-04-27,139.00
1997-04-28,101.00
1997-04-29,89.00
1997-04-30,125.00
1997-05-01,128.00
1997-05-02,75.00
1997-05-03,70.00
1997-05-04,85.00
1997-05-05,119.00
1997-05-06,222.00
1997-05-07,331.00
1997-05-08,257.00
1997-05-09,253.00
1997-05-10,252.00
1997-05-11,251.00
1997-05-12,225.00
1997-05-13,190.00
1997-05-14,223.00
1997-05-15,280.00
1997-05-16,196.00
1997-05-17,199.00
1997-05-18,243.00
1997-05-19,240.00
1997-05-20,200.00
1997-05-21,240.00
1997-05-22,341.00
1997-05-23,272.00
1997-05-24,237.00
1997-05-25,217.00
1997-05-26,162.00
1997-05-27,131.00
1997-05-28,113.00
1997-05-29,98.00
1997-05-30,74.00
1997-05-31,89.00
1997-06-01,96.00
1997-06-02,75.00
1997-06-03,56.00
1997-06-04,48.00
1997-06-05,53.00
1997-06-06,45.00
1997-06-07,46.00
1997-06-08,102.00
1997-06-09,82.00
1997-06-10,52.00
1997-06-11,61.00
1997-06-12,77.00
1997-06-13,37.00
1997-06-14,98.00
1997-06-15,121.00
1997-06-16,59.00
1997-06-17,59.00
1997-06-18,67.00
1997-06-19,49.00
1997-06-20,84.00
1997-06-21,86.00
1997-06-22,93.00
1997-06-23,125.00
1997-06-24,150.00
1997-06-25,194.00
1997-06-26,226.00
1997-06-27,276.00
1997-06-28,276.00
1997-06-29,328.00
1997-06-30,341.00
1997-07-01,339.00
1997-07-02,310.00
1997-07-03,312.00
1997-07-04,259.00
1997-07-05,243.00
1997-07-06,227.00
1997-07-07,191.00
1997-07-08,160.00
1997-07-09,125.00
1997-07-10,109.00
1997-07-11,105.00
1997-07-12,105.00
1997-07-13,157.00
1997-07-14,90.00
1997-07-15,126.00
1997-07-16,91.00
1997-07-17,89.00
1997-07-18,199.00
1997-07-19,170.00
1997-07-20,172.00
1997-07-21,138.00
1997-07-22,97.00
1997-07-23,64.00
1997-07-24,67.00
1997-07-25,77.00
1997-07-26,76.00
1997-07-27,86.00
1997-07-28,56.00
1997-07-29,50.00
1997-07-30,30.00
1997-07-31,36.00
1997-08-01,31.00
1997-08-02,74.00
1997-08-03,100.00
1997-08-04,50.00
1997-08-05,37.00
1997-08-06,30.00
1997-08-07,36.00
1997-08-08,26.00
1997-08-09,24.00
1997-08-10,48.00
1997-08-11,30.00
1997-08-12,10.00
1997-08-13,12.00
1997-08-14,10.00
1997-08-15,14.00
1997-08-16,10.00
1997-08-17,28.00
1997-08-18,18.00
1997-08-19,10.00
1997-08-20,10.00
1997-08-21,10.00
1997-08-22,10.00
1997-08-23,14.00
1997-08-24,27.00
1997-08-25,13.00
1997-08-26,10.00
1997-08-27,10.00
1997-08-28,46.00
1997-08-29,19.00
1997-08-30,17.00
1997-08-31,58.00
1997-09-01,18.00
1997-09-02,62.00
1997-09-03,41.00
1997-09-04,16.00
1997-09-05,14.00
1997-09-06,14.00
1997-09-07,33.00
1997-09-08,23.00
1997-09-09,10.00
1997-09-10,10.00
1997-09-11,10.00
1997-09-12,10.00
1997-09-13,10.00
1997-09-14,42.00
1997-09-15,10.00
1997-09-16,10.00
1997-09-17,10.00
1997-09-18,10.00
1997-09-19,10.00
1997-09-20,10.00
1997-09-21,10.00
1997-09-22,11.00
1997-09-23,10.00
1997-09-24,10.00
1997-09-25,10.00
1997-09-26,10.00
1997-09-27,10.00
1997-09-28,10.00
1997-09-29,10.00
1997-09-30,10.00
1997-10-01,10.00
1997-10-02,10.00
1997-10-03,10.00
1997-10-04,10.00
1997-10-05,10.00
1997-10-06,16.00
1997-10-07,10.00
1997-10-08,10.00
1997-10-09,60.00
1997-10-10,94.00
1997-10-11,47.00
1997-10-12,119.00
1997-10-13,94.00
1997-10-14,67.00
1997-10-15,70.00
1997-10-16,73.00
1997-10-17,40.00
1997-10-18,51.00
1997-10-19,50.00
1997-10-20,33.00
1997-10-21,10.00
1997-10-22,10.00
1997-10-23,15.00
1997-10-24,10.00
1997-10-25,13.00
1997-10-26,27.00
1997-10-27,10.00
1997-10-28,10.00
1997-10-29,10.00
1997-10-30,10.00
1997-10-31,10.00
1997-11-01,26.00
1997-11-02,33.00
1997-11-03,16.00
1997-11-04,10.00
1997-11-05,10.00
1997-11-06,10.00
1997-11-07,68.00
1997-11-08,72.00
1997-11-09,52.00
1997-11-10,77.00
1997-11-11,164.00
1997-11-12,139.00
1997-11-13,121.00
1997-11-14,133.00
1997-11-15,90.00
1997-11-16,111.00
1997-11-17,124.00
1997-11-18,108.00
1997-11-19,63.00
1997-11-20,83.00
1997-11-21,106.00
1997-11-22,85.00
1997-11-23,124.00
1997-11-24,81.00
1997-11-25,58.00
1997-11-26,70.00
1997-11-27,58.00
1997-11-28,78.00
1997-11-29,63.00
1997-11-30,162.00
1997-12-01,205.00
1997-12-02,193.00
1997-12-03,172.00
1997-12-04,131.00
1997-12-05,117.00
1997-12-06,117.00
1997-12-07,133.00
1997-12-08,107.00
1997-12-09,88.00
1997-12-10,137.00
1997-12-11,198.00
1997-12-12,352.00
1997-12-13,461.00
1997-12-14,419.00
1997-12-15,362.00
1997-12-16,290.00
1997-12-17,272.00
1997-12-18,262.00
1997-12-19,292.00
1997-12-20,335.00
1997-12-21,357.00
1997-12-22,292.00
1997-12-23,308.00
1997-12-24,325.00
1997-12-25,432.00
1997-12-26,490.00
1997-12-27,608.00
1997-12-28,648.00
1997-12-29,643.00
1997-12-30,562.00
1997-12-31,469.00
1998-01-01,470.00
1998-01-02,466.00
1998-01-03,731.00
1998-01-04,921.00
1998-01-05,898.00
1998-01-06,949.00
1998-01-07,915.00
1998-01-08,784.00
1998-01-09,682.00
1998-01-10,564.00
1998-01-11,524.00
1998-01-12,421.00
1998-01-13,374.00
1998-01-14,327.00
1998-01-15,293.00
1998-01-16,317.00
1998-01-17,461.00
1998-01-18,456.00
1998-01-19,542.00
1998-01-20,694.00
1998-01-21,706.00
1998-01-22,610.00
1998-01-23,562.00
1998-01-24,504.00
1998-01-25,448.00
1998-01-26,403.00
1998-01-27,370.00
1998-01-28,335.00
1998-01-29,275.00
1998-01-30,221.00
1998-01-31,239.00
1998-02-01,241.00
1998-02-02,182.00
1998-02-03,184.00
1998-02-04,168.00
1998-02-05,146.00
1998-02-06,144.00
1998-02-07,144.00
1998-02-08,166.00
1998-02-09,128.00
1998-02-10,129.00
1998-02-11,115.00
1998-02-12,108.00
1998-02-13,114.00
1998-02-14,120.00
1998-02-15,138.00
1998-02-16,112.00
1998-02-17,98.00
1998-02-18,93.00
1998-02-19,90.00
1998-02-20,85.00
1998-02-21,93.00
1998-02-22,129.00
1998-02-23,107.00
1998-02-24,89.00
1998-02-25,89.00
1998-02-26,75.00
1998-02-27,72.00
1998-02-28,89.00
1998-03-01,120.00
1998-03-02,104.00
1998-03-03,94.00
1998-03-04,111.00
1998-03-05,187.00
1998-03-06,236.00
1998-03-07,421.00
1998-03-08,571.00
1998-03-09,680.00
1998-03-10,558.00
1998-03-11,440.00
1998-03-12,431.00
1998-03-13,389.00
1998-03-14,316.00
1998-03-15,308.00
1998-03-16,255.00
1998-03-17,219.00
1998-03-18,218.00
1998-03-19,190.00
1998-03-20,157.00
1998-03-21,187.00
1998-03-22,192.00
1998-03-23,172.00
1998-03-24,145.00
1998-03-25,120.00
1998-03-26,115.00
1998-03-27,123.00
1998-03-28,134.00
1998-03-29,145.00
1998-03-30,118.00
1998-03-31,98.00
1998-04-01,87.00
1998-04-02,110.00
1998-04-03,129.00
1998-04-04,278.00
1998-04-05,446.00
1998-04-06,461.00
1998-04-07,478.00
1998-04-08,957.00
1998-04-09,939.00
1998-04-10,732.00
1998-04-11,667.00
1998-04-12,575.00
1998-04-13,493.00
1998-04-14,416.00
1998-04-15,378.00
1998-04-16,479.00
1998-04-17,460.00
1998-04-18,551.00
1998-04-19,586.00
1998-04-20,457.00
1998-04-21,456.00
1998-04-22,425.00
1998-04-23,414.00
1998-04-24,341.00
1998-04-25,324.00
1998-04-26,374.00
1998-04-27,430.00
1998-04-28,523.00
1998-04-29,490.00
1998-04-30,453.00
1998-05-01,418.00
1998-05-02,371.00
1998-05-03,375.00
1998-05-04,326.00
1998-05-05,313.00
1998-05-06,280.00
1998-05-07,245.00
1998-05-08,227.00
1998-05-09,174.00
1998-05-10,217.00
1998-05-11,163.00
1998-05-12,136.00
1998-05-13,139.00
1998-05-14,117.00
1998-05-15,106.00
1998-05-16,119.00
1998-05-17,115.00
1998-05-18,81.00
1998-05-19,90.00
1998-05-20,66.00
1998-05-21,97.00
1998-05-22,79.00
1998-05-23,73.00
1998-05-24,90.00
1998-05-25,79.00
1998-05-26,69.00
1998-05-27,97.00
1998-05-28,99.00
1998-05-29,98.00
1998-05-30,84.00
1998-05-31,70.00
1998-06-01,101.00
1998-06-02,81.00
1998-06-03,102.00
1998-06-04,74.00
1998-06-05,55.00
1998-06-06,94.00
1998-06-07,204.00
1998-06-08,108.00
1998-06-09,78.00
1998-06-10,145.00
1998-06-11,137.00
1998-06-12,127.00
1998-06-13,120.00
1998-06-14,143.00
1998-06-15,143.00
1998-06-16,167.00
1998-06-17,208.00
1998-06-18,165.00
1998-06-19,141.00
1998-06-20,108.00
1998-06-21,111.00
1998-06-22,79.00
1998-06-23,57.00
1998-06-24,45.00
1998-06-25,37.00
1998-06-26,36.00
1998-06-27,52.00
1998-06-28,83.00
1998-06-29,50.00
1998-06-30,29.00
1998-07-01,50.00
1998-07-02,24.00
1998-07-03,23.00
1998-07-04,36.00
1998-07-05,50.00
1998-07-06,26.00
1998-07-07,24.00
1998-07-08,21.00
1998-07-09,19.00
1998-07-10,31.00
1998-07-11,42.00
1998-07-12,57.00
1998-07-13,64.00
1998-07-14,70.00
1998-07-15,42.00
1998-07-16,65.00
1998-07-17,70.00
1998-07-18,55.00
1998-07-19,69.00
1998-07-20,41.00
1998-07-21,55.00
1998-07-22,46.00
1998-07-23,21.00
1998-07-24,24.00
1998-07-25,17.00
1998-07-26,33.00
1998-07-27,20.00
1998-07-28,10.00
1998-07-29,10.00
1998-07-30,34.00
1998-07-31,20.00
1998-08-01,21.00
1998-08-02,42.00
1998-08-03,28.00
1998-08-04,12.00
1998-08-05,10.00
1998-08-06,10.00
1998-08-07,10.00
1998-08-08,10.00
1998-08-09,37.00
1998-08-10,10.00
1998-08-11,10.00
1998-08-12,10.00
1998-08-13,10.00
1998-08-14,10.00
1998-08-15,10.00
1998-08-16,19.00
1998-08-17,10.00
1998-08-18,10.00
1998-08-19,10.00
1998-08-20,10.00
1998-08-21,10.00
1998-08-22,10.00
1998-08-23,56.00
1998-08-24,70.00
1998-08-25,25.00
1998-08-26,24.00
1998-08-27,19.00
1998-08-28,11.00
1998-08-29,10.00
1998-08-30,31.00
1998-08-31,17.00
1998-09-01,10.00
1998-09-02,10.00
1998-09-03,18.00
1998-09-04,57.00
1998-09-05,54.00
1998-09-06,112.00
1998-09-07,84.00
1998-09-08,63.00
1998-09-09,35.00
1998-09-10,46.00
1998-09-11,54.00
1998-09-12,93.00
1998-09-13,138.00
1998-09-14,588.00
1998-09-15,695.00
1998-09-16,404.00
1998-09-17,297.00
1998-09-18,226.00
1998-09-19,157.00
1998-09-20,149.00
1998-09-21,98.00
1998-09-22,73.00
1998-09-23,59.00
1998-09-24,54.00
1998-09-25,46.00
1998-09-26,53.00
1998-09-27,222.00
1998-09-28,78.00
1998-09-29,124.00
1998-09-30,63.00
1998-10-01,64.00
1998-10-02,47.00
1998-10-03,38.00
1998-10-04,66.00
1998-10-05,53.00
1998-10-06,36.00
1998-10-07,29.00
1998-10-08,76.00
1998-10-09,46.00
1998-10-10,109.00
1998-10-11,111.00
1998-10-12,109.00
1998-10-13,121.00
1998-10-14,117.00
1998-10-15,141.00
1998-10-16,161.00
1998-10-17,171.00
1998-10-18,205.00
1998-10-19,174.00
1998-10-20,165.00
1998-10-21,143.00
1998-10-22,128.00
1998-10-23,127.00
1998-10-24,172.00
1998-10-25,607.00
1998-10-26,758.00
1998-10-27,680.00
1998-10-28,759.00
1998-10-29,1002.00
1998-10-30,1026.00
1998-10-31,1052.00
1998-11-01,1368.00
1998-11-02,1619.00
1998-11-03,1383.00
1998-11-04,1178.00
1998-11-05,940.00
1998-11-06,793.00
1998-11-07,680.00
1998-11-08,650.00
1998-11-09,657.00
1998-11-10,605.00
1998-11-11,568.00
1998-11-12,461.00
1998-11-13,390.00
1998-11-14,413.00
1998-11-15,550.00
1998-11-16,573.00
1998-11-17,574.00
1998-11-18,474.00
1998-11-19,451.00
1998-11-20,433.00
1998-11-21,364.00
1998-11-22,336.00
1998-11-23,296.00
1998-11-24,243.00
1998-11-25,222.00
1998-11-26,228.00
1998-11-27,270.00
1998-11-28,286.00
1998-11-29,330.00
1998-11-30,460.00
1998-12-01,368.00
1998-12-02,316.00
1998-12-03,279.00
1998-12-04,265.00
1998-12-05,263.00
1998-12-06,277.00
1998-12-07,242.00
1998-12-08,192.00
1998-12-09,232.00
1998-12-10,314.00
1998-12-11,368.00
1998-12-12,561.00
1998-12-13,825.00
1998-12-14,823.00
1998-12-15,739.00
1998-12-16,627.00
1998-12-17,547.00
1998-12-18,469.00
1998-12-19,453.00
1998-12-20,472.00
1998-12-21,469.00
1998-12-22,394.00
1998-12-23,355.00
1998-12-24,344.00
1998-12-25,364.00
1998-12-26,337.00
1998-12-27,423.00
1998-12-28,739.00
1998-12-29,707.00
1998-12-30,635.00
1998-12-31,526.00
1999-01-01,477.00
1999-01-02,411.00
1999-01-03,455.00
1999-01-04,554.00
1999-01-05,570.00
1999-01-06,531.00
1999-01-07,526.00
1999-01-08,575.00
1999-01-09,648.00
1999-01-10,674.00
1999-01-11,541.00
1999-01-12,487.00
1999-01-13,448.00
1999-01-14,476.00
1999-01-15,575.00
1999-01-16,564.00
1999-01-17,753.00
1999-01-18,811.00
1999-01-19,692.00
1999-01-20,592.00
1999-01-21,513.00
1999-01-22,446.00
1999-01-23,412.00
1999-01-24,381.00
1999-01-25,363.00
1999-01-26,464.00
1999-01-27,620.00
1999-01-28,801.00
1999-01-29,979.00
1999-01-30,858.00
1999-01-31,726.00
1999-02-01,569.00
1999-02-02,536.00
1999-02-03,485.00
1999-02-04,466.00
1999-02-05,464.00
1999-02-06,456.00
1999-02-07,588.00
1999-02-08,628.00
1999-02-09,566.00
1999-02-10,498.00
1999-02-11,460.00
1999-02-12,421.00
1999-02-13,381.00
1999-02-14,344.00
1999-02-15,329.00
1999-02-16,343.00
1999-02-17,388.00
1999-02-18,410.00
1999-02-19,525.00
1999-02-20,1053.00
1999-02-21,1228.00
1999-02-22,1226.00
1999-02-23,1173.00
1999-02-24,1032.00
1999-02-25,863.00
1999-02-26,740.00
1999-02-27,711.00
1999-02-28,708.00
1999-03-01,781.00
1999-03-02,1146.00
1999-03-03,1367.00
1999-03-04,1350.00
1999-03-05,1202.00
1999-03-06,1073.00
1999-03-07,935.00
1999-03-08,865.00
1999-03-09,820.00
1999-03-10,757.00
1999-03-11,685.00
1999-03-12,662.00
1999-03-13,574.00
1999-03-14,566.00
1999-03-15,550.00
1999-03-16,595.00
1999-03-17,595.00
1999-03-18,496.00
1999-03-19,441.00
1999-03-20,399.00
1999-03-21,363.00
1999-03-22,424.00
1999-03-23,547.00
1999-03-24,604.00
1999-03-25,467.00
1999-03-26,436.00
1999-03-27,410.00
1999-03-28,397.00
1999-03-29,344.00
1999-03-30,303.00
1999-03-31,291.00
1999-04-01,293.00
1999-04-02,278.00
1999-04-03,283.00
1999-04-04,299.00
1999-04-05,278.00
1999-04-06,238.00
1999-04-07,221.00
1999-04-08,224.00
1999-04-09,212.00
1999-04-10,187.00
1999-04-11,230.00
1999-04-12,201.00
1999-04-13,293.00
1999-04-14,325.00
1999-04-15,466.00
1999-04-16,591.00
1999-04-17,584.00
1999-04-18,524.00
1999-04-19,465.00
1999-04-20,371.00
1999-04-21,365.00
1999-04-22,421.00
1999-04-23,412.00
1999-04-24,392.00
1999-04-25,365.00
1999-04-26,341.00
1999-04-27,295.00
1999-04-28,251.00
1999-04-29,224.00
1999-04-30,224.00
1999-05-01,222.00
1999-05-02,225.00
1999-05-03,167.00
1999-05-04,147.00
1999-05-05,149.00
1999-05-06,156.00
1999-05-07,136.00
1999-05-08,162.00
1999-05-09,153.00
1999-05-10,145.00
1999-05-11,153.00
1999-05-12,123.00
1999-05-13,137.00
1999-05-14,124.00
1999-05-15,110.00
1999-05-16,124.00
1999-05-17,103.00
1999-05-18,96.00
1999-05-19,106.00
1999-05-20,140.00
1999-05-21,110.00
1999-05-22,108.00
1999-05-23,129.00
1999-05-24,88.00
1999-05-25,85.00
1999-05-26,74.00
1999-05-27,63.00
1999-05-28,67.00
1999-05-29,64.00
1999-05-30,108.00
1999-05-31,83.00
1999-06-01,58.00
1999-06-02,59.00
1999-06-03,58.00
1999-06-04,93.00
1999-06-05,185.00
1999-06-06,169.00
1999-06-07,112.00
1999-06-08,120.00
1999-06-09,71.00
1999-06-10,71.00
1999-06-11,68.00
1999-06-12,53.00
1999-06-13,88.00
1999-06-14,76.00
1999-06-15,44.00
1999-06-16,54.00
1999-06-17,40.00
1999-06-18,40.00
1999-06-19,40.00
1999-06-20,60.00
1999-06-21,69.00
1999-06-22,33.00
1999-06-23,30.00
1999-06-24,29.00
1999-06-25,21.00
1999-06-26,43.00
1999-06-27,63.00
1999-06-28,92.00
1999-06-29,67.00
1999-06-30,55.00
1999-07-01,38.00
1999-07-02,44.00
1999-07-03,36.00
1999-07-04,66.00
1999-07-05,241.00
1999-07-06,116.00
1999-07-07,99.00
1999-07-08,111.00
1999-07-09,72.00
1999-07-10,70.00
1999-07-11,67.00
1999-07-12,59.00
1999-07-13,11.00
1999-07-14,28.00
1999-07-15,52.00
1999-07-16,30.00
1999-07-17,30.00
1999-07-18,52.00
1999-07-19,26.00
1999-07-20,34.00
1999-07-21,49.00
1999-07-22,32.00
1999-07-23,25.00
1999-07-24,10.00
1999-07-25,44.00
1999-07-26,17.00
1999-07-27,19.00
1999-07-28,11.00
1999-07-29,10.00
1999-07-30,10.00
1999-07-31,10.00
1999-08-01,24.00
1999-08-02,16.00
1999-08-03,10.00
1999-08-04,13.00
1999-08-05,13.00
1999-08-06,10.00
1999-08-07,10.00
1999-08-08,36.00
1999-08-09,10.00
1999-08-10,33.00
1999-08-11,38.00
1999-08-12,18.00
1999-08-13,10.00
1999-08-14,34.00
1999-08-15,45.00
1999-08-16,50.00
1999-08-17,39.00
1999-08-18,26.00
1999-08-19,32.00
1999-08-20,31.00
1999-08-21,26.00
1999-08-22,42.00
1999-08-23,14.00
1999-08-24,10.00
1999-08-25,10.00
1999-08-26,10.00
1999-08-27,10.00
1999-08-28,13.00
1999-08-29,48.00
1999-08-30,18.00
1999-08-31,10.00
1999-09-01,10.00
1999-09-02,10.00
1999-09-03,10.00
1999-09-04,10.00
1999-09-05,16.00
1999-09-06,17.00
1999-09-07,10.00
1999-09-08,10.00
1999-09-09,10.00
1999-09-10,10.00
1999-09-11,10.00
1999-09-12,32.00
1999-09-13,10.00
1999-09-14,10.00
1999-09-15,10.00
1999-09-16,10.00
1999-09-17,10.00
1999-09-18,10.00
1999-09-19,10.00
1999-09-20,13.00
1999-09-21,10.00
1999-09-22,10.00
1999-09-23,32.00
1999-09-24,42.00
1999-09-25,20.00
1999-09-26,50.00
1999-09-27,27.00
1999-09-28,19.00
1999-09-29,51.00
1999-09-30,128.00
1999-10-01,155.00
1999-10-02,125.00
1999-10-03,272.00
1999-10-04,209.00
1999-10-05,173.00
1999-10-06,129.00
1999-10-07,89.00
1999-10-08,89.00
1999-10-09,101.00
1999-10-10,130.00
1999-10-11,95.00
1999-10-12,72.00
1999-10-13,50.00
1999-10-14,73.00
1999-10-15,48.00
1999-10-16,59.00
1999-10-17,61.00
1999-10-18,50.00
1999-10-19,33.00
1999-10-20,28.00
1999-10-21,32.00
1999-10-22,27.00
1999-10-23,34.00
1999-10-24,92.00
1999-10-25,30.00
1999-10-26,72.00
1999-10-27,26.00
1999-10-28,35.00
1999-10-29,38.00
1999-10-30,42.00
1999-10-31,79.00
1999-11-01,54.00
1999-11-02,83.00
1999-11-03,125.00
1999-11-04,141.00
1999-11-05,122.00
1999-11-06,98.00
1999-11-07,133.00
1999-11-08,109.00
1999-11-09,94.00
1999-11-10,95.00
1999-11-11,111.00
1999-11-12,84.00
1999-11-13,73.00
1999-11-14,111.00
1999-11-15,68.00
1999-11-16,65.00
1999-11-17,63.00
1999-11-18,49.00
1999-11-19,77.00
1999-11-20,87.00
1999-11-21,89.00
1999-11-22,78.00
1999-11-23,58.00
1999-11-24,79.00
1999-11-25,80.00
1999-11-26,107.00
1999-11-27,93.00
1999-11-28,108.00
1999-11-29,86.00
1999-11-30,74.00
1999-12-01,79.00
1999-12-02,88.00
1999-12-03,90.00
1999-12-04,98.00
1999-12-05,146.00
1999-12-06,110.00
1999-12-07,147.00
1999-12-08,249.00
1999-12-09,301.00
1999-12-10,351.00
1999-12-11,343.00
1999-12-12,758.00
1999-12-13,1197.00
1999-12-14,1335.00
1999-12-15,1274.00
1999-12-16,1000.00
1999-12-17,871.00
1999-12-18,968.00
1999-12-19,1136.00
1999-12-20,984.00
1999-12-21,887.00
1999-12-22,822.00
1999-12-23,736.00
1999-12-24,697.00
1999-12-25,1029.00
1999-12-26,1537.00
1999-12-27,1977.00
1999-12-28,1759.00
1999-12-29,1411.00
1999-12-30,1172.00
1999-12-31,1006.00
2000-01-01,881.00
2000-01-02,825.00
2000-01-03,770.00
2000-01-04,757.00
2000-01-05,872.00
2000-01-06,812.00
2000-01-07,711.00
2000-01-08,676.00
2000-01-09,577.00
2000-01-10,542.00
2000-01-11,446.00
2000-01-12,404.00
2000-01-13,355.00
2000-01-14,347.00
2000-01-15,340.00
2000-01-16,339.00
2000-01-17,277.00
2000-01-18,264.00
2000-01-19,247.00
2000-01-20,244.00
2000-01-21,205.00
2000-01-22,251.00
2000-01-23,321.00
2000-01-24,307.00
2000-01-25,259.00
2000-01-26,227.00
2000-01-27,207.00
2000-01-28,186.00
2000-01-29,229.00
2000-01-30,564.00
2000-01-31,797.00
2000-02-01,680.00
2000-02-02,571.00
2000-02-03,492.00
2000-02-04,436.00
2000-02-05,394.00
2000-02-06,393.00
2000-02-07,336.00
2000-02-08,389.00
2000-02-09,598.00
2000-02-10,574.00
2000-02-11,654.00
2000-02-12,633.00
2000-02-13,624.00
2000-02-14,622.00
2000-02-15,613.00
2000-02-16,674.00
2000-02-17,770.00
2000-02-18,725.00
2000-02-19,806.00
2000-02-20,883.00
2000-02-21,807.00
2000-02-22,698.00
2000-02-23,666.00
2000-02-24,594.00
2000-02-25,626.00
2000-02-26,660.00
2000-02-27,604.00
2000-02-28,551.00
2000-02-29,528.00
2000-03-01,626.00
2000-03-02,720.00
2000-03-03,736.00
2000-03-04,1153.00
2000-03-05,1013.00
2000-03-06,859.00
2000-03-07,742.00
2000-03-08,682.00
2000-03-09,684.00
2000-03-10,590.00
2000-03-11,537.00
2000-03-12,507.00
2000-03-13,427.00
2000-03-14,385.00
2000-03-15,368.00
2000-03-16,328.00
2000-03-17,318.00
2000-03-18,304.00
2000-03-19,317.00
2000-03-20,262.00
2000-03-21,250.00
2000-03-22,231.00
2000-03-23,224.00
2000-03-24,217.00
2000-03-25,219.00
2000-03-26,285.00
2000-03-27,292.00
2000-03-28,319.00
2000-03-29,285.00
2000-03-30,275.00
2000-03-31,330.00
2000-04-01,447.00
2000-04-02,440.00
2000-04-03,368.00
2000-04-04,333.00
2000-04-05,297.00
2000-04-06,268.00
2000-04-07,221.00
2000-04-08,224.00
2000-04-09,237.00
2000-04-10,204.00
2000-04-11,175.00
2000-04-12,176.00
2000-04-13,159.00
2000-04-14,184.00
2000-04-15,229.00
2000-04-16,258.00
2000-04-17,226.00
2000-04-18,229.00
2000-04-19,230.00
2000-04-20,205.00
2000-04-21,186.00
2000-04-22,198.00
2000-04-23,325.00
2000-04-24,354.00
2000-04-25,295.00
2000-04-26,215.00
2000-04-27,193.00
2000-04-28,185.00
2000-04-29,197.00
2000-04-30,210.00
2000-05-01,178.00
2000-05-02,130.00
2000-05-03,110.00
2000-05-04,126.00
2000-05-05,133.00
2000-05-06,130.00
2000-05-07,156.00
2000-05-08,154.00
2000-05-09,140.00
2000-05-10,124.00
2000-05-11,144.00
2000-05-12,211.00
2000-05-13,154.00
2000-05-14,172.00
2000-05-15,107.00
2000-05-16,96.00
2000-05-17,115.00
2000-05-18,119.00
2000-05-19,106.00
2000-05-20,126.00
2000-05-21,140.00
2000-05-22,146.00
2000-05-23,119.00
2000-05-24,105.00
2000-05-25,125.00
2000-05-26,111.00
2000-05-27,98.00
2000-05-28,121.00
2000-05-29,97.00
2000-05-30,86.00
2000-05-31,91.00
2000-06-01,128.00
2000-06-02,96.00
2000-06-03,94.00
2000-06-04,150.00
2000-06-05,130.00
2000-06-06,131.00
2000-06-07,158.00
2000-06-08,99.00
2000-06-09,89.00
2000-06-10,68.00
2000-06-11,93.00
2000-06-12,78.00
2000-06-13,56.00
2000-06-14,49.00
2000-06-15,34.00
2000-06-16,46.00
2000-06-17,45.00
2000-06-18,68.00
2000-06-19,45.00
2000-06-20,10.00
2000-06-21,35.00
2000-06-22,37.00
2000-06-23,19.00
2000-06-24,35.00
2000-06-25,62.00
2000-06-26,21.00
2000-06-27,31.00
2000-06-28,17.00
2000-06-29,10.00
2000-06-30,20.00
2000-07-01,35.00
2000-07-02,67.00
2000-07-03,124.00
2000-07-04,61.00
2000-07-05,88.00
2000-07-06,68.00
2000-07-07,82.00
2000-07-08,144.00
2000-07-09,119.00
2000-07-10,190.00
2000-07-11,248.00
2000-07-12,326.00
2000-07-13,196.00
2000-07-14,270.00
2000-07-15,433.00
2000-07-16,509.00
2000-07-17,467.00
2000-07-18,311.00
2000-07-19,235.00
2000-07-20,195.00
2000-07-21,168.00
2000-07-22,121.00
2000-07-23,145.00
2000-07-24,126.00
2000-07-25,293.00
2000-07-26,322.00
2000-07-27,278.00
2000-07-28,352.00
2000-07-29,395.00
2000-07-30,385.00
2000-07-31,341.00
2000-08-01,242.00
2000-08-02,203.00
2000-08-03,197.00
2000-08-04,214.00
2000-08-05,201.00
2000-08-06,162.00
2000-08-07,116.00
2000-08-08,130.00
2000-08-09,108.00
2000-08-10,117.00
2000-08-11,85.00
2000-08-12,98.00
2000-08-13,107.00
2000-08-14,73.00
2000-08-15,93.00
2000-08-16,74.00
2000-08-17,90.00
2000-08-18,56.00
2000-08-19,119.00
2000-08-20,137.00
2000-08-21,177.00
2000-08-22,176.00
2000-08-23,144.00
2000-08-24,72.00
2000-08-25,67.00
2000-08-26,75.00
2000-08-27,104.00
2000-08-28,78.00
2000-08-29,53.00
2000-08-30,52.00
2000-08-31,42.00
2000-09-01,45.00
2000-09-02,77.00
2000-09-03,117.00
2000-09-04,68.00
2000-09-05,71.00
2000-09-06,73.00
2000-09-07,71.00
2000-09-08,58.00
2000-09-09,82.00
2000-09-10,94.00
2000-09-11,58.00
2000-09-12,42.00
2000-09-13,32.00
2000-09-14,39.00
2000-09-15,33.00
2000-09-16,104.00
2000-09-17,290.00
2000-09-18,199.00
2000-09-19,112.00
2000-09-20,99.00
2000-09-21,78.00
2000-09-22,64.00
2000-09-23,55.00
2000-09-24,82.00
2000-09-25,60.00
2000-09-26,36.00
2000-09-27,42.00
2000-09-28,35.00
2000-09-29,59.00
2000-09-30,61.00
2000-10-01,121.00
2000-10-02,103.00
2000-10-03,81.00
2000-10-04,66.00
2000-10-05,76.00
2000-10-06,55.00
2000-10-07,38.00
2000-10-08,101.00
2000-10-09,96.00
2000-10-10,135.00
2000-10-11,286.00
2000-10-12,374.00
2000-10-13,235.00
2000-10-14,182.00
2000-10-15,206.00
2000-10-16,161.00
2000-10-17,198.00
2000-10-18,194.00
2000-10-19,232.00
2000-10-20,357.00
2000-10-21,282.00
2000-10-22,242.00
2000-10-23,166.00
2000-10-24,153.00
2000-10-25,141.00
2000-10-26,139.00
2000-10-27,107.00
2000-10-28,139.00
2000-10-29,141.00
2000-10-30,138.00
2000-10-31,161.00
2000-11-01,220.00
2000-11-02,311.00
2000-11-03,311.00
2000-11-04,337.00
2000-11-05,344.00
2000-11-06,316.00
2000-11-07,391.00
2000-11-08,559.00
2000-11-09,732.00
2000-11-10,599.00
2000-11-11,533.00
2000-11-12,474.00
2000-11-13,489.00
2000-11-14,518.00
2000-11-15,461.00
2000-11-16,400.00
2000-11-17,403.00
2000-11-18,413.00
2000-11-19,382.00
2000-11-20,401.00
2000-11-21,413.00
2000-11-22,466.00
2000-11-23,518.00
2000-11-24,692.00
2000-11-25,720.00
2000-11-26,743.00
2000-11-27,778.00
2000-11-28,655.00
2000-11-29,587.00
2000-11-30,524.00
2000-12-01,478.00
2000-12-02,520.00
2000-12-03,523.00
2000-12-04,500.00
2000-12-05,450.00
2000-12-06,383.00
2000-12-07,381.00
2000-12-08,386.00
2000-12-09,383.00
2000-12-10,400.00
2000-12-11,408.00
2000-12-12,462.00
2000-12-13,568.00
2000-12-14,589.00
2000-12-15,776.00
2000-12-16,787.00
2000-12-17,691.00
2000-12-18,573.00
2000-12-19,540.00
2000-12-20,468.00
2000-12-21,435.00
2000-12-22,391.00
2000-12-23,349.00
2000-12-24,347.00
2000-12-25,334.00
2000-12-26,315.00
2000-12-27,327.00
2000-12-28,357.00
2000-12-29,373.00
2000-12-30,337.00
2000-12-31,322.00
2001-01-01,345.00
2001-01-02,514.00
2001-01-03,564.00
2001-01-04,564.00
2001-01-05,707.00
2001-01-06,1466.00
2001-01-07,1758.00
2001-01-08,1419.00
2001-01-09,1060.00
2001-01-10,904.00
2001-01-11,830.00
2001-01-12,720.00
2001-01-13,644.00
2001-01-14,587.00
2001-01-15,517.00
2001-01-16,439.00
2001-01-17,364.00
2001-01-18,334.00
2001-01-19,314.00
2001-01-20,286.00
2001-01-21,293.00
2001-01-22,404.00
2001-01-23,620.00
2001-01-24,735.00
2001-01-25,906.00
2001-01-26,826.00
2001-01-27,827.00
2001-01-28,908.00
2001-01-29,801.00
2001-01-30,723.00
2001-01-31,634.00
2001-02-01,550.00
2001-02-02,507.00
2001-02-03,513.00
2001-02-04,737.00
2001-02-05,856.00
2001-02-06,1068.00
2001-02-07,1153.00
2001-02-08,1230.00
2001-02-09,1168.00
2001-02-10,1027.00
2001-02-11,880.00
2001-02-12,796.00
2001-02-13,766.00
2001-02-14,704.00
2001-02-15,573.00
2001-02-16,495.00
2001-02-17,458.00
2001-02-18,441.00
2001-02-19,376.00
2001-02-20,335.00
2001-02-21,310.00
2001-02-22,323.00
2001-02-23,327.00
2001-02-24,326.00
2001-02-25,326.00
2001-02-26,295.00
2001-02-27,270.00
2001-02-28,267.00
2001-03-01,273.00
2001-03-02,260.00
2001-03-03,274.00
2001-03-04,301.00
2001-03-05,300.00
2001-03-06,309.00
2001-03-07,318.00
2001-03-08,345.00
2001-03-09,385.00
2001-03-10,419.00
2001-03-11,510.00
2001-03-12,555.00
2001-03-13,626.00
2001-03-14,689.00
2001-03-15,688.00
2001-03-16,735.00
2001-03-17,706.00
2001-03-18,705.00
2001-03-19,821.00
2001-03-20,786.00
2001-03-21,782.00
2001-03-22,1197.00
2001-03-23,1346.00
2001-03-24,1262.00
2001-03-25,1550.00
2001-03-26,1673.00
2001-03-27,1320.00
2001-03-28,1069.00
2001-03-29,1056.00
2001-03-30,1125.00
2001-03-31,998.00
2001-04-01,877.00
2001-04-02,740.00
2001-04-03,669.00
2001-04-04,567.00
2001-04-05,592.00
2001-04-06,536.00
2001-04-07,600.00
2001-04-08,649.00
2001-04-09,535.00
2001-04-10,590.00
2001-04-11,697.00
2001-04-12,756.00
2001-04-13,648.00
2001-04-14,578.00
2001-04-15,753.00
2001-04-16,997.00
2001-04-17,925.00
2001-04-18,816.00
2001-04-19,793.00
2001-04-20,697.00
2001-04-21,662.00
2001-04-22,608.00
2001-04-23,555.00
2001-04-24,467.00
2001-04-25,447.00
2001-04-26,433.00
2001-04-27,537.00
2001-04-28,616.00
2001-04-29,751.00
2001-04-30,711.00
2001-05-01,642.00
2001-05-02,543.00
2001-05-03,536.00
2001-05-04,454.00
2001-05-05,405.00
2001-05-06,390.00
2001-05-07,345.00
2001-05-08,301.00
2001-05-09,299.00
2001-05-10,290.00
2001-05-11,289.00
2001-05-12,260.00
2001-05-13,249.00
2001-05-14,236.00
2001-05-15,231.00
2001-05-16,230.00
2001-05-17,236.00
2001-05-18,222.00
2001-05-19,191.00
2001-05-20,211.00
2001-05-21,197.00
2001-05-22,179.00
2001-05-23,194.00
2001-05-24,146.00
2001-05-25,148.00
2001-05-26,136.00
2001-05-27,155.00
2001-05-28,113.00
2001-05-29,120.00
2001-05-30,108.00
2001-05-31,91.00
2001-06-01,101.00
2001-06-02,99.00
2001-06-03,131.00
2001-06-04,122.00
2001-06-05,96.00
2001-06-06,84.00
2001-06-07,72.00
2001-06-08,95.00
2001-06-09,103.00
2001-06-10,104.00
2001-06-11,105.00
2001-06-12,76.00
2001-06-13,67.00
2001-06-14,67.00
2001-06-15,80.00
2001-06-16,74.00
2001-06-17,118.00
2001-06-18,133.00
2001-06-19,110.00
2001-06-20,86.00
2001-06-21,78.00
2001-06-22,56.00
2001-06-23,66.00
2001-06-24,80.00
2001-06-25,61.00
2001-06-26,47.00
2001-06-27,39.00
2001-06-28,41.00
2001-06-29,46.00
2001-06-30,57.00
2001-07-01,87.00
2001-07-02,39.00
2001-07-03,34.00
2001-07-04,21.00
2001-07-05,41.00
2001-07-06,35.00
2001-07-07,84.00
2001-07-08,88.00
2001-07-09,53.00
2001-07-10,45.00
2001-07-11,50.00
2001-07-12,28.00
2001-07-13,43.00
2001-07-14,98.00
2001-07-15,144.00
2001-07-16,88.00
2001-07-17,68.00
2001-07-18,64.00
2001-07-19,107.00
2001-07-20,126.00
2001-07-21,113.00
2001-07-22,101.00
2001-07-23,83.00
2001-07-24,52.00
2001-07-25,40.00
2001-07-26,44.00
2001-07-27,59.00
2001-07-28,55.00
2001-07-29,64.00
2001-07-30,48.00
2001-07-31,22.00
2001-08-01,30.00
2001-08-02,21.00
2001-08-03,54.00
2001-08-04,53.00
2001-08-05,81.00
2001-08-06,47.00
2001-08-07,32.00
2001-08-08,87.00
2001-08-09,125.00
2001-08-10,81.00
2001-08-11,67.00
2001-08-12,56.00
2001-08-13,44.00
2001-08-14,26.00
2001-08-15,41.00
2001-08-16,38.00
2001-08-17,18.00
2001-08-18,30.00
2001-08-19,49.00
2001-08-20,29.00
2001-08-21,18.00
2001-08-22,19.00
2001-08-23,32.00
2001-08-24,10.00
2001-08-25,10.00
2001-08-26,38.00
2001-08-27,26.00
2001-08-28,10.00
2001-08-29,10.00
2001-08-30,10.00
2001-08-31,10.00
2001-09-01,10.00
2001-09-02,53.00
2001-09-03,52.00
2001-09-04,42.00
2001-09-05,42.00
2001-09-06,120.00
2001-09-07,97.00
2001-09-08,73.00
2001-09-09,142.00
2001-09-10,121.00
2001-09-11,83.00
2001-09-12,86.00
2001-09-13,105.00
2001-09-14,110.00
2001-09-15,101.00
2001-09-16,207.00
2001-09-17,180.00
2001-09-18,262.00
2001-09-19,244.00
2001-09-20,465.00
2001-09-21,441.00
2001-09-22,367.00
2001-09-23,419.00
2001-09-24,275.00
2001-09-25,207.00
2001-09-26,201.00
2001-09-27,177.00
2001-09-28,166.00
2001-09-29,141.00
2001-09-30,158.00
2001-10-01,157.00
2001-10-02,154.00
2001-10-03,189.00
2001-10-04,238.00
2001-10-05,265.00
2001-10-06,246.00
2001-10-07,255.00
2001-10-08,202.00
2001-10-09,221.00
2001-10-10,188.00
2001-10-11,136.00
2001-10-12,125.00
2001-10-13,53.00
2001-10-14,125.00
2001-10-15,71.00
2001-10-16,110.00
2001-10-17,92.00
2001-10-18,87.00
2001-10-19,101.00
2001-10-20,96.00
2001-10-21,125.00
2001-10-22,92.00
2001-10-23,84.00
2001-10-24,101.00
2001-10-25,121.00
2001-10-26,113.00
2001-10-27,139.00
2001-10-28,161.00
2001-10-29,117.00
2001-10-30,103.00
2001-10-31,111.00
2001-11-01,114.00
2001-11-02,75.00
2001-11-03,93.00
2001-11-04,100.00
2001-11-05,93.00
2001-11-06,71.00
2001-11-07,85.00
2001-11-08,326.00
2001-11-09,743.00
2001-11-10,589.00
2001-11-11,460.00
2001-11-12,371.00
2001-11-13,353.00
2001-11-14,328.00
2001-11-15,291.00
2001-11-16,229.00
2001-11-17,211.00
2001-11-18,224.00
2001-11-19,183.00
2001-11-20,157.00
2001-11-21,138.00
2001-11-22,176.00
2001-11-23,242.00
2001-11-24,243.00
2001-11-25,316.00
2001-11-26,362.00
2001-11-27,498.00
2001-11-28,453.00
2001-11-29,431.00
2001-11-30,630.00
2001-12-01,922.00
2001-12-02,852.00
2001-12-03,706.00
2001-12-04,585.00
2001-12-05,583.00
2001-12-06,577.00
2001-12-07,563.00
2001-12-08,477.00
2001-12-09,447.00
2001-12-10,365.00
2001-12-11,336.00
2001-12-12,294.00
2001-12-13,267.00
2001-12-14,235.00
2001-12-15,233.00
2001-12-16,211.00
2001-12-17,182.00
2001-12-18,158.00
2001-12-19,171.00
2001-12-20,156.00
2001-12-21,184.00
2001-12-22,236.00
2001-12-23,257.00
2001-12-24,193.00
2001-12-25,378.00
2001-12-26,750.00
2001-12-27,554.00
2001-12-28,529.00
2001-12-29,770.00
2001-12-30,776.00
2001-12-31,675.00
2002-01-01,605.00
2002-01-02,561.00
2002-01-03,495.00
2002-01-04,465.00
2002-01-05,498.00
2002-01-06,511.00
2002-01-07,431.00
2002-01-08,426.00
2002-01-09,389.00
2002-01-10,264.00
2002-01-11,244.00
2002-01-12,213.00
2002-01-13,260.00
2002-01-14,197.00
2002-01-15,196.00
2002-01-16,261.00
2002-01-17,264.00
2002-01-18,275.00
2002-01-19,269.00
2002-01-20,348.00
2002-01-21,555.00
2002-01-22,695.00
2002-01-23,613.00
2002-01-24,671.00
2002-01-25,730.00
2002-01-26,700.00
2002-01-27,1001.00
2002-01-28,1844.00
2002-01-29,1667.00
2002-01-30,1295.00
2002-01-31,1034.00
2002-02-01,838.00
2002-02-02,713.00
2002-02-03,628.00
2002-02-04,582.00
2002-02-05,554.00
2002-02-06,565.00
2002-02-07,477.00
2002-02-08,469.00
2002-02-09,520.00
2002-02-10,762.00
2002-02-11,867.00
2002-02-12,931.00
2002-02-13,1755.00
2002-02-14,2128.00
2002-02-15,1586.00
2002-02-16,1221.00
2002-02-17,1014.00
2002-02-18,805.00
2002-02-19,735.00
2002-02-20,1098.00
2002-02-21,1645.00
2002-02-22,1474.00
2002-02-23,1363.00
2002-02-24,1279.00
2002-02-25,1272.00
2002-02-26,1625.00
2002-02-27,1975.00
2002-02-28,1866.00
2002-03-01,1639.00
2002-03-02,1400.00
2002-03-03,1148.00
2002-03-04,956.00
2002-03-05,846.00
2002-03-06,789.00
2002-03-07,741.00
2002-03-08,658.00
2002-03-09,569.00
2002-03-10,525.00
2002-03-11,456.00
2002-03-12,392.00
2002-03-13,374.00
2002-03-14,374.00
2002-03-15,354.00
2002-03-16,321.00
2002-03-17,342.00
2002-03-18,314.00
2002-03-19,439.00
2002-03-20,717.00
2002-03-21,1242.00
2002-03-22,1237.00
2002-03-23,1109.00
2002-03-24,1020.00
2002-03-25,865.00
2002-03-26,706.00
2002-03-27,624.00
2002-03-28,604.00
2002-03-29,511.00
2002-03-30,466.00
2002-03-31,428.00
2002-04-01,378.00
2002-04-02,339.00
2002-04-03,287.00
2002-04-04,282.00
2002-04-05,222.00
2002-04-06,209.00
2002-04-07,244.00
2002-04-08,203.00
2002-04-09,201.00
2002-04-10,183.00
2002-04-11,163.00
2002-04-12,181.00
2002-04-13,168.00
2002-04-14,206.00
2002-04-15,165.00
2002-04-16,179.00
2002-04-17,187.00
2002-04-18,181.00
2002-04-19,172.00
2002-04-20,194.00
2002-04-21,169.00
2002-04-22,166.00
2002-04-23,123.00
2002-04-24,129.00
2002-04-25,126.00
2002-04-26,114.00
2002-04-27,127.00
2002-04-28,156.00
2002-04-29,225.00
2002-04-30,191.00
2002-05-01,195.00
2002-05-02,171.00
2002-05-03,142.00
2002-05-04,148.00
2002-05-05,323.00
2002-05-06,392.00
2002-05-07,326.00
2002-05-08,285.00
2002-05-09,221.00
2002-05-10,271.00
2002-05-11,220.00
2002-05-12,245.00
2002-05-13,154.00
2002-05-14,168.00
2002-05-15,166.00
2002-05-16,160.00
2002-05-17,139.00
2002-05-18,140.00
2002-05-19,128.00
2002-05-20,144.00
2002-05-21,110.00
2002-05-22,115.00
2002-05-23,111.00
2002-05-24,98.00
2002-05-25,126.00
2002-05-26,135.00
2002-05-27,102.00
2002-05-28,88.00
2002-05-29,89.00
2002-05-30,92.00
2002-05-31,76.00
2002-06-01,78.00
2002-06-02,82.00
2002-06-03,69.00
2002-06-04,56.00
2002-06-05,103.00
2002-06-06,109.00
2002-06-07,77.00
2002-06-08,75.00
2002-06-09,79.00
2002-06-10,77.00
2002-06-11,65.00
2002-06-12,79.00
2002-06-13,87.00
2002-06-14,70.00
2002-06-15,91.00
2002-06-16,85.00
2002-06-17,66.00
2002-06-18,54.00
2002-06-19,26.00
2002-06-20,126.00
2002-06-21,62.00
2002-06-22,71.00
2002-06-23,77.00
2002-06-24,52.00
2002-06-25,34.00
2002-06-26,35.00
2002-06-27,26.00
2002-06-28,32.00
2002-06-29,31.00
2002-06-30,58.00
2002-07-01,30.00
2002-07-02,37.00
2002-07-03,87.00
2002-07-04,111.00
2002-07-05,84.00
2002-07-06,49.00
2002-07-07,71.00
2002-07-08,34.00
2002-07-09,34.00
2002-07-10,63.00
2002-07-11,82.00
2002-07-12,55.00
2002-07-13,60.00
2002-07-14,77.00
2002-07-15,50.00
2002-07-16,43.00
2002-07-17,51.00
2002-07-18,35.00
2002-07-19,38.00
2002-07-20,42.00
2002-07-21,66.00
2002-07-22,40.00
2002-07-23,33.00
2002-07-24,19.00
2002-07-25,31.00
2002-07-26,33.00
2002-07-27,39.00
2002-07-28,47.00
2002-07-29,23.00
2002-07-30,14.00
2002-07-31,49.00
2002-08-01,68.00
2002-08-02,45.00
2002-08-03,67.00
2002-08-04,69.00
2002-08-05,73.00
2002-08-06,66.00
2002-08-07,97.00
2002-08-08,74.00
2002-08-09,54.00
2002-08-10,45.00
2002-08-11,62.00
2002-08-12,37.00
2002-08-13,13.00
2002-08-14,17.00
2002-08-15,25.00
2002-08-16,26.00
2002-08-17,14.00
2002-08-18,40.00
2002-08-19,23.00
2002-08-20,50.00
2002-08-21,94.00
2002-08-22,77.00
2002-08-23,53.00
2002-08-24,97.00
2002-08-25,115.00
2002-08-26,48.00
2002-08-27,107.00
2002-08-28,205.00
2002-08-29,138.00
2002-08-30,100.00
2002-08-31,83.00
2002-09-01,86.00
2002-09-02,56.00
2002-09-03,40.00
2002-09-04,45.00
2002-09-05,58.00
2002-09-06,40.00
2002-09-07,55.00
2002-09-08,40.00
2002-09-09,44.00
2002-09-10,31.00
2002-09-11,32.00
2002-09-12,24.00
2002-09-13,33.00
2002-09-14,37.00
2002-09-15,52.00
2002-09-16,14.00
2002-09-17,12.00
2002-09-18,12.00
2002-09-19,15.00
2002-09-20,10.00
2002-09-21,13.00
2002-09-22,55.00
2002-09-23,24.00
2002-09-24,15.00
2002-09-25,17.00
2002-09-26,36.00
2002-09-27,44.00
2002-09-28,13.00
2002-09-29,44.00
2002-09-30,26.00
2002-10-01,11.00
2002-10-02,12.00
2002-10-03,10.00
2002-10-04,10.00
2002-10-05,19.00
2002-10-06,83.00
2002-10-07,34.00
2002-10-08,27.00
2002-10-09,21.00
2002-10-10,22.00
2002-10-11,15.00
2002-10-12,20.00
2002-10-13,45.00
2002-10-14,14.00
2002-10-15,10.00
2002-10-16,11.00
2002-10-17,59.00
2002-10-18,62.00
2002-10-19,88.00
2002-10-20,73.00
2002-10-21,53.00
2002-10-22,35.00
2002-10-23,78.00
2002-10-24,135.00
2002-10-25,154.00
2002-10-26,309.00
2002-10-27,391.00
2002-10-28,407.00
2002-10-29,291.00
2002-10-30,264.00
2002-10-31,175.00
2002-11-01,180.00
2002-11-02,284.00
2002-11-03,604.00
2002-11-04,732.00
2002-11-05,598.00
2002-11-06,451.00
2002-11-07,537.00
2002-11-08,496.00
2002-11-09,763.00
2002-11-10,985.00
2002-11-11,1199.00
2002-11-12,1442.00
2002-11-13,1051.00
2002-11-14,903.00
2002-11-15,748.00
2002-11-16,632.00
2002-11-17,593.00
2002-11-18,504.00
2002-11-19,475.00
2002-11-20,452.00
2002-11-21,386.00
2002-11-22,380.00
2002-11-23,347.00
2002-11-24,337.00
2002-11-25,286.00
2002-11-26,296.00
2002-11-27,295.00
2002-11-28,275.00
2002-11-29,268.00
2002-11-30,254.00
2002-12-01,237.00
2002-12-02,266.00
2002-12-03,323.00
2002-12-04,315.00
2002-12-05,279.00
2002-12-06,261.00
2002-12-07,234.00
2002-12-08,235.00
2002-12-09,203.00
2002-12-10,188.00
2002-12-11,168.00
2002-12-12,162.00
2002-12-13,144.00
2002-12-14,139.00
2002-12-15,167.00
2002-12-16,209.00
2002-12-17,232.00
2002-12-18,223.00
2002-12-19,184.00
2002-12-20,175.00
2002-12-21,238.00
2002-12-22,387.00
2002-12-23,725.00
2002-12-24,671.00
2002-12-25,599.00
2002-12-26,521.00
2002-12-27,625.00
2002-12-28,622.00
2002-12-29,667.00
2002-12-30,1176.00
2002-12-31,1434.00
2003-01-01,1292.00
2003-01-02,1692.00
2003-01-03,2337.00
2003-01-04,2390.00
2003-01-05,1860.00
2003-01-06,1391.00
2003-01-07,1124.00
2003-01-08,860.00
2003-01-09,748.00
2003-01-10,620.00
2003-01-11,597.00
2003-01-12,552.00
2003-01-13,508.00
2003-01-14,513.00
2003-01-15,430.00
2003-01-16,404.00
2003-01-17,393.00
2003-01-18,371.00
2003-01-19,381.00
2003-01-20,352.00
2003-01-21,445.00
2003-01-22,501.00
2003-01-23,529.00
2003-01-24,519.00
2003-01-25,515.00
2003-01-26,498.00
2003-01-27,484.00
2003-01-28,541.00
2003-01-29,640.00
2003-01-30,834.00
2003-01-31,767.00
2003-02-01,625.00
2003-02-02,590.00
2003-02-03,767.00
2003-02-04,865.00
2003-02-05,785.00
2003-02-06,695.00
2003-02-07,599.00
2003-02-08,584.00
2003-02-09,594.00
2003-02-10,541.00
2003-02-11,513.00
2003-02-12,489.00
2003-02-13,415.00
2003-02-14,354.00
2003-02-15,332.00
2003-02-16,322.00
2003-02-17,289.00
2003-02-18,241.00
2003-02-19,232.00
2003-02-20,230.00
2003-02-21,211.00
2003-02-22,209.00
2003-02-23,228.00
2003-02-24,194.00
2003-02-25,177.00
2003-02-26,185.00
2003-02-27,175.00
2003-02-28,179.00
2003-03-01,193.00
2003-03-02,286.00
2003-03-03,474.00
2003-03-04,445.00
2003-03-05,374.00
2003-03-06,353.00
2003-03-07,366.00
2003-03-08,343.00
2003-03-09,356.00
2003-03-10,286.00
2003-03-11,257.00
2003-03-12,310.00
2003-03-13,256.00
2003-03-14,241.00
2003-03-15,213.00
2003-03-16,238.00
2003-03-17,212.00
2003-03-18,169.00
2003-03-19,164.00
2003-03-20,154.00
2003-03-21,163.00
2003-03-22,146.00
2003-03-23,162.00
2003-03-24,144.00
2003-03-25,113.00
2003-03-26,119.00
2003-03-27,109.00
2003-03-28,120.00
2003-03-29,103.00
2003-03-30,139.00
2003-03-31,113.00
2003-04-01,88.00
2003-04-02,156.00
2003-04-03,143.00
2003-04-04,134.00
2003-04-05,137.00
2003-04-06,131.00
2003-04-07,90.00
2003-04-08,86.00
2003-04-09,99.00
2003-04-10,93.00
2003-04-11,90.00
2003-04-12,71.00
2003-04-13,107.00
2003-04-14,91.00
2003-04-15,79.00
2003-04-16,62.00
2003-04-17,65.00
2003-04-18,57.00
2003-04-19,57.00
2003-04-20,90.00
2003-04-21,78.00
2003-04-22,80.00
2003-04-23,50.00
2003-04-24,57.00
2003-04-25,54.00
2003-04-26,73.00
2003-04-27,133.00
2003-04-28,101.00
2003-04-29,87.00
2003-04-30,100.00
2003-05-01,156.00
2003-05-02,121.00
2003-05-03,143.00
2003-05-04,118.00
2003-05-05,70.00
2003-05-06,111.00
2003-05-07,89.00
2003-05-08,61.00
2003-05-09,76.00
2003-05-10,82.00
2003-05-11,86.00
2003-05-12,61.00
2003-05-13,57.00
2003-05-14,66.00
2003-05-15,64.00
2003-05-16,78.00
2003-05-17,52.00
2003-05-18,89.00
2003-05-19,129.00
2003-05-20,236.00
2003-05-21,232.00
2003-05-22,217.00
2003-05-23,163.00
2003-05-24,234.00
2003-05-25,305.00
2003-05-26,256.00
2003-05-27,189.00
2003-05-28,137.00
2003-05-29,127.00
2003-05-30,119.00
2003-05-31,122.00
2003-06-01,107.00
2003-06-02,100.00
2003-06-03,92.00
2003-06-04,86.00
2003-06-05,80.00
2003-06-06,77.00
2003-06-07,83.00
2003-06-08,98.00
2003-06-09,116.00
2003-06-10,70.00
2003-06-11,68.00
2003-06-12,66.00
2003-06-13,63.00
2003-06-14,73.00
2003-06-15,86.00
2003-06-16,62.00
2003-06-17,52.00
2003-06-18,57.00
2003-06-19,39.00
2003-06-20,28.00
2003-06-21,26.00
2003-06-22,55.00
2003-06-23,54.00
2003-06-24,15.00
2003-06-25,14.00
2003-06-26,26.00
2003-06-27,12.00
2003-06-28,14.00
2003-06-29,34.00
2003-06-30,32.00
2003-07-01,35.00
2003-07-02,41.00
2003-07-03,43.00
2003-07-04,56.00
2003-07-05,54.00
2003-07-06,65.00
2003-07-07,38.00
2003-07-08,14.00
2003-07-09,16.00
2003-07-10,17.00
2003-07-11,12.00
2003-07-12,11.00
2003-07-13,32.00
2003-07-14,16.00
2003-07-15,12.00
2003-07-16,10.00
2003-07-17,11.00
2003-07-18,10.00
2003-07-19,14.00
2003-07-20,14.00
2003-07-21,16.00
2003-07-22,12.00
2003-07-23,10.00
2003-07-24,11.00
2003-07-25,10.00
2003-07-26,10.00
2003-07-27,58.00
2003-07-28,32.00
2003-07-29,10.00
2003-07-30,64.00
2003-07-31,31.00
2003-08-01,43.00
2003-08-02,11.00
2003-08-03,16.00
2003-08-04,25.00
2003-08-05,10.00
2003-08-06,10.00
2003-08-07,11.00
2003-08-08,11.00
2003-08-09,11.00
2003-08-10,10.00
2003-08-11,10.00
2003-08-12,10.00
2003-08-13,10.00
2003-08-14,10.00
2003-08-15,10.00
2003-08-16,10.00
2003-08-17,10.00
2003-08-18,10.00
2003-08-19,10.00
2003-08-20,10.00
2003-08-21,18.00
2003-08-22,10.00
2003-08-23,10.00
2003-08-24,23.00
2003-08-25,21.00
2003-08-26,11.00
2003-08-27,10.00
2003-08-28,10.00
2003-08-29,10.00
2003-08-30,20.00
2003-08-31,57.00
2003-09-01,28.00
2003-09-02,11.00
2003-09-03,10.00
2003-09-04,11.00
2003-09-05,10.00
2003-09-06,10.00
2003-09-07,10.00
2003-09-08,17.00
2003-09-09,10.00
2003-09-10,10.00
2003-09-11,10.00
2003-09-12,10.00
2003-09-13,10.00
2003-09-14,10.00
2003-09-15,12.00
2003-09-16,10.00
2003-09-17,10.00
2003-09-18,10.00
2003-09-19,10.00
2003-09-20,10.00
2003-09-21,10.00
2003-09-22,10.00
2003-09-23,10.00
2003-09-24,10.00
2003-09-25,10.00
2003-09-26,10.00
2003-09-27,10.00
2003-09-28,10.00
2003-09-29,10.00
2003-09-30,10.00
2003-10-01,10.00
2003-10-02,10.00
2003-10-03,10.00
2003-10-04,10.00
2003-10-05,13.00
2003-10-06,28.00
2003-10-07,10.00
2003-10-08,23.00
2003-10-09,31.00
2003-10-10,32.00
2003-10-11,19.00
2003-10-12,51.00
2003-10-13,28.00
2003-10-14,10.00
2003-10-15,10.00
2003-10-16,10.00
2003-10-17,10.00
2003-10-18,10.00
2003-10-19,10.00
2003-10-20,10.00
2003-10-21,10.00
2003-10-22,10.00
2003-10-23,10.00
2003-10-24,10.00
2003-10-25,10.00
2003-10-26,10.00
2003-10-27,16.00
2003-10-28,10.00
2003-10-29,10.00
2003-10-30,10.00
2003-10-31,10.00
2003-11-01,14.00
2003-11-02,65.00
2003-11-03,53.00
2003-11-04,28.00
2003-11-05,28.00
2003-11-06,21.00
2003-11-07,15.00
2003-11-08,29.00
2003-11-09,23.00
2003-11-10,11.00
2003-11-11,16.00
2003-11-12,19.00
2003-11-13,10.00
2003-11-14,10.00
2003-11-15,10.00
2003-11-16,26.00
2003-11-17,47.00
2003-11-18,31.00
2003-11-19,32.00
2003-11-20,12.00
2003-11-21,20.00
2003-11-22,10.00
2003-11-23,34.00
2003-11-24,32.00
2003-11-25,10.00
2003-11-26,15.00
2003-11-27,10.00
2003-11-28,14.00
2003-11-29,21.00
2003-11-30,45.00
2003-12-01,25.00
2003-12-02,10.00
2003-12-03,39.00
2003-12-04,21.00
2003-12-05,13.00
2003-12-06,10.00
2003-12-07,36.00
2003-12-08,23.00
2003-12-09,11.00
2003-12-10,10.00
2003-12-11,10.00
2003-12-12,11.00
2003-12-13,38.00
2003-12-14,154.00
2003-12-15,182.00
2003-12-16,130.00
2003-12-17,104.00
2003-12-18,62.00
2003-12-19,67.00
2003-12-20,84.00
2003-12-21,103.00
2003-12-22,132.00
2003-12-23,160.00
2003-12-24,127.00
2003-12-25,124.00
2003-12-26,175.00
2003-12-27,185.00
2003-12-28,289.00
2003-12-29,444.00
2003-12-30,322.00
2003-12-31,260.00
2004-01-01,204.00
2004-01-02,179.00
2004-01-03,135.00
2004-01-04,149.00
2004-01-05,113.00
2004-01-06,108.00
2004-01-07,106.00
2004-01-08,180.00
2004-01-09,186.00
2004-01-10,227.00
2004-01-11,337.00
2004-01-12,475.00
2004-01-13,851.00
2004-01-14,973.00
2004-01-15,969.00
2004-01-16,976.00
2004-01-17,1052.00
2004-01-18,927.00
2004-01-19,777.00
2004-01-20,1094.00
2004-01-21,1218.00
2004-01-22,953.00
2004-01-23,778.00
2004-01-24,644.00
2004-01-25,645.00
2004-01-26,533.00
2004-01-27,483.00
2004-01-28,452.00
2004-01-29,382.00
2004-01-30,319.00
2004-01-31,327.00
2004-02-01,539.00
2004-02-02,659.00
2004-02-03,593.00
2004-02-04,475.00
2004-02-05,435.00
2004-02-06,377.00
2004-02-07,379.00
2004-02-08,426.00
2004-02-09,431.00
2004-02-10,341.00
2004-02-11,352.00
2004-02-12,418.00
2004-02-13,368.00
2004-02-14,316.00
2004-02-15,308.00
2004-02-16,278.00
2004-02-17,228.00
2004-02-18,233.00
2004-02-19,214.00
2004-02-20,221.00
2004-02-21,196.00
2004-02-22,221.00
2004-02-23,169.00
2004-02-24,157.00
2004-02-25,172.00
2004-02-26,155.00
2004-02-27,168.00
2004-02-28,151.00
2004-02-29,181.00
2004-03-01,140.00
2004-03-02,105.00
2004-03-03,109.00
2004-03-04,114.00
2004-03-05,115.00
2004-03-06,122.00
2004-03-07,156.00
2004-03-08,143.00
2004-03-09,118.00
2004-03-10,113.00
2004-03-11,107.00
2004-03-12,123.00
2004-03-13,128.00
2004-03-14,161.00
2004-03-15,190.00
2004-03-16,125.00
2004-03-17,94.00
2004-03-18,112.00
2004-03-19,122.00
2004-03-20,147.00
2004-03-21,266.00
2004-03-22,391.00
2004-03-23,445.00
2004-03-24,400.00
2004-03-25,337.00
2004-03-26,264.00
2004-03-27,235.00
2004-03-28,220.00
2004-03-29,190.00
2004-03-30,158.00
2004-03-31,152.00
2004-04-01,132.00
2004-04-02,128.00
2004-04-03,121.00
2004-04-04,158.00
2004-04-05,112.00
2004-04-06,158.00
2004-04-07,184.00
2004-04-08,205.00
2004-04-09,217.00
2004-04-10,194.00
2004-04-11,209.00
2004-04-12,160.00
2004-04-13,145.00
2004-04-14,123.00
2004-04-15,106.00
2004-04-16,112.00
2004-04-17,96.00
2004-04-18,125.00
2004-04-19,106.00
2004-04-20,99.00
2004-04-21,92.00
2004-04-22,106.00
2004-04-23,108.00
2004-04-24,107.00
2004-04-25,126.00
2004-04-26,117.00
2004-04-27,87.00
2004-04-28,86.00
2004-04-29,80.00
2004-04-30,95.00
2004-05-01,133.00
2004-05-02,111.00
2004-05-03,69.00
2004-05-04,70.00
2004-05-05,70.00
2004-05-06,65.00
2004-05-07,73.00
2004-05-08,311.00
2004-05-09,469.00
2004-05-10,423.00
2004-05-11,301.00
2004-05-12,226.00
2004-05-13,192.00
2004-05-14,180.00
2004-05-15,136.00
2004-05-16,161.00
2004-05-17,112.00
2004-05-18,111.00
2004-05-19,96.00
2004-05-20,120.00
2004-05-21,101.00
2004-05-22,53.00
2004-05-23,103.00
2004-05-24,57.00
2004-05-25,63.00
2004-05-26,52.00
2004-05-27,54.00
2004-05-28,46.00
2004-05-29,47.00
2004-05-30,69.00
2004-05-31,79.00
2004-06-01,45.00
2004-06-02,54.00
2004-06-03,58.00
2004-06-04,62.00
2004-06-05,62.00
2004-06-06,73.00
2004-06-07,51.00
2004-06-08,29.00
2004-06-09,20.00
2004-06-10,42.00
2004-06-11,66.00
2004-06-12,58.00
2004-06-13,74.00
2004-06-14,61.00
2004-06-15,28.00
2004-06-16,23.00
2004-06-17,16.00
2004-06-18,13.00
2004-06-19,21.00
2004-06-20,37.00
2004-06-21,28.00
2004-06-22,30.00
2004-06-23,12.00
2004-06-24,34.00
2004-06-25,11.00
2004-06-26,12.00
2004-06-27,52.00
2004-06-28,17.00
2004-06-29,10.00
2004-06-30,11.00
2004-07-01,11.00
2004-07-02,11.00
2004-07-03,16.00
2004-07-04,26.00
2004-07-05,21.00
2004-07-06,10.00
2004-07-07,12.00
2004-07-08,33.00
2004-07-09,51.00
2004-07-10,87.00
2004-07-11,89.00
2004-07-12,46.00
2004-07-13,32.00
2004-07-14,17.00
2004-07-15,29.00
2004-07-16,19.00
2004-07-17,20.00
2004-07-18,54.00
2004-07-19,32.00
2004-07-20,66.00
2004-07-21,68.00
2004-07-22,54.00
2004-07-23,108.00
2004-07-24,61.00
2004-07-25,63.00
2004-07-26,24.00
2004-07-27,17.00
2004-07-28,10.00
2004-07-29,10.00
2004-07-30,10.00
2004-07-31,10.00
2004-08-01,10.00
2004-08-02,22.00
2004-08-03,10.00
2004-08-04,10.00
2004-08-05,10.00
2004-08-06,10.00
2004-08-07,24.00
2004-08-08,93.00
2004-08-09,47.00
2004-08-10,18.00
2004-08-11,29.00
2004-08-12,18.00
2004-08-13,26.00
2004-08-14,96.00
2004-08-15,109.00
2004-08-16,52.00
2004-08-17,27.00
2004-08-18,94.00
2004-08-19,167.00
2004-08-20,124.00
2004-08-21,140.00
2004-08-22,121.00
2004-08-23,97.00
2004-08-24,71.00
2004-08-25,61.00
2004-08-26,90.00
2004-08-27,107.00
2004-08-28,157.00
2004-08-29,317.00
2004-08-30,244.00
2004-08-31,205.00
2004-09-01,151.00
2004-09-02,107.00
2004-09-03,62.00
2004-09-04,46.00
2004-09-05,107.00
2004-09-06,40.00
2004-09-07,37.00
2004-09-08,30.00
2004-09-09,24.00
2004-09-10,26.00
2004-09-11,44.00
2004-09-12,75.00
2004-09-13,47.00
2004-09-14,31.00
2004-09-15,24.00
2004-09-16,11.00
2004-09-17,12.00
2004-09-18,11.00
2004-09-19,36.00
2004-09-20,21.00
2004-09-21,11.00
2004-09-22,11.00
2004-09-23,76.00
2004-09-24,113.00
2004-09-25,115.00
2004-09-26,245.00
2004-09-27,133.00
2004-09-28,58.00
2004-09-29,51.00
2004-09-30,34.00
2004-10-01,37.00
2004-10-02,30.00
2004-10-03,54.00
2004-10-04,27.00
2004-10-05,26.00
2004-10-06,54.00
2004-10-07,37.00
2004-10-08,21.00
2004-10-09,28.00
2004-10-10,43.00
2004-10-11,45.00
2004-10-12,11.00
2004-10-13,11.00
2004-10-14,11.00
2004-10-15,18.00
2004-10-16,11.00
2004-10-17,41.00
2004-10-18,12.00
2004-10-19,14.00
2004-10-20,23.00
2004-10-21,153.00
2004-10-22,155.00
2004-10-23,121.00
2004-10-24,129.00
2004-10-25,68.00
2004-10-26,62.00
2004-10-27,66.00
2004-10-28,45.00
2004-10-29,72.00
2004-10-30,77.00
2004-10-31,89.00
2004-11-01,73.00
2004-11-02,97.00
2004-11-03,74.00
2004-11-04,86.00
2004-11-05,62.00
2004-11-06,66.00
2004-11-07,105.00
2004-11-08,106.00
2004-11-09,94.00
2004-11-10,112.00
2004-11-11,107.00
2004-11-12,80.00
2004-11-13,88.00
2004-11-14,95.00
2004-11-15,56.00
2004-11-16,65.00
2004-11-17,52.00
2004-11-18,135.00
2004-11-19,280.00
2004-11-20,243.00
2004-11-21,245.00
2004-11-22,179.00
2004-11-23,167.00
2004-11-24,170.00
2004-11-25,152.00
2004-11-26,142.00
2004-11-27,134.00
2004-11-28,171.00
2004-11-29,135.00
2004-11-30,124.00
2004-12-01,113.00
2004-12-02,115.00
2004-12-03,103.00
2004-12-04,102.00
2004-12-05,124.00
2004-12-06,99.00
2004-12-07,96.00
2004-12-08,78.00
2004-12-09,95.00
2004-12-10,71.00
2004-12-11,54.00
2004-12-12,81.00
2004-12-13,77.00
2004-12-14,57.00
2004-12-15,54.00
2004-12-16,49.00
2004-12-17,97.00
2004-12-18,196.00
2004-12-19,259.00
2004-12-20,317.00
2004-12-21,215.00
2004-12-22,230.00
2004-12-23,227.00
2004-12-24,305.00
2004-12-25,447.00
2004-12-26,509.00
2004-12-27,411.00
2004-12-28,343.00
2004-12-29,325.00
2004-12-30,321.00
2004-12-31,286.00
2005-01-01,342.00
2005-01-02,363.00
2005-01-03,348.00
2005-01-04,304.00
2005-01-05,282.00
2005-01-06,286.00
2005-01-07,319.00
2005-01-08,298.00
2005-01-09,310.00
2005-01-10,237.00
2005-01-11,249.00
2005-01-12,244.00
2005-01-13,234.00
2005-01-14,225.00
2005-01-15,219.00
2005-01-16,219.00
2005-01-17,193.00
2005-01-18,241.00
2005-01-19,407.00
2005-01-20,431.00
2005-01-21,516.00
2005-01-22,487.00
2005-01-23,546.00
2005-01-24,474.00
2005-01-25,405.00
2005-01-26,332.00
2005-01-27,299.00
2005-01-28,246.00
2005-01-29,245.00
2005-01-30,242.00
2005-01-31,216.00
2005-02-01,298.00
2005-02-02,294.00
2005-02-03,294.00
2005-02-04,263.00
2005-02-05,248.00
2005-02-06,247.00
2005-02-07,205.00
2005-02-08,201.00
2005-02-09,168.00
2005-02-10,173.00
2005-02-11,442.00
2005-02-12,729.00
2005-02-13,1105.00
2005-02-14,1053.00
2005-02-15,980.00
2005-02-16,793.00
2005-02-17,652.00
2005-02-18,542.00
2005-02-19,496.00
2005-02-20,531.00
2005-02-21,481.00
2005-02-22,408.00
2005-02-23,367.00
2005-02-24,288.00
2005-02-25,284.00
2005-02-26,271.00
2005-02-27,266.00
2005-02-28,232.00
2005-03-01,201.00
2005-03-02,191.00
2005-03-03,187.00
2005-03-04,169.00
2005-03-05,179.00
2005-03-06,193.00
2005-03-07,173.00
2005-03-08,181.00
2005-03-09,267.00
2005-03-10,337.00
2005-03-11,310.00
2005-03-12,353.00
2005-03-13,427.00
2005-03-14,382.00
2005-03-15,361.00
2005-03-16,317.00
2005-03-17,374.00
2005-03-18,420.00
2005-03-19,332.00
2005-03-20,353.00
2005-03-21,273.00
2005-03-22,249.00
2005-03-23,221.00
2005-03-24,194.00
2005-03-25,192.00
2005-03-26,197.00
2005-03-27,215.00
2005-03-28,188.00
2005-03-29,174.00
2005-03-30,154.00
2005-03-31,154.00
2005-04-01,149.00
2005-04-02,134.00
2005-04-03,153.00
2005-04-04,119.00
2005-04-05,108.00
2005-04-06,116.00
2005-04-07,125.00
2005-04-08,141.00
2005-04-09,167.00
2005-04-10,177.00
2005-04-11,117.00
2005-04-12,129.00
2005-04-13,133.00
2005-04-14,127.00
2005-04-15,109.00
2005-04-16,143.00
2005-04-17,147.00
2005-04-18,128.00
2005-04-19,106.00
2005-04-20,120.00
2005-04-21,111.00
2005-04-22,89.00
2005-04-23,119.00
2005-04-24,120.00
2005-04-25,151.00
2005-04-26,169.00
2005-04-27,152.00
2005-04-28,137.00
2005-04-29,169.00
2005-04-30,156.00
2005-05-01,162.00
2005-05-02,107.00
2005-05-03,113.00
2005-05-04,100.00
2005-05-05,167.00
2005-05-06,147.00
2005-05-07,182.00
2005-05-08,218.00
2005-05-09,191.00
2005-05-10,171.00
2005-05-11,148.00
2005-05-12,108.00
2005-05-13,107.00
2005-05-14,127.00
2005-05-15,198.00
2005-05-16,177.00
2005-05-17,125.00
2005-05-18,123.00
2005-05-19,88.00
2005-05-20,75.00
2005-05-21,107.00
2005-05-22,94.00
2005-05-23,87.00
2005-05-24,67.00
2005-05-25,66.00
2005-05-26,65.00
2005-05-27,34.00
2005-05-28,51.00
2005-05-29,73.00
2005-05-30,37.00
2005-05-31,42.00
2005-06-01,43.00
2005-06-02,44.00
2005-06-03,43.00
2005-06-04,43.00
2005-06-05,75.00
2005-06-06,32.00
2005-06-07,36.00
2005-06-08,36.00
2005-06-09,32.00
2005-06-10,11.00
2005-06-11,29.00
2005-06-12,40.00
2005-06-13,30.00
2005-06-14,13.00
2005-06-15,10.00
2005-06-16,11.00
2005-06-17,11.00
2005-06-18,13.00
2005-06-19,26.00
2005-06-20,17.00
2005-06-21,10.00
2005-06-22,10.00
2005-06-23,10.00
2005-06-24,11.00
2005-06-25,10.00
2005-06-26,20.00
2005-06-27,11.00
2005-06-28,10.00
2005-06-29,27.00
2005-06-30,73.00
2005-07-01,53.00
2005-07-02,32.00
2005-07-03,44.00
2005-07-04,68.00
2005-07-05,51.00
2005-07-06,47.00
2005-07-07,43.00
2005-07-08,70.00
2005-07-09,98.00
2005-07-10,80.00
2005-07-11,38.00
2005-07-12,33.00
2005-07-13,10.00
2005-07-14,10.00
2005-07-15,10.00
2005-07-16,22.00
2005-07-17,24.00
2005-07-18,13.00
2005-07-19,10.00
2005-07-20,10.00
2005-07-21,32.00
2005-07-22,14.00
2005-07-23,10.00
2005-07-24,34.00
2005-07-25,29.00
2005-07-26,21.00
2005-07-27,19.00
2005-07-28,18.00
2005-07-29,15.00
2005-07-30,93.00
2005-07-31,118.00
2005-08-01,58.00
2005-08-02,59.00
2005-08-03,13.00
2005-08-04,24.00
2005-08-05,16.00
2005-08-06,16.00
2005-08-07,45.00
2005-08-08,18.00
2005-08-09,18.00
2005-08-10,10.00
2005-08-11,11.00
2005-08-12,18.00
2005-08-13,10.00
2005-08-14,61.00
2005-08-15,133.00
2005-08-16,71.00
2005-08-17,39.00
2005-08-18,25.00
2005-08-19,16.00
2005-08-20,33.00
2005-08-21,53.00
2005-08-22,26.00
2005-08-23,10.00
2005-08-24,10.00
2005-08-25,10.00
2005-08-26,35.00
2005-08-27,32.00
2005-08-28,25.00
2005-08-29,10.00
2005-08-30,10.00
2005-08-31,10.00
2005-09-01,10.00
2005-09-02,10.00
2005-09-03,10.00
2005-09-04,10.00
2005-09-05,10.00
2005-09-06,10.00
2005-09-07,10.00
2005-09-08,10.00
2005-09-09,10.00
2005-09-10,10.00
2005-09-11,24.00
2005-09-12,25.00
2005-09-13,10.00
2005-09-14,10.00
2005-09-15,10.00
2005-09-16,53.00
2005-09-17,64.00
2005-09-18,57.00
2005-09-19,22.00
2005-09-20,10.00
2005-09-21,10.00
2005-09-22,10.00
2005-09-23,10.00
2005-09-24,28.00
2005-09-25,42.00
2005-09-26,13.00
2005-09-27,10.00
2005-09-28,10.00
2005-09-29,10.00
2005-09-30,10.00
2005-10-01,10.00
2005-10-02,36.00
2005-10-03,16.00
2005-10-04,10.00
2005-10-05,13.00
2005-10-06,10.00
2005-10-07,10.00
2005-10-08,10.00
2005-10-09,10.00
2005-10-10,10.00
2005-10-11,10.00
2005-10-12,10.00
2005-10-13,10.00
2005-10-14,10.00
2005-10-15,10.00
2005-10-16,10.00
2005-10-17,10.00
2005-10-18,10.00
2005-10-19,10.00
2005-10-20,10.00
2005-10-21,10.00
2005-10-22,10.00
2005-10-23,88.00
2005-10-24,44.00
2005-10-25,66.00
2005-10-26,43.00
2005-10-27,27.00
2005-10-28,10.00
2005-10-29,23.00
2005-10-30,42.00
2005-10-31,10.00
2005-11-01,10.00
2005-11-02,11.00
2005-11-03,29.00
2005-11-04,21.00
2005-11-05,41.00
2005-11-06,63.00
2005-11-07,24.00
2005-11-08,12.00
2005-11-09,16.00
2005-11-10,21.00
2005-11-11,48.00
2005-11-12,20.00
2005-11-13,30.00
2005-11-14,17.00
2005-11-15,19.00
2005-11-16,43.00
2005-11-17,40.00
2005-11-18,35.00
2005-11-19,44.00
2005-11-20,56.00
2005-11-21,33.00
2005-11-22,15.00
2005-11-23,10.00
2005-11-24,12.00
2005-11-25,39.00
2005-11-26,45.00
2005-11-27,82.00
2005-11-28,58.00
2005-11-29,78.00
2005-11-30,59.00
2005-12-01,70.00
2005-12-02,66.00
2005-12-03,68.00
2005-12-04,195.00
2005-12-05,259.00
2005-12-06,289.00
2005-12-07,261.00
2005-12-08,155.00
2005-12-09,156.00
2005-12-10,175.00
2005-12-11,158.00
2005-12-12,107.00
2005-12-13,92.00
2005-12-14,121.00
2005-12-15,125.00
2005-12-16,121.00
2005-12-17,235.00
2005-12-18,233.00
2005-12-19,188.00
2005-12-20,187.00
2005-12-21,173.00
2005-12-22,143.00
2005-12-23,184.00
2005-12-24,181.00
2005-12-25,195.00
2005-12-26,166.00
2005-12-27,156.00
2005-12-28,128.00
2005-12-29,116.00
2005-12-30,111.00
2005-12-31,155.00
2006-01-01,229.00
2006-01-02,257.00
2006-01-03,224.00
2006-01-04,207.00
2006-01-05,222.00
2006-01-06,206.00
2006-01-07,187.00
2006-01-08,192.00
2006-01-09,128.00
2006-01-10,117.00
2006-01-11,117.00
2006-01-12,102.00
2006-01-13,122.00
2006-01-14,83.00
2006-01-15,134.00
2006-01-16,84.00
2006-01-17,103.00
2006-01-18,227.00
2006-01-19,250.00
2006-01-20,221.00
2006-01-21,201.00
2006-01-22,268.00
2006-01-23,217.00
2006-01-24,184.00
2006-01-25,167.00
2006-01-26,151.00
2006-01-27,134.00
2006-01-28,114.00
2006-01-29,149.00
2006-01-30,96.00
2006-01-31,91.00
2006-02-01,99.00
2006-02-02,74.00
2006-02-03,61.00
2006-02-04,80.00
2006-02-05,91.00
2006-02-06,85.00
2006-02-07,65.00
2006-02-08,102.00
2006-02-09,121.00
2006-02-10,134.00
2006-02-11,100.00
2006-02-12,120.00
2006-02-13,99.00
2006-02-14,108.00
2006-02-15,205.00
2006-02-16,546.00
2006-02-17,769.00
2006-02-18,680.00
2006-02-19,783.00
2006-02-20,717.00
2006-02-21,620.00
2006-02-22,564.00
2006-02-23,474.00
2006-02-24,444.00
2006-02-25,370.00
2006-02-26,359.00
2006-02-27,267.00
2006-02-28,242.00
2006-03-01,234.00
2006-03-02,195.00
2006-03-03,190.00
2006-03-04,197.00
2006-03-05,195.00
2006-03-06,185.00
2006-03-07,183.00
2006-03-08,228.00
2006-03-09,543.00
2006-03-10,994.00
2006-03-11,1072.00
2006-03-12,918.00
2006-03-13,742.00
2006-03-14,595.00
2006-03-15,508.00
2006-03-16,455.00
2006-03-17,499.00
2006-03-18,452.00
2006-03-19,384.00
2006-03-20,293.00
2006-03-21,250.00
2006-03-22,210.00
2006-03-23,200.00
2006-03-24,202.00
2006-03-25,266.00
2006-03-26,393.00
2006-03-27,413.00
2006-03-28,450.00
2006-03-29,421.00
2006-03-30,468.00
2006-03-31,756.00
2006-04-01,864.00
2006-04-02,893.00
2006-04-03,829.00
2006-04-04,779.00
2006-04-05,656.00
2006-04-06,542.00
2006-04-07,495.00
2006-04-08,441.00
2006-04-09,371.00
2006-04-10,322.00
2006-04-11,252.00
2006-04-12,264.00
2006-04-13,229.00
2006-04-14,230.00
2006-04-15,254.00
2006-04-16,315.00
2006-04-17,392.00
2006-04-18,293.00
2006-04-19,249.00
2006-04-20,217.00
2006-04-21,199.00
2006-04-22,195.00
2006-04-23,200.00
2006-04-24,150.00
2006-04-25,152.00
2006-04-26,156.00
2006-04-27,154.00
2006-04-28,114.00
2006-04-29,133.00
2006-04-30,136.00
2006-05-01,143.00
2006-05-02,136.00
2006-05-03,118.00
2006-05-04,89.00
2006-05-05,93.00
2006-05-06,121.00
2006-05-07,160.00
2006-05-08,126.00
2006-05-09,202.00
2006-05-10,221.00
2006-05-11,172.00
2006-05-12,147.00
2006-05-13,148.00
2006-05-14,222.00
2006-05-15,164.00
2006-05-16,135.00
2006-05-17,143.00
2006-05-18,194.00
2006-05-19,178.00
2006-05-20,221.00
2006-05-21,343.00
2006-05-22,388.00
2006-05-23,383.00
2006-05-24,259.00
2006-05-25,280.00
2006-05-26,406.00
2006-05-27,602.00
2006-05-28,789.00
2006-05-29,697.00
2006-05-30,697.00
2006-05-31,576.00
2006-06-01,489.00
2006-06-02,403.00
2006-06-03,334.00
2006-06-04,312.00
2006-06-05,274.00
2006-06-06,221.00
2006-06-07,171.00
2006-06-08,146.00
2006-06-09,132.00
2006-06-10,116.00
2006-06-11,149.00
2006-06-12,99.00
2006-06-13,95.00
2006-06-14,78.00
2006-06-15,103.00
2006-06-16,82.00
2006-06-17,86.00
2006-06-18,113.00
2006-06-19,111.00
2006-06-20,80.00
2006-06-21,62.00
2006-06-22,50.00
2006-06-23,64.00
2006-06-24,48.00
2006-06-25,70.00
2006-06-26,61.00
2006-06-27,40.00
2006-06-28,39.00
2006-06-29,61.00
2006-06-30,27.00
2006-07-01,36.00
2006-07-02,46.00
2006-07-03,38.00
2006-07-04,18.00
2006-07-05,26.00
2006-07-06,31.00
2006-07-07,44.00
2006-07-08,27.00
2006-07-09,41.00
2006-07-10,24.00
2006-07-11,11.00
2006-07-12,17.00
2006-07-13,12.00
2006-07-14,11.00
2006-07-15,12.00
2006-07-16,28.00
2006-07-17,11.00
2006-07-18,11.00
2006-07-19,11.00
2006-07-20,11.00
2006-07-21,11.00
2006-07-22,11.00
2006-07-23,48.00
2006-07-24,11.00
2006-07-25,12.00
2006-07-26,11.00
2006-07-27,11.00
2006-07-28,11.00
2006-07-29,17.00
2006-07-30,30.00
2006-07-31,42.00
2006-08-01,11.00
2006-08-02,11.00
2006-08-03,14.00
2006-08-04,87.00
2006-08-05,101.00
2006-08-06,76.00
2006-08-07,33.00
2006-08-08,28.00
2006-08-09,12.00
2006-08-10,22.00
2006-08-11,20.00
2006-08-12,56.00
2006-08-13,56.00
2006-08-14,59.00
2006-08-15,182.00
2006-08-16,91.00
2006-08-17,57.00
2006-08-18,33.00
2006-08-19,48.00
2006-08-20,91.00
2006-08-21,106.00
2006-08-22,116.00
2006-08-23,95.00
2006-08-24,96.00
2006-08-25,205.00
2006-08-26,322.00
2006-08-27,210.00
2006-08-28,183.00
2006-08-29,194.00
2006-08-30,275.00
2006-08-31,204.00
2006-09-01,136.00
2006-09-02,123.00
2006-09-03,119.00
2006-09-04,87.00
2006-09-05,73.00
2006-09-06,50.00
2006-09-07,26.00
2006-09-08,52.00
2006-09-09,51.00
2006-09-10,66.00
2006-09-11,27.00
2006-09-12,13.00
2006-09-13,14.00
2006-09-14,23.00
2006-09-15,46.00
2006-09-16,50.00
2006-09-17,45.00
2006-09-18,15.00
2006-09-19,12.00
2006-09-20,14.00
2006-09-21,11.00
2006-09-22,11.00
2006-09-23,11.00
2006-09-24,41.00
2006-09-25,16.00
2006-09-26,13.00
2006-09-27,12.00
2006-09-28,11.00
2006-09-29,12.00
2006-09-30,25.00
2006-10-01,27.00
2006-10-02,18.00
2006-10-03,10.00
2006-10-04,10.00
2006-10-05,10.00
2006-10-06,68.00
2006-10-07,94.00
2006-10-08,121.00
2006-10-09,85.00
2006-10-10,100.00
2006-10-11,116.00
2006-10-12,115.00
2006-10-13,124.00
2006-10-14,69.00
2006-10-15,36.00
2006-10-16,33.00
2006-10-17,36.00
2006-10-18,11.00
2006-10-19,31.00
2006-10-20,24.00
2006-10-21,54.00
2006-10-22,55.00
2006-10-23,30.00
2006-10-24,96.00
2006-10-25,93.00
2006-10-26,89.00
2006-10-27,80.00
2006-10-28,80.00
2006-10-29,124.00
2006-10-30,90.00
2006-10-31,72.00
2006-11-01,39.00
2006-11-02,55.00
2006-11-03,31.00
2006-11-04,24.00
2006-11-05,59.00
2006-11-06,29.00
2006-11-07,16.00
2006-11-08,11.00
2006-11-09,23.00
2006-11-10,16.00
2006-11-11,55.00
2006-11-12,62.00
2006-11-13,33.00
2006-11-14,42.00
2006-11-15,54.00
2006-11-16,53.00
2006-11-17,63.00
2006-11-18,68.00
2006-11-19,173.00
2006-11-20,159.00
2006-11-21,238.00
2006-11-22,341.00
2006-11-23,307.00
2006-11-24,479.00
2006-11-25,464.00
2006-11-26,486.00
2006-11-27,357.00
2006-11-28,276.00
2006-11-29,245.00
2006-11-30,233.00
2006-12-01,205.00
2006-12-02,207.00
2006-12-03,214.00
2006-12-04,192.00
2006-12-05,333.00
2006-12-06,401.00
2006-12-07,402.00
2006-12-08,554.00
2006-12-09,804.00
2006-12-10,749.00
2006-12-11,545.00
2006-12-12,582.00
2006-12-13,646.00
2006-12-14,552.00
2006-12-15,414.00
2006-12-16,361.00
2006-12-17,383.00
2006-12-18,324.00
2006-12-19,262.00
2006-12-20,235.00
2006-12-21,214.00
2006-12-22,200.00
2006-12-23,181.00
2006-12-24,186.00
2006-12-25,175.00
2006-12-26,183.00
2006-12-27,113.00
2006-12-28,145.00
2006-12-29,132.00
2006-12-30,132.00
2006-12-31,217.00
2007-01-01,363.00
2007-01-02,548.00
2007-01-03,465.00
2007-01-04,455.00
2007-01-05,474.00
2007-01-06,489.00
2007-01-07,637.00
2007-01-08,608.00
2007-01-09,630.00
2007-01-10,654.00
2007-01-11,636.00
2007-01-12,681.00
2007-01-13,682.00
2007-01-14,615.00
2007-01-15,512.00
2007-01-16,472.00
2007-01-17,385.00
2007-01-18,744.00
2007-01-19,1411.00
2007-01-20,1430.00
2007-01-21,1321.00
2007-01-22,1025.00
2007-01-23,837.00
2007-01-24,757.00
2007-01-25,596.00
2007-01-26,537.00
2007-01-27,469.00
2007-01-28,450.00
2007-01-29,409.00
2007-01-30,354.00
2007-01-31,314.00
2007-02-01,293.00
2007-02-02,282.00
2007-02-03,287.00
2007-02-04,298.00
2007-02-05,240.00
2007-02-06,234.00
2007-02-07,229.00
2007-02-08,238.00
2007-02-09,274.00
2007-02-10,303.00
2007-02-11,363.00
2007-02-12,588.00
2007-02-13,875.00
2007-02-14,861.00
2007-02-15,959.00
2007-02-16,962.00
2007-02-17,796.00
2007-02-18,720.00
2007-02-19,622.00
2007-02-20,530.00
2007-02-21,494.00
2007-02-22,454.00
2007-02-23,432.00
2007-02-24,383.00
2007-02-25,495.00
2007-02-26,660.00
2007-02-27,778.00
2007-02-28,730.00
2007-03-01,889.00
2007-03-02,1114.00
2007-03-03,1041.00
2007-03-04,1004.00
2007-03-05,863.00
2007-03-06,783.00
2007-03-07,918.00
2007-03-08,1066.00
2007-03-09,979.00
2007-03-10,914.00
2007-03-11,813.00
2007-03-12,668.00
2007-03-13,574.00
2007-03-14,465.00
2007-03-15,402.00
2007-03-16,360.00
2007-03-17,332.00
2007-03-18,339.00
2007-03-19,346.00
2007-03-20,338.00
2007-03-21,353.00
2007-03-22,368.00
2007-03-23,373.00
2007-03-24,382.00
2007-03-25,390.00
2007-03-26,348.00
2007-03-27,311.00
2007-03-28,327.00
2007-03-29,295.00
2007-03-30,305.00
2007-03-31,282.00
2007-04-01,318.00
2007-04-02,342.00
2007-04-03,281.00
2007-04-04,267.00
2007-04-05,230.00
2007-04-06,174.00
2007-04-07,199.00
2007-04-08,200.00
2007-04-09,200.00
2007-04-10,165.00
2007-04-11,136.00
2007-04-12,143.00
2007-04-13,132.00
2007-04-14,139.00
2007-04-15,154.00
2007-04-16,112.00
2007-04-17,114.00
2007-04-18,102.00
2007-04-19,95.00
2007-04-20,98.00
2007-04-21,99.00
2007-04-22,113.00
2007-04-23,87.00
2007-04-24,76.00
2007-04-25,77.00
2007-04-26,75.00
2007-04-27,64.00
2007-04-28,66.00
2007-04-29,91.00
2007-04-30,60.00
2007-05-01,70.00
2007-05-02,58.00
2007-05-03,47.00
2007-05-04,38.00
2007-05-05,50.00
2007-05-06,79.00
2007-05-07,50.00
2007-05-08,61.00
2007-05-09,93.00
2007-05-10,157.00
2007-05-11,96.00
2007-05-12,98.00
2007-05-13,89.00
2007-05-14,97.00
2007-05-15,86.00
2007-05-16,108.00
2007-05-17,150.00
2007-05-18,143.00
2007-05-19,185.00
2007-05-20,150.00
2007-05-21,110.00
2007-05-22,108.00
2007-05-23,94.00
2007-05-24,62.00
2007-05-25,79.00
2007-05-26,118.00
2007-05-27,138.00
2007-05-28,120.00
2007-05-29,76.00
2007-05-30,71.00
2007-05-31,70.00
2007-06-01,79.00
2007-06-02,127.00
2007-06-03,135.00
2007-06-04,116.00
2007-06-05,58.00
2007-06-06,56.00
2007-06-07,52.00
2007-06-08,57.00
2007-06-09,118.00
2007-06-10,133.00
2007-06-11,95.00
2007-06-12,121.00
2007-06-13,62.00
2007-06-14,84.00
2007-06-15,110.00
2007-06-16,84.00
2007-06-17,98.00
2007-06-18,104.00
2007-06-19,94.00
2007-06-20,81.00
2007-06-21,73.00
2007-06-22,75.00
2007-06-23,57.00
2007-06-24,102.00
2007-06-25,120.00
2007-06-26,207.00
2007-06-27,219.00
2007-06-28,205.00
2007-06-29,165.00
2007-06-30,160.00
2007-07-01,172.00
2007-07-02,126.00
2007-07-03,135.00
2007-07-04,216.00
2007-07-05,380.00
2007-07-06,362.00
2007-07-07,329.00
2007-07-08,298.00
2007-07-09,209.00
2007-07-10,192.00
2007-07-11,190.00
2007-07-12,163.00
2007-07-13,130.00
2007-07-14,134.00
2007-07-15,135.00
2007-07-16,96.00
2007-07-17,105.00
2007-07-18,76.00
2007-07-19,73.00
2007-07-20,101.00
2007-07-21,132.00
2007-07-22,110.00
2007-07-23,88.00
2007-07-24,88.00
2007-07-25,72.00
2007-07-26,69.00
2007-07-27,44.00
2007-07-28,79.00
2007-07-29,97.00
2007-07-30,69.00
2007-07-31,67.00
2007-08-01,56.00
2007-08-02,60.00
2007-08-03,69.00
2007-08-04,61.00
2007-08-05,61.00
2007-08-06,39.00
2007-08-07,31.00
2007-08-08,30.00
2007-08-09,107.00
2007-08-10,120.00
2007-08-11,77.00
2007-08-12,84.00
2007-08-13,60.00
2007-08-14,73.00
2007-08-15,109.00
2007-08-16,113.00
2007-08-17,152.00
2007-08-18,85.00
2007-08-19,112.00
2007-08-20,98.00
2007-08-21,170.00
2007-08-22,467.00
2007-08-23,681.00
2007-08-24,421.00
2007-08-25,334.00
2007-08-26,280.00
2007-08-27,218.00
2007-08-28,208.00
2007-08-29,172.00
2007-08-30,119.00
2007-08-31,123.00
2007-09-01,97.00
2007-09-02,128.00
2007-09-03,123.00
2007-09-04,112.00
2007-09-05,85.00
2007-09-06,85.00
2007-09-07,84.00
2007-09-08,70.00
2007-09-09,78.00
2007-09-10,58.00
2007-09-11,44.00
2007-09-12,65.00
2007-09-13,49.00
2007-09-14,54.00
2007-09-15,50.00
2007-09-16,78.00
2007-09-17,64.00
2007-09-18,51.00
2007-09-19,45.00
2007-09-20,49.00
2007-09-21,18.00
2007-09-22,74.00
2007-09-23,167.00
2007-09-24,97.00
2007-09-25,14.00
2007-09-26,34.00
2007-09-27,46.00
2007-09-28,152.00
2007-09-29,127.00
2007-09-30,166.00
2007-10-01,114.00
2007-10-02,84.00
2007-10-03,94.00
2007-10-04,100.00
2007-10-05,56.00
2007-10-06,69.00
2007-10-07,73.00
2007-10-08,40.00
2007-10-09,31.00
2007-10-10,50.00
2007-10-11,31.00
2007-10-12,10.00
2007-10-13,14.00
2007-10-14,13.00
2007-10-15,11.00
2007-10-16,11.00
2007-10-17,10.00
2007-10-18,11.00
2007-10-19,13.00
2007-10-20,33.00
2007-10-21,52.00
2007-10-22,31.00
2007-10-23,18.00
2007-10-24,13.00
2007-10-25,20.00
2007-10-26,20.00
2007-10-27,23.00
2007-10-28,46.00
2007-10-29,42.00
2007-10-30,136.00
2007-10-31,110.00
2007-11-01,68.00
2007-11-02,68.00
2007-11-03,53.00
2007-11-04,67.00
2007-11-05,37.00
2007-11-06,33.00
2007-11-07,45.00
2007-11-08,43.00
2007-11-09,148.00
2007-11-10,231.00
2007-11-11,348.00
2007-11-12,283.00
2007-11-13,219.00
2007-11-14,288.00
2007-11-15,258.00
2007-11-16,178.00
2007-11-17,164.00
2007-11-18,163.00
2007-11-19,132.00
2007-11-20,124.00
2007-11-21,156.00
2007-11-22,156.00
2007-11-23,172.00
2007-11-24,124.00
2007-11-25,164.00
2007-11-26,107.00
2007-11-27,127.00
2007-11-28,140.00
2007-11-29,127.00
2007-11-30,117.00
2007-12-01,201.00
2007-12-02,361.00
2007-12-03,847.00
2007-12-04,978.00
2007-12-05,763.00
2007-12-06,716.00
2007-12-07,1096.00
2007-12-08,1310.00
2007-12-09,1187.00
2007-12-10,1202.00
2007-12-11,1241.00
2007-12-12,1104.00
2007-12-13,930.00
2007-12-14,778.00
2007-12-15,668.00
2007-12-16,625.00
2007-12-17,503.00
2007-12-18,458.00
2007-12-19,405.00
2007-12-20,322.00
2007-12-21,289.00
2007-12-22,231.00
2007-12-23,244.00
2007-12-24,206.00
2007-12-25,213.00
2007-12-26,215.00
2007-12-27,174.00
2007-12-28,156.00
2007-12-29,162.00
2007-12-30,199.00
2007-12-31,207.00
2008-01-01,222.63
2008-01-02,181.41
2008-01-03,157.57
2008-01-04,151.73
2008-01-05,180.80
2008-01-06,424.60
2008-01-07,461.77
2008-01-08,449.21
2008-01-09,391.58
2008-01-10,433.12
2008-01-11,390.63
2008-01-12,427.25
2008-01-13,440.92
2008-01-14,388.10
2008-01-15,373.71
2008-01-16,537.07
2008-01-17,664.69
2008-01-18,638.38
2008-01-19,654.68
2008-01-20,654.35
2008-01-21,535.83
2008-01-22,530.42
2008-01-23,522.13
2008-01-24,439.83
2008-01-25,403.45
2008-01-26,364.69
2008-01-27,377.92
2008-01-28,294.62
2008-01-29,271.50
2008-01-30,264.38
2008-01-31,246.88
2008-02-01,286.83
2008-02-02,402.02
2008-02-03,466.40
2008-02-04,436.03
2008-02-05,550.17
2008-02-06,745.11
2008-02-07,888.44
2008-02-08,773.56
2008-02-09,708.03
2008-02-10,653.70
2008-02-11,519.77
2008-02-12,440.14
2008-02-13,401.50
2008-02-14,347.94
2008-02-15,311.56
2008-02-16,286.40
2008-02-17,283.36
2008-02-18,231.15
2008-02-19,208.64
2008-02-20,202.84
2008-02-21,195.98
2008-02-22,193.95
2008-02-23,176.92
2008-02-24,192.99
2008-02-25,171.57
2008-02-26,175.59
2008-02-27,179.99
2008-02-28,200.60
2008-02-29,291.89
2008-03-01,594.83
2008-03-02,856.42
2008-03-03,708.63
2008-03-04,650.49
2008-03-05,664.92
2008-03-06,534.56
2008-03-07,523.06
2008-03-08,431.37
2008-03-09,443.52
2008-03-10,373.42
2008-03-11,659.77
2008-03-12,1076.62
2008-03-13,985.61
2008-03-14,946.65
2008-03-15,939.43
2008-03-16,930.04
2008-03-17,1053.72
2008-03-18,905.85
2008-03-19,768.36
2008-03-20,672.04
2008-03-21,910.78
2008-03-22,1251.90
2008-03-23,1203.49
2008-03-24,1012.05
2008-03-25,876.91
2008-03-26,806.71
2008-03-27,795.44
2008-03-28,828.81
2008-03-29,885.33
2008-03-30,929.40
2008-03-31,882.23
2008-04-01,784.59
2008-04-02,661.89
2008-04-03,541.22
2008-04-04,498.01
2008-04-05,427.17
2008-04-06,532.48
2008-04-07,415.26
2008-04-08,413.29
2008-04-09,385.56
2008-04-10,364.17
2008-04-11,322.58
2008-04-12,323.95
2008-04-13,339.58
2008-04-14,466.32
2008-04-15,836.02
2008-04-16,707.60
2008-04-17,573.76
2008-04-18,493.26
2008-04-19,446.31
2008-04-20,432.53
2008-04-21,348.61
2008-04-22,315.85
2008-04-23,284.34
2008-04-24,291.66
2008-04-25,253.92
2008-04-26,254.48
2008-04-27,246.26
2008-04-28,256.02
2008-04-29,269.99
2008-04-30,281.87
2008-05-01,310.60
2008-05-02,268.87
2008-05-03,235.10
2008-05-04,235.95
2008-05-05,183.57
2008-05-06,168.51
2008-05-07,149.03
2008-05-08,141.28
2008-05-09,136.31
2008-05-10,131.75
2008-05-11,138.41
2008-05-12,144.62
2008-05-13,95.39
2008-05-14,97.75
2008-05-15,108.50
2008-05-16,110.62
2008-05-17,191.19
2008-05-18,218.27
2008-05-19,133.11
2008-05-20,116.61
2008-05-21,92.86
2008-05-22,88.13
2008-05-23,92.19
2008-05-24,75.58
2008-05-25,116.12
2008-05-26,89.86
2008-05-27,83.07
2008-05-28,75.76
2008-05-29,166.24
2008-05-30,161.05
2008-05-31,108.86
2008-06-01,147.50
2008-06-02,135.40
2008-06-03,164.80
2008-06-04,109.62
2008-06-05,199.55
2008-06-06,188.52
2008-06-07,289.12
2008-06-08,230.57
2008-06-09,157.37
2008-06-10,121.65
2008-06-11,126.40
2008-06-12,193.33
2008-06-13,173.88
2008-06-14,132.11
2008-06-15,139.82
2008-06-16,98.66
2008-06-17,84.70
2008-06-18,87.95
2008-06-19,78.55
2008-06-20,78.32
2008-06-21,84.27
2008-06-22,105.27
2008-06-23,96.34
2008-06-24,75.79
2008-06-25,125.51
2008-06-26,72.02
2008-06-27,54.09
2008-06-28,63.85
2008-06-29,85.51
2008-06-30,53.15
2008-07-01,46.85
2008-07-02,61.08
2008-07-03,203.41
2008-07-04,132.81
2008-07-05,110.25
2008-07-06,110.04
2008-07-07,79.35
2008-07-08,69.30
2008-07-09,73.95
2008-07-10,74.13
2008-07-11,151.34
2008-07-12,110.44
2008-07-13,99.23
2008-07-14,64.58
2008-07-15,52.56
2008-07-16,56.43
2008-07-17,43.30
2008-07-18,43.68
2008-07-19,56.50
2008-07-20,68.84
2008-07-21,65.77
2008-07-22,56.01
2008-07-23,46.79
2008-07-24,26.18
2008-07-25,33.03
2008-07-26,37.55
2008-07-27,69.35
2008-07-28,97.03
2008-07-29,68.50
2008-07-30,50.00
2008-07-31,53.33
2008-08-01,47.24
2008-08-02,40.80
2008-08-03,52.47
2008-08-04,145.18
2008-08-05,68.89
2008-08-06,55.78
2008-08-07,56.97
2008-08-08,107.38
2008-08-09,98.66
2008-08-10,112.40
2008-08-11,59.78
2008-08-12,39.38
2008-08-13,43.54
2008-08-14,34.52
2008-08-15,44.81
2008-08-16,26.71
2008-08-17,49.39
2008-08-18,25.66
2008-08-19,27.82
2008-08-20,16.93
2008-08-21,23.67
2008-08-22,29.68
2008-08-23,85.52
2008-08-24,96.20
2008-08-25,55.52
2008-08-26,35.78
2008-08-27,40.95
2008-08-28,22.77
2008-08-29,20.56
2008-08-30,45.14
2008-08-31,49.60
2008-09-01,30.94
2008-09-02,13.62
2008-09-03,25.94
2008-09-04,26.17
2008-09-05,29.39
2008-09-06,28.07
2008-09-07,50.11
2008-09-08,47.64
2008-09-09,38.23
2008-09-10,13.78
2008-09-11,22.13
2008-09-12,39.34
2008-09-13,63.77
2008-09-14,94.53
2008-09-15,76.08
2008-09-16,44.41
2008-09-17,54.26
2008-09-18,51.14
2008-09-19,47.24
2008-09-20,50.00
2008-09-21,48.05
2008-09-22,32.89
2008-09-23,27.07
2008-09-24,23.24
2008-09-25,29.54
2008-09-26,18.23
2008-09-27,55.52
2008-09-28,53.02
2008-09-29,49.36
2008-09-30,45.69
2008-10-01,107.01
2008-10-02,97.78
2008-10-03,64.38
2008-10-04,112.28
2008-10-05,143.57
2008-10-06,277.66
2008-10-07,294.33
2008-10-08,245.30
2008-10-09,247.56
2008-10-10,162.63
2008-10-11,109.98
2008-10-12,157.78
2008-10-13,79.03
2008-10-14,65.39
2008-10-15,68.93
2008-10-16,88.90
2008-10-17,103.75
2008-10-18,110.55
2008-10-19,117.18
2008-10-20,68.49
2008-10-21,81.58
2008-10-22,71.58
2008-10-23,76.40
2008-10-24,68.67
2008-10-25,87.72
2008-10-26,81.64
2008-10-27,109.72
2008-10-28,163.69
2008-10-29,165.69
2008-10-30,130.79
2008-10-31,131.64
2008-11-01,144.77
2008-11-02,222.00
2008-11-03,158.72
2008-11-04,122.78
2008-11-05,122.10
2008-11-06,141.02
2008-11-07,109.40
2008-11-08,121.42
2008-11-09,158.27
2008-11-10,159.39
2008-11-11,273.40
2008-11-12,336.74
2008-11-13,233.55
2008-11-14,205.07
2008-11-15,191.01
2008-11-16,183.02
2008-11-17,167.20
2008-11-18,145.03
2008-11-19,148.89
2008-11-20,133.15
2008-11-21,134.67
2008-11-22,179.06
2008-11-23,242.16
2008-11-24,241.94
2008-11-25,265.88
2008-11-26,273.95
2008-11-27,239.58
2008-11-28,217.85
2008-11-29,231.74
2008-11-30,239.48
2008-12-01,207.62
2008-12-02,205.81
2008-12-03,318.35
2008-12-04,467.90
2008-12-05,553.92
2008-12-06,727.56
2008-12-07,789.36
2008-12-08,694.03
2008-12-09,617.44
2008-12-10,521.47
2008-12-11,479.97
2008-12-12,418.30
2008-12-13,371.35
2008-12-14,353.41
2008-12-15,285.96
2008-12-16,227.04
2008-12-17,240.28
2008-12-18,218.11
2008-12-19,223.49
2008-12-20,267.58
2008-12-21,364.48
2008-12-22,330.72
2008-12-23,344.92
2008-12-24,306.89
2008-12-25,298.49
2008-12-26,277.62
2008-12-27,218.61
2008-12-28,232.03
2008-12-29,187.99
2008-12-30,186.44
2008-12-31,160.60
2009-01-01,200.81
2009-01-02,167.93
2009-01-03,155.23
2009-01-04,146.62
2009-01-05,149.80
2009-01-06,106.36
2009-01-07,90.85
2009-01-08,107.42
2009-01-09,55.13
2009-01-10,46.19
2009-01-11,49.58
2009-01-12,86.47
2009-01-13,127.26
2009-01-14,131.71
2009-01-15,96.57
2009-01-16,87.03
2009-01-17,101.69
2009-01-18,158.18
2009-01-19,320.72
2009-01-20,480.08
2009-01-21,385.13
2009-01-22,328.49
2009-01-23,448.90
2009-01-24,1087.49
2009-01-25,1049.98
2009-01-26,740.24
2009-01-27,629.10
2009-01-28,495.30
2009-01-29,408.74
2009-01-30,355.25
2009-01-31,295.32
2009-02-01,279.09
2009-02-02,234.24
2009-02-03,225.42
2009-02-04,184.12
2009-02-05,202.80
2009-02-06,190.04
2009-02-07,231.89
2009-02-08,225.45
2009-02-09,200.82
2009-02-10,496.55
2009-02-11,905.54
2009-02-12,782.51
2009-02-13,707.74
2009-02-14,632.47
2009-02-15,513.73
2009-02-16,471.38
2009-02-17,666.22
2009-02-18,846.74
2009-02-19,620.33
2009-02-20,497.38
2009-02-21,473.41
2009-02-22,462.13
2009-02-23,444.88
2009-02-24,423.51
2009-02-25,353.86
2009-02-26,339.71
2009-02-27,313.90
2009-02-28,301.24
2009-03-01,292.72
2009-03-02,265.14
2009-03-03,230.85
2009-03-04,218.94
2009-03-05,228.75
2009-03-06,257.41
2009-03-07,278.14
2009-03-08,287.15
2009-03-09,279.98
2009-03-10,331.50
2009-03-11,422.70
2009-03-12,447.63
2009-03-13,452.72
2009-03-14,374.41
2009-03-15,378.42
2009-03-16,322.70
2009-03-17,266.97
2009-03-18,237.40
2009-03-19,221.90
2009-03-20,209.56
2009-03-21,176.86
2009-03-22,212.35
2009-03-23,184.39
2009-03-24,211.87
2009-03-25,248.39
2009-03-26,372.12
2009-03-27,476.57
2009-03-28,513.57
2009-03-29,613.07
2009-03-30,475.29
2009-03-31,421.26
2009-04-01,327.92
2009-04-02,306.62
2009-04-03,270.98
2009-04-04,268.01
2009-04-05,244.47
2009-04-06,208.72
2009-04-07,190.43
2009-04-08,180.63
2009-04-09,180.33
2009-04-10,186.31
2009-04-11,174.17
2009-04-12,183.12
2009-04-13,160.75
2009-04-14,137.60
2009-04-15,133.15
2009-04-16,113.97
2009-04-17,202.70
2009-04-18,458.46
2009-04-19,408.14
2009-04-20,300.44
2009-04-21,266.50
2009-04-22,204.05
2009-04-23,180.00
2009-04-24,147.46
2009-04-25,145.76
2009-04-26,165.59
2009-04-27,155.86
2009-04-28,162.19
2009-04-29,155.76
2009-04-30,140.06
2009-05-01,153.63
2009-05-02,115.35
2009-05-03,136.81
2009-05-04,97.21
2009-05-05,95.36
2009-05-06,86.85
2009-05-07,82.63
2009-05-08,80.75
2009-05-09,91.41
2009-05-10,124.03
2009-05-11,191.13
2009-05-12,300.41
2009-05-13,641.99
2009-05-14,379.68
2009-05-15,355.97
2009-05-16,369.78
2009-05-17,368.00
2009-05-18,344.03
2009-05-19,242.52
2009-05-20,207.54
2009-05-21,181.09
2009-05-22,155.65
2009-05-23,153.98
2009-05-24,146.47
2009-05-25,95.11
2009-05-26,181.28
2009-05-27,120.71
2009-05-28,92.08
2009-05-29,89.11
2009-05-30,94.40
2009-05-31,92.87
2009-06-01,92.15
2009-06-02,66.04
2009-06-03,41.12
2009-06-04,46.32
2009-06-05,31.02
2009-06-06,66.18
2009-06-07,75.01
2009-06-08,59.89
2009-06-09,34.31
2009-06-10,61.38
2009-06-11,130.66
2009-06-12,110.07
2009-06-13,88.28
2009-06-14,104.69
2009-06-15,70.11
2009-06-16,75.92
2009-06-17,117.49
2009-06-18,107.12
2009-06-19,63.84
2009-06-20,49.49
2009-06-21,82.19
2009-06-22,61.22
2009-06-23,46.94
2009-06-24,42.44
2009-06-25,36.02
2009-06-26,21.53
2009-06-27,99.76
2009-06-28,96.22
2009-06-29,47.38
2009-06-30,38.69
2009-07-01,42.55
2009-07-02,28.51
2009-07-03,30.06
2009-07-04,22.31
2009-07-05,51.48
2009-07-06,87.66
2009-07-07,40.19
2009-07-08,60.34
2009-07-09,47.97
2009-07-10,41.92
2009-07-11,43.88
2009-07-12,67.90
2009-07-13,30.62
2009-07-14,25.64
2009-07-15,15.11
2009-07-16,15.54
2009-07-17,22.12
2009-07-18,27.26
2009-07-19,44.06
2009-07-20,33.05
2009-07-21,46.55
2009-07-22,27.13
2009-07-23,67.98
2009-07-24,86.31
2009-07-25,88.75
2009-07-26,87.49
2009-07-27,50.07
2009-07-28,34.34
2009-07-29,14.08
2009-07-30,12.06
2009-07-31,22.47
2009-08-01,22.48
2009-08-02,53.88
2009-08-03,31.41
2009-08-04,14.91
2009-08-05,21.10
2009-08-06,11.26
2009-08-07,12.90
2009-08-08,19.27
2009-08-09,27.22
2009-08-10,20.11
2009-08-11,10.94
2009-08-12,20.71
2009-08-13,30.58
2009-08-14,34.50
2009-08-15,35.22
2009-08-16,53.56
2009-08-17,13.23
2009-08-18,13.82
2009-08-19,12.01
2009-08-20,11.45
2009-08-21,10.42
2009-08-22,10.37
2009-08-23,18.27
2009-08-24,16.95
2009-08-25,10.00
2009-08-26,10.00
2009-08-27,10.00
2009-08-28,10.01
2009-08-29,10.07
2009-08-30,12.04
2009-08-31,10.00
2009-09-01,10.00
2009-09-02,10.00
2009-09-03,10.00
2009-09-04,10.11
2009-09-05,42.79
2009-09-06,47.31
2009-09-07,16.09
2009-09-08,13.95
2009-09-09,10.12
2009-09-10,10.00
2009-09-11,10.00
2009-09-12,10.00
2009-09-13,10.00
2009-09-14,10.00
2009-09-15,10.00
2009-09-16,11.11
2009-09-17,14.04
2009-09-18,14.47
2009-09-19,10.48
2009-09-20,10.60
2009-09-21,11.56
2009-09-22,13.55
2009-09-23,10.68
2009-09-24,10.55
2009-09-25,10.58
2009-09-26,10.70
2009-09-27,11.06
2009-09-28,10.00
2009-09-29,10.00
2009-09-30,10.00
2009-10-01,10.00
2009-10-02,10.00
2009-10-03,10.00
2009-10-04,10.00
2009-10-05,10.00
2009-10-06,23.19
2009-10-07,29.16
2009-10-08,82.40
2009-10-09,48.72
2009-10-10,24.02
2009-10-11,47.54
2009-10-12,48.18
2009-10-13,32.90
2009-10-14,27.30
2009-10-15,10.44
2009-10-16,11.30
2009-10-17,10.23
2009-10-18,37.47
2009-10-19,21.18
2009-10-20,10.00
2009-10-21,10.57
2009-10-22,10.37
2009-10-23,10.11
2009-10-24,11.89
2009-10-25,12.03
2009-10-26,18.72
2009-10-27,10.09
2009-10-28,10.08
2009-10-29,10.00
2009-10-30,10.00
2009-10-31,10.00
2009-11-01,10.00
2009-11-02,74.11
2009-11-03,58.45
2009-11-04,136.45
2009-11-05,158.48
2009-11-06,116.54
2009-11-07,129.32
2009-11-08,130.13
2009-11-09,99.24
2009-11-10,101.44
2009-11-11,84.66
2009-11-12,44.88
2009-11-13,57.99
2009-11-14,35.09
2009-11-15,120.19
2009-11-16,64.38
2009-11-17,77.59
2009-11-18,125.91
2009-11-19,117.79
2009-11-20,108.26
2009-11-21,96.46
2009-11-22,111.87
2009-11-23,118.75
2009-11-24,228.61
2009-11-25,327.93
2009-11-26,335.02
2009-11-27,318.79
2009-11-28,362.68
2009-11-29,525.51
2009-11-30,505.14
2009-12-01,393.09
2009-12-02,317.67
2009-12-03,285.05
2009-12-04,424.13
2009-12-05,421.74
2009-12-06,436.42
2009-12-07,398.03
2009-12-08,426.53
2009-12-09,459.95
2009-12-10,510.18
2009-12-11,604.96
2009-12-12,544.69
2009-12-13,465.37
2009-12-14,354.83
2009-12-15,277.94
2009-12-16,251.47
2009-12-17,218.18
2009-12-18,185.35
2009-12-19,183.19
2009-12-20,177.54
2009-12-21,160.01
2009-12-22,162.23
2009-12-23,240.34
2009-12-24,263.60
2009-12-25,352.98
2009-12-26,546.74
2009-12-27,497.84
2009-12-28,470.63
2009-12-29,431.68
2009-12-30,608.94
2009-12-31,780.01
2010-01-01,926.66
2010-01-02,776.47
2010-01-03,661.97
2010-01-04,517.25
2010-01-05,435.51
2010-01-06,400.42
2010-01-07,335.22
2010-01-08,280.92
2010-01-09,226.85
2010-01-10,246.54
2010-01-11,201.90
2010-01-12,192.71
2010-01-13,171.57
2010-01-14,165.23
2010-01-15,159.49
2010-01-16,133.50
2010-01-17,257.98
2010-01-18,446.02
2010-01-19,374.00
2010-01-20,329.91
2010-01-21,311.24
2010-01-22,303.77
2010-01-23,258.79
2010-01-24,262.58
2010-01-25,215.28
2010-01-26,190.13
2010-01-27,184.75
2010-01-28,167.00
2010-01-29,238.18
2010-01-30,285.21
2010-01-31,268.19
2010-02-01,228.34
2010-02-02,203.28
2010-02-03,381.02
2010-02-04,702.97
2010-02-05,758.27
2010-02-06,703.78
2010-02-07,693.72
2010-02-08,632.94
2010-02-09,569.99
2010-02-10,495.79
2010-02-11,464.04
2010-02-12,442.17
2010-02-13,416.48
2010-02-14,396.37
2010-02-15,315.54
2010-02-16,256.87
2010-02-17,246.99
2010-02-18,222.30
2010-02-19,247.90
2010-02-20,249.09
2010-02-21,281.69
2010-02-22,255.87
2010-02-23,448.19
2010-02-24,845.04
2010-02-25,865.58
2010-02-26,871.51
2010-02-27,836.34
2010-02-28,813.12
2010-03-01,1025.20
2010-03-02,904.26
2010-03-03,767.92
2010-03-04,663.96
2010-03-05,542.90
2010-03-06,491.19
2010-03-07,461.21
2010-03-08,358.60
2010-03-09,322.77
2010-03-10,276.91
2010-03-11,257.51
2010-03-12,233.24
2010-03-13,227.29
2010-03-14,225.69
2010-03-15,210.24
2010-03-16,203.93
2010-03-17,181.44
2010-03-18,185.71
2010-03-19,161.56
2010-03-20,171.38
2010-03-21,267.81
2010-03-22,372.38
2010-03-23,333.09
2010-03-24,263.57
2010-03-25,222.14
2010-03-26,239.54
2010-03-27,248.51
2010-03-28,263.17
2010-03-29,276.77
2010-03-30,366.91
2010-03-31,413.29
2010-04-01,419.07
2010-04-02,372.74
2010-04-03,365.99
2010-04-04,443.52
2010-04-05,566.15
2010-04-06,484.03
2010-04-07,391.33
2010-04-08,374.33
2010-04-09,339.23
2010-04-10,284.09
2010-04-11,283.42
2010-04-12,221.35
2010-04-13,217.04
2010-04-14,180.29
2010-04-15,186.73
2010-04-16,178.32
2010-04-17,162.32
2010-04-18,153.99
2010-04-19,121.49
2010-04-20,126.14
2010-04-21,115.54
2010-04-22,118.22
2010-04-23,110.26
2010-04-24,94.58
2010-04-25,140.23
2010-04-26,83.51
2010-04-27,88.92
2010-04-28,62.85
2010-04-29,83.59
2010-04-30,75.49
2010-05-01,97.70
2010-05-02,122.83
2010-05-03,82.23
2010-05-04,75.57
2010-05-05,61.57
2010-05-06,73.37
2010-05-07,74.45
2010-05-08,67.72
2010-05-09,89.83
2010-05-10,75.36
2010-05-11,72.69
2010-05-12,80.76
2010-05-13,109.99
2010-05-14,78.90
2010-05-15,88.10
2010-05-16,97.41
2010-05-17,59.27
2010-05-18,44.18
2010-05-19,49.32
2010-05-20,43.91
2010-05-21,45.06
2010-05-22,34.87
2010-05-23,57.39
2010-05-24,56.26
2010-05-25,35.53
2010-05-26,64.72
2010-05-27,48.42
2010-05-28,45.02
2010-05-29,53.92
2010-05-30,82.07
2010-05-31,57.46
2010-06-01,51.79
2010-06-02,46.08
2010-06-03,37.35
2010-06-04,31.72
2010-06-05,31.36
2010-06-06,43.53
2010-06-07,32.29
2010-06-08,22.14
2010-06-09,29.40
2010-06-10,39.44
2010-06-11,32.49
2010-06-12,42.97
2010-06-13,64.74
2010-06-14,23.51
2010-06-15,23.29
2010-06-16,20.01
2010-06-17,23.79
2010-06-18,33.25
2010-06-19,22.80
2010-06-20,36.61
2010-06-21,24.55
2010-06-22,13.45
2010-06-23,13.47
2010-06-24,12.89
2010-06-25,10.00
2010-06-26,23.15
2010-06-27,17.85
2010-06-28,12.47
2010-06-29,10.00
2010-06-30,12.55
2010-07-01,11.43
2010-07-02,10.00
2010-07-03,10.00
2010-07-04,10.00
2010-07-05,10.00
2010-07-06,10.28
2010-07-07,12.16
2010-07-08,10.00
2010-07-09,10.00
2010-07-10,10.00
2010-07-11,10.00
2010-07-12,10.00
2010-07-13,10.00
2010-07-14,11.73
2010-07-15,57.51
2010-07-16,10.00
2010-07-17,25.95
2010-07-18,17.10
2010-07-19,10.00
2010-07-20,10.00
2010-07-21,10.00
2010-07-22,10.00
2010-07-23,10.38
2010-07-24,10.54
2010-07-25,10.00
2010-07-26,10.00
2010-07-27,10.00
2010-07-28,10.00
2010-07-29,10.00
2010-07-30,10.00
2010-07-31,10.00
2010-08-01,20.99
2010-08-02,10.66
2010-08-03,17.28
2010-08-04,10.00
2010-08-05,10.00
2010-08-06,10.00
2010-08-07,10.00
2010-08-08,12.15
2010-08-09,43.91
2010-08-10,10.00
2010-08-11,12.52
2010-08-12,10.00
2010-08-13,10.00
2010-08-14,17.75
2010-08-15,90.83
2010-08-16,310.25
2010-08-17,297.72
2010-08-18,185.77
2010-08-19,134.53
2010-08-20,59.27
2010-08-21,49.25
2010-08-22,44.59
2010-08-23,47.09
2010-08-24,44.18
2010-08-25,17.39
2010-08-26,33.33
2010-08-27,146.37
2010-08-28,234.42
2010-08-29,163.38
2010-08-30,168.79
2010-08-31,175.88
2010-09-01,104.54
2010-09-02,82.44
2010-09-03,71.86
2010-09-04,52.92
2010-09-05,54.26
2010-09-06,22.84
2010-09-07,52.30
2010-09-08,39.72
2010-09-09,75.74
2010-09-10,117.74
2010-09-11,96.66
2010-09-12,65.78
2010-09-13,46.94
2010-09-14,21.74
2010-09-15,66.95
2010-09-16,82.76
2010-09-17,40.82
2010-09-18,47.31
2010-09-19,44.02
2010-09-20,40.14
2010-09-21,20.29
2010-09-22,15.05
2010-09-23,15.40
2010-09-24,32.89
2010-09-25,88.66
2010-09-26,119.35
2010-09-27,77.23
2010-09-28,100.47
2010-09-29,67.78
2010-09-30,47.65
2010-10-01,71.75
2010-10-02,112.60
2010-10-03,149.55
2010-10-04,102.70
2010-10-05,92.59
2010-10-06,85.98
2010-10-07,60.71
2010-10-08,46.57
2010-10-09,51.05
2010-10-10,48.90
2010-10-11,28.31
2010-10-12,21.90
2010-10-13,16.61
2010-10-14,16.80
2010-10-15,14.33
2010-10-16,30.73
2010-10-17,56.54
2010-10-18,46.60
2010-10-19,35.04
2010-10-20,43.06
2010-10-21,66.84
2010-10-22,70.55
2010-10-23,38.75
2010-10-24,83.80
2010-10-25,25.19
2010-10-26,23.02
2010-10-27,30.73
2010-10-28,55.67
2010-10-29,50.64
2010-10-30,42.56
2010-10-31,85.16
2010-11-01,55.66
2010-11-02,43.60
2010-11-03,29.52
2010-11-04,40.10
2010-11-05,32.37
2010-11-06,52.08
2010-11-07,94.68
2010-11-08,101.50
2010-11-09,172.57
2010-11-10,262.21
2010-11-11,332.48
2010-11-12,435.94
2010-11-13,740.19
2010-11-14,1612.96
2010-11-15,1436.21
2010-11-16,960.51
2010-11-17,734.38
2010-11-18,558.78
2010-11-19,427.31
2010-11-20,358.02
2010-11-21,344.40
2010-11-22,312.05
2010-11-23,248.10
2010-11-24,233.50
2010-11-25,204.01
2010-11-26,184.11
2010-11-27,173.83
2010-11-28,181.01
2010-11-29,147.29
2010-11-30,145.10
2010-12-01,153.57
2010-12-02,130.12
2010-12-03,141.01
2010-12-04,114.29
2010-12-05,195.13
2010-12-06,141.81
2010-12-07,130.68
2010-12-08,116.92
2010-12-09,132.24
2010-12-10,189.81
2010-12-11,277.51
2010-12-12,421.45
2010-12-13,437.57
2010-12-14,389.54
2010-12-15,412.63
2010-12-16,404.78
2010-12-17,401.87
2010-12-18,344.90
2010-12-19,310.49
2010-12-20,271.47
2010-12-21,262.31
2010-12-22,290.59
2010-12-23,324.24
2010-12-24,422.19
2010-12-25,486.56
2010-12-26,450.81
2010-12-27,426.33
2010-12-28,448.91
2010-12-29,447.46
2010-12-30,480.00
2010-12-31,508.60
2011-01-01,518.76
2011-01-02,464.41
2011-01-03,389.15
2011-01-04,350.44
2011-01-05,325.28
2011-01-06,406.05
2011-01-07,1557.73
2011-01-08,2187.42
2011-01-09,2214.45
2011-01-10,2034.47
2011-01-11,1621.23
2011-01-12,1322.54
2011-01-13,1418.04
2011-01-14,1722.47
2011-01-15,1601.79
2011-01-16,1397.52
2011-01-17,1120.44
2011-01-18,936.44
2011-01-19,815.03
2011-01-20,730.91
2011-01-21,643.31
2011-01-22,584.52
2011-01-23,514.60
2011-01-24,498.56
2011-01-25,451.65
2011-01-26,513.34
2011-01-27,508.85
2011-01-28,448.78
2011-01-29,403.06
2011-01-30,373.15
2011-01-31,335.88
2011-02-01,289.31
2011-02-02,261.91
2011-02-03,265.39
2011-02-04,265.62
2011-02-05,274.82
2011-02-06,270.56
2011-02-07,220.58
2011-02-08,220.92
2011-02-09,200.66
2011-02-10,198.14
2011-02-11,240.54
2011-02-12,272.36
2011-02-13,264.86
2011-02-14,235.23
2011-02-15,265.35
2011-02-16,252.46
2011-02-17,248.66
2011-02-18,244.50
2011-02-19,224.90
2011-02-20,225.96
2011-02-21,212.67
2011-02-22,183.38
2011-02-23,182.06
2011-02-24,199.34
2011-02-25,209.91
2011-02-26,220.10
2011-02-27,293.84
2011-02-28,261.04
2011-03-01,256.66
2011-03-02,229.55
2011-03-03,217.75
2011-03-04,201.48
2011-03-05,201.13
2011-03-06,199.75
2011-03-07,156.71
2011-03-08,159.79
2011-03-09,157.69
2011-03-10,142.90
2011-03-11,144.36
2011-03-12,128.71
2011-03-13,152.62
2011-03-14,150.87
2011-03-15,128.98
2011-03-16,125.79
2011-03-17,100.21
2011-03-18,102.56
2011-03-19,126.83
2011-03-20,139.22
2011-03-21,110.38
2011-03-22,90.40
2011-03-23,87.25
2011-03-24,76.88
2011-03-25,84.77
2011-03-26,86.96
2011-03-27,103.99
2011-03-28,77.94
2011-03-29,64.38
2011-03-30,60.57
2011-03-31,77.07
2011-04-01,70.64
2011-04-02,92.56
2011-04-03,113.36
2011-04-04,86.81
2011-04-05,82.71
2011-04-06,89.05
2011-04-07,78.35
2011-04-08,66.57
2011-04-09,55.66
2011-04-10,85.40
2011-04-11,53.37
2011-04-12,52.21
2011-04-13,45.84
2011-04-14,43.54
2011-04-15,44.78
2011-04-16,50.54
2011-04-17,64.77
2011-04-18,28.16
2011-04-19,42.86
2011-04-20,39.64
2011-04-21,24.63
2011-04-22,36.95
2011-04-23,41.59
2011-04-24,61.20
2011-04-25,48.08
2011-04-26,28.74
2011-04-27,14.57
2011-04-28,42.33
2011-04-29,39.39
2011-04-30,36.06
2011-05-01,43.16
2011-05-02,31.63
2011-05-03,37.57
2011-05-04,18.08
2011-05-05,19.48
2011-05-06,17.52
2011-05-07,23.64
2011-05-08,29.42
2011-05-09,18.78
2011-05-10,16.17
2011-05-11,18.00
2011-05-12,17.02
2011-05-13,18.18
2011-05-14,18.14
2011-05-15,19.54
2011-05-16,30.65
2011-05-17,15.01
2011-05-18,17.54
2011-05-19,16.78
2011-05-20,15.34
2011-05-21,18.05
2011-05-22,15.60
2011-05-23,15.70
2011-05-24,11.16
2011-05-25,16.53
2011-05-26,11.92
2011-05-27,12.29
2011-05-28,14.05
2011-05-29,13.07
2011-05-30,12.24
2011-05-31,13.46
2011-06-01,13.26
2011-06-02,11.88
2011-06-03,13.93
2011-06-04,14.76
2011-06-05,15.89
2011-06-06,18.59
2011-06-07,19.61
2011-06-08,46.27
2011-06-09,41.35
2011-06-10,24.18
2011-06-11,29.07
2011-06-12,34.32
2011-06-13,36.71
2011-06-14,23.71
2011-06-15,15.09
2011-06-16,12.92
2011-06-17,15.19
2011-06-18,20.46
2011-06-19,23.01
2011-06-20,19.58
2011-06-21,22.36
2011-06-22,19.71
2011-06-23,31.53
2011-06-24,27.68
2011-06-25,25.35
2011-06-26,51.19
2011-06-27,32.73
2011-06-28,26.58
2011-06-29,53.28
2011-06-30,35.37
2011-07-01,26.09
2011-07-02,17.24
2011-07-03,32.52
2011-07-04,16.81
2011-07-05,18.32
2011-07-06,15.88
2011-07-07,17.89
2011-07-08,16.98
2011-07-09,15.66
2011-07-10,14.44
2011-07-11,17.32
2011-07-12,18.29
2011-07-13,13.67
2011-07-14,11.76
2011-07-15,14.97
2011-07-16,13.40
2011-07-17,12.22
2011-07-18,11.44
2011-07-19,11.10
2011-07-20,12.90
2011-07-21,13.47
2011-07-22,19.31
2011-07-23,23.26
2011-07-24,42.20
2011-07-25,23.24
2011-07-26,17.17
2011-07-27,15.20
2011-07-28,16.23
2011-07-29,14.72
2011-07-30,17.63
2011-07-31,21.25
2011-08-01,16.27
2011-08-02,17.36
2011-08-03,17.51
2011-08-04,16.93
2011-08-05,22.68
2011-08-06,15.80
2011-08-07,32.37
2011-08-08,34.93
2011-08-09,49.20
2011-08-10,36.74
2011-08-11,19.72
2011-08-12,17.86
2011-08-13,16.54
2011-08-14,104.29
2011-08-15,84.69
2011-08-16,29.40
2011-08-17,23.32
2011-08-18,27.51
2011-08-19,46.87
2011-08-20,44.45
2011-08-21,45.61
2011-08-22,19.06
2011-08-23,225.56
2011-08-24,43.64
2011-08-25,21.65
2011-08-26,17.69
2011-08-27,40.78
2011-08-28,56.10
2011-08-29,16.24
2011-08-30,14.43
2011-08-31,23.28
2011-09-01,18.03
2011-09-02,16.28
2011-09-03,17.57
2011-09-04,42.37
2011-09-05,20.39
2011-09-06,19.71
2011-09-07,19.01
2011-09-08,19.17
2011-09-09,29.16
2011-09-10,26.62
2011-09-11,46.34
2011-09-12,21.53
2011-09-13,16.98
2011-09-14,16.88
2011-09-15,15.89
2011-09-16,17.19
2011-09-17,15.26
2011-09-18,12.77
2011-09-19,15.24
2011-09-20,16.36
2011-09-21,18.75
2011-09-22,15.55
2011-09-23,16.85
2011-09-24,15.89
2011-09-25,23.81
2011-09-26,15.80
2011-09-27,16.29
2011-09-28,16.51
2011-09-29,15.73
2011-09-30,14.66
2011-10-01,14.76
2011-10-02,13.21
2011-10-03,16.28
2011-10-04,22.72
2011-10-05,15.54
2011-10-06,15.48
2011-10-07,14.54
2011-10-08,14.11
2011-10-09,33.70
2011-10-10,33.43
2011-10-11,17.13
2011-10-12,17.12
2011-10-13,14.72
2011-10-14,17.96
2011-10-15,21.56
2011-10-16,28.16
2011-10-17,21.37
2011-10-18,15.26
2011-10-19,14.99
2011-10-20,15.66
2011-10-21,16.34
2011-10-22,16.17
2011-10-23,12.41
2011-10-24,14.34
2011-10-25,15.46
2011-10-26,15.43
2011-10-27,16.15
2011-10-28,15.42
2011-10-29,16.19
2011-10-30,14.97
2011-10-31,16.32
2011-11-01,13.91
2011-11-02,16.90
2011-11-03,15.12
2011-11-04,14.61
2011-11-05,15.91
2011-11-06,15.99
2011-11-07,16.25
2011-11-08,13.93
2011-11-09,14.44
2011-11-10,15.10
2011-11-11,14.37
2011-11-12,14.60
2011-11-13,12.50
2011-11-14,13.30
2011-11-15,14.49
2011-11-16,16.19
2011-11-17,14.28
2011-11-18,15.07
2011-11-19,14.39
2011-11-20,11.96
2011-11-21,15.14
2011-11-22,18.74
2011-11-23,18.26
2011-11-24,15.25
2011-11-25,14.19
2011-11-26,12.84
2011-11-27,10.74
2011-11-28,13.35
2011-11-29,13.83
2011-11-30,13.77
2011-12-01,14.34
2011-12-02,14.42
2011-12-03,13.67
2011-12-04,80.71
2011-12-05,172.86
2011-12-06,270.30
2011-12-07,251.74
2011-12-08,245.47
2011-12-09,251.71
2011-12-10,276.20
2011-12-11,270.36
2011-12-12,235.14
2011-12-13,310.90
2011-12-14,473.25
2011-12-15,593.40
2011-12-16,722.94
2011-12-17,1232.89
2011-12-18,1125.12
2011-12-19,929.72
2011-12-20,734.65
2011-12-21,778.66
2011-12-22,723.55
2011-12-23,799.52
2011-12-24,800.65
2011-12-25,800.50
2011-12-26,640.16
2011-12-27,541.05
2011-12-28,441.50
2011-12-29,432.09
2011-12-30,455.69
2011-12-31,507.09
2012-01-01,616.77
2012-01-02,752.34
2012-01-03,971.92
2012-01-04,992.18
2012-01-05,1118.46
2012-01-06,1506.38
2012-01-07,1454.71
2012-01-08,1318.30
2012-01-09,1054.09
2012-01-10,908.87
2012-01-11,800.25
2012-01-12,728.61
2012-01-13,670.25
2012-01-14,635.77
2012-01-15,539.26
2012-01-16,465.73
2012-01-17,383.00
2012-01-18,321.76
2012-01-19,349.43
2012-01-20,561.19
2012-01-21,716.09
2012-01-22,907.73
2012-01-23,778.02
2012-01-24,675.04
2012-01-25,590.73
2012-01-26,566.80
2012-01-27,531.54
2012-01-28,532.37
2012-01-29,479.77
2012-01-30,437.38
2012-01-31,385.46
2012-02-01,319.38
2012-02-02,276.49
2012-02-03,256.31
2012-02-04,238.12
2012-02-05,214.56
2012-02-06,195.64
2012-02-07,150.83
2012-02-08,162.26
2012-02-09,136.03
2012-02-10,123.59
2012-02-11,118.25
2012-02-12,128.51
2012-02-13,145.85
2012-02-14,141.91
2012-02-15,205.93
2012-02-16,337.34
2012-02-17,338.26
2012-02-18,316.57
2012-02-19,426.59
2012-02-20,375.45
2012-02-21,321.74
2012-02-22,274.02
2012-02-23,250.81
2012-02-24,258.79
2012-02-25,255.19
2012-02-26,262.48
2012-02-27,237.04
2012-02-28,207.49
2012-02-29,215.87
2012-03-01,195.09
2012-03-02,189.75
2012-03-03,197.62
2012-03-04,207.53
2012-03-05,201.87
2012-03-06,316.45
2012-03-07,324.68
2012-03-08,381.00
2012-03-09,359.01
2012-03-10,330.81
2012-03-11,292.04
2012-03-12,242.36
2012-03-13,204.88
2012-03-14,194.76
2012-03-15,186.34
2012-03-16,171.86
2012-03-17,170.56
2012-03-18,170.76
2012-03-19,146.57
2012-03-20,133.18
2012-03-21,106.42
2012-03-22,123.77
2012-03-23,115.91
2012-03-24,128.84
2012-03-25,148.79
2012-03-26,108.81
2012-03-27,98.33
2012-03-28,95.48
2012-03-29,85.93
2012-03-30,83.60
2012-03-31,81.79
2012-04-01,113.63
2012-04-02,92.18
2012-04-03,67.64
2012-04-04,84.57
2012-04-05,90.15
2012-04-06,67.24
2012-04-07,84.49
2012-04-08,109.68
2012-04-09,106.35
2012-04-10,85.30
2012-04-11,118.78
2012-04-12,119.82
2012-04-13,125.15
2012-04-14,123.87
2012-04-15,123.88
2012-04-16,89.13
2012-04-17,71.53
2012-04-18,71.51
2012-04-19,102.36
2012-04-20,108.12
2012-04-21,128.19
2012-04-22,181.58
2012-04-23,118.58
2012-04-24,178.54
2012-04-25,242.36
2012-04-26,322.21
2012-04-27,399.98
2012-04-28,435.24
2012-04-29,388.85
2012-04-30,313.69
2012-05-01,307.49
2012-05-02,305.54
2012-05-03,284.99
2012-05-04,294.30
2012-05-05,409.11
2012-05-06,539.77
2012-05-07,535.93
2012-05-08,441.76
2012-05-09,341.17
2012-05-10,310.50
2012-05-11,290.66
2012-05-12,258.42
2012-05-13,237.87
2012-05-14,183.35
2012-05-15,162.73
2012-05-16,177.78
2012-05-17,193.24
2012-05-18,150.60
2012-05-19,137.13
2012-05-20,191.00
2012-05-21,173.56
2012-05-22,133.29
2012-05-23,125.77
2012-05-24,144.15
2012-05-25,144.83
2012-05-26,155.26
2012-05-27,180.13
2012-05-28,155.73
2012-05-29,116.48
2012-05-30,106.18
2012-05-31,78.94
2012-06-01,98.04
2012-06-02,97.21
2012-06-03,126.24
2012-06-04,86.05
2012-06-05,96.97
2012-06-06,136.69
2012-06-07,120.17
2012-06-08,105.54
2012-06-09,92.19
2012-06-10,115.93
2012-06-11,83.68
2012-06-12,93.18
2012-06-13,158.29
2012-06-14,131.36
2012-06-15,161.84
2012-06-16,188.35
2012-06-17,154.00
2012-06-18,146.83
2012-06-19,156.63
2012-06-20,113.90
2012-06-21,146.86
2012-06-22,197.17
2012-06-23,187.23
2012-06-24,180.46
2012-06-25,163.54
2012-06-26,152.67
2012-06-27,139.46
2012-06-28,104.60
2012-06-29,114.18
2012-06-30,136.28
2012-07-01,121.68
2012-07-02,84.77
2012-07-03,71.82
2012-07-04,64.80
2012-07-05,69.61
2012-07-06,113.67
2012-07-07,90.23
2012-07-08,159.61
2012-07-09,134.31
2012-07-10,91.68
2012-07-11,79.88
2012-07-12,86.78
2012-07-13,125.43
2012-07-14,338.54
2012-07-15,630.64
2012-07-16,532.98
2012-07-17,427.80
2012-07-18,309.23
2012-07-19,237.43
2012-07-20,210.52
2012-07-21,199.62
2012-07-22,182.19
2012-07-23,128.38
2012-07-24,116.56
2012-07-25,113.12
2012-07-26,81.18
2012-07-27,86.22
2012-07-28,194.83
2012-07-29,293.96
2012-07-30,268.81
2012-07-31,233.47
2012-08-01,136.28
2012-08-02,143.93
2012-08-03,103.19
2012-08-04,102.51
2012-08-05,104.15
2012-08-06,93.33
2012-08-07,93.02
2012-08-08,91.62
2012-08-09,73.03
2012-08-10,56.60
2012-08-11,62.00
2012-08-12,73.53
2012-08-13,49.92
2012-08-14,43.41
2012-08-15,60.49
2012-08-16,37.25
2012-08-17,43.05
2012-08-18,42.47
2012-08-19,52.89
2012-08-20,36.23
2012-08-21,31.37
2012-08-22,20.29
2012-08-23,19.09
2012-08-24,34.05
2012-08-25,43.71
2012-08-26,60.52
2012-08-27,42.61
2012-08-28,33.82
2012-08-29,29.12
2012-08-30,30.94
2012-08-31,26.62
2012-09-01,38.84
2012-09-02,42.91
2012-09-03,23.45
2012-09-04,20.27
2012-09-05,27.43
2012-09-06,15.73
2012-09-07,15.60
2012-09-08,14.36
2012-09-09,29.90
2012-09-10,20.68
2012-09-11,13.28
2012-09-12,29.38
2012-09-13,26.25
2012-09-14,17.79
2012-09-15,21.44
2012-09-16,204.59
2012-09-17,65.70
2012-09-18,14.11
2012-09-19,19.73
2012-09-20,13.06
2012-09-21,13.41
2012-09-22,16.13
2012-09-23,16.36
2012-09-24,13.82
2012-09-25,18.27
2012-09-26,37.03
2012-09-27,84.30
2012-09-28,81.01
2012-09-29,42.94
2012-09-30,61.23
2012-10-01,37.66
2012-10-02,25.62
2012-10-03,28.07
2012-10-04,134.73
2012-10-05,206.03
2012-10-06,92.37
2012-10-07,253.33
2012-10-08,171.12
2012-10-09,150.64
2012-10-10,127.00
2012-10-11,92.98
2012-10-12,141.98
2012-10-13,214.37
2012-10-14,287.18
2012-10-15,258.88
2012-10-16,274.66
2012-10-17,303.64
2012-10-18,275.18
2012-10-19,235.19
2012-10-20,195.25
2012-10-21,186.19
2012-10-22,131.39
2012-10-23,128.33
2012-10-24,104.92
2012-10-25,92.33
2012-10-26,128.49
2012-10-27,116.56
2012-10-28,119.90
2012-10-29,81.47
2012-10-30,107.23
2012-10-31,116.68
2012-11-01,139.72
2012-11-02,172.00
2012-11-03,203.52
2012-11-04,295.37
2012-11-05,327.54
2012-11-06,276.90
2012-11-07,250.07
2012-11-08,269.47
2012-11-09,248.91
2012-11-10,247.56
2012-11-11,267.51
2012-11-12,252.92
2012-11-13,197.52
2012-11-14,156.95
2012-11-15,155.85
2012-11-16,173.47
2012-11-17,163.90
2012-11-18,161.05
2012-11-19,149.17
2012-11-20,113.36
2012-11-21,114.36
2012-11-22,104.14
2012-11-23,112.08
2012-11-24,149.56
2012-11-25,211.41
2012-11-26,138.60
2012-11-27,121.73
2012-11-28,121.94
2012-11-29,125.30
2012-11-30,122.07
2012-12-01,103.05
2012-12-02,157.99
2012-12-03,133.90
2012-12-04,171.06
2012-12-05,266.78
2012-12-06,259.84
2012-12-07,255.69
2012-12-08,227.73
2012-12-09,260.34
2012-12-10,344.03
2012-12-11,405.85
2012-12-12,359.47
2012-12-13,298.32
2012-12-14,281.58
2012-12-15,492.18
2012-12-16,740.34
2012-12-17,763.75
2012-12-18,749.00
2012-12-19,692.35
2012-12-20,647.94
2012-12-21,653.12
2012-12-22,662.39
2012-12-23,1097.47
2012-12-24,1218.60
2012-12-25,1049.84
2012-12-26,1069.08
2012-12-27,1076.34
2012-12-28,1293.75
2012-12-29,1225.94
2012-12-30,1128.95
2012-12-31,967.13
2013-01-01,928.65
2013-01-02,973.54
2013-01-03,790.84
2013-01-04,726.73
2013-01-05,707.04
2013-01-06,620.97
2013-01-07,534.46
2013-01-08,467.17
2013-01-09,433.77
2013-01-10,386.82
2013-01-11,357.40
2013-01-12,346.69
2013-01-13,339.60
2013-01-14,292.60
2013-01-15,270.79
2013-01-16,258.32
2013-01-17,270.49
2013-01-18,246.51
2013-01-19,216.46
2013-01-20,253.68
2013-01-21,240.44
2013-01-22,206.29
2013-01-23,208.53
2013-01-24,191.04
2013-01-25,207.42
2013-01-26,214.99
2013-01-27,220.63
2013-01-28,266.30
2013-01-29,395.22
2013-01-30,861.39
2013-01-31,1036.32
2013-02-01,955.40
2013-02-02,1056.96
2013-02-03,931.65
2013-02-04,810.54
2013-02-05,833.12
2013-02-06,807.49
2013-02-07,807.43
2013-02-08,822.97
2013-02-09,823.69
2013-02-10,781.09
2013-02-11,660.41
2013-02-12,581.75
2013-02-13,532.43
2013-02-14,475.70
2013-02-15,435.40
2013-02-16,413.05
2013-02-17,401.17
2013-02-18,368.77
2013-02-19,349.74
2013-02-20,331.02
2013-02-21,317.69
2013-02-22,314.55
2013-02-23,311.81
2013-02-24,303.16
2013-02-25,264.68
2013-02-26,245.69
2013-02-27,248.49
2013-02-28,236.07
2013-03-01,233.61
2013-03-02,232.90
2013-03-03,237.23
2013-03-04,212.74
2013-03-05,194.20
2013-03-06,202.12
2013-03-07,225.96
2013-03-08,220.52
2013-03-09,249.48
2013-03-10,306.02
2013-03-11,236.12
2013-03-12,245.53
2013-03-13,242.71
2013-03-14,225.14
2013-03-15,238.76
2013-03-16,257.38
2013-03-17,307.79
2013-03-18,372.23
2013-03-19,371.53
2013-03-20,410.46
2013-03-21,487.81
2013-03-22,484.17
2013-03-23,469.09
2013-03-24,451.54
2013-03-25,387.10
2013-03-26,343.37
2013-03-27,310.13
2013-03-28,268.19
2013-03-29,257.74
2013-03-30,235.09
2013-03-31,276.13
2013-04-01,219.87
2013-04-02,192.99
2013-04-03,187.53
2013-04-04,163.58
2013-04-05,162.77
2013-04-06,168.15
2013-04-07,182.03
2013-04-08,153.89
2013-04-09,143.16
2013-04-10,146.56
2013-04-11,166.64
2013-04-12,225.51
2013-04-13,259.74
2013-04-14,308.82
2013-04-15,246.41
2013-04-16,225.45
2013-04-17,229.57
2013-04-18,219.81
2013-04-19,207.26
2013-04-20,183.63
2013-04-21,171.60
2013-04-22,153.31
2013-04-23,139.51
2013-04-24,138.20
2013-04-25,136.15
2013-04-26,117.63
2013-04-27,129.50
2013-04-28,140.06
2013-04-29,136.55
2013-04-30,113.15
2013-05-01,142.73
2013-05-02,147.08
2013-05-03,169.97
2013-05-04,145.09
2013-05-05,181.43
2013-05-06,158.94
2013-05-07,174.91
2013-05-08,199.42
2013-05-09,297.06
2013-05-10,242.09
2013-05-11,222.16
2013-05-12,241.52
2013-05-13,235.80
2013-05-14,240.43
2013-05-15,226.53
2013-05-16,193.21
2013-05-17,186.20
2013-05-18,228.56
2013-05-19,260.41
2013-05-20,327.83
2013-05-21,442.03
2013-05-22,527.77
2013-05-23,528.65
2013-05-24,460.31
2013-05-25,440.74
2013-05-26,435.74
2013-05-27,367.47
2013-05-28,329.56
2013-05-29,331.04
2013-05-30,418.44
2013-05-31,473.08
2013-06-01,435.64
2013-06-02,393.48
2013-06-03,279.98
2013-06-04,232.19
2013-06-05,221.35
2013-06-06,232.47
2013-06-07,179.82
2013-06-08,165.99
2013-06-09,180.77
2013-06-10,180.36
2013-06-11,157.44
2013-06-12,151.68
2013-06-13,130.07
2013-06-14,162.49
2013-06-15,156.65
2013-06-16,150.96
2013-06-17,133.64
2013-06-18,115.56
2013-06-19,113.83
2013-06-20,154.75
2013-06-21,217.21
2013-06-22,314.14
2013-06-23,277.45
2013-06-24,238.91
2013-06-25,229.80
2013-06-26,179.36
2013-06-27,184.82
2013-06-28,167.80
2013-06-29,182.10
2013-06-30,213.22
2013-07-01,151.13
2013-07-02,135.21
2013-07-03,154.87
2013-07-04,147.43
2013-07-05,135.78
2013-07-06,134.33
2013-07-07,124.85
2013-07-08,104.12
2013-07-09,82.66
2013-07-10,74.19
2013-07-11,67.39
2013-07-12,78.74
2013-07-13,74.39
2013-07-14,83.55
2013-07-15,54.14
2013-07-16,58.59
2013-07-17,49.26
2013-07-18,52.04
2013-07-19,57.62
2013-07-20,58.29
2013-07-21,58.65
2013-07-22,51.18
2013-07-23,39.84
2013-07-24,45.28
2013-07-25,42.95
2013-07-26,48.91
2013-07-27,104.35
2013-07-28,160.16
2013-07-29,75.63
2013-07-30,51.49
2013-07-31,83.92
2013-08-01,57.47
2013-08-02,43.03
2013-08-03,51.73
2013-08-04,74.62
2013-08-05,33.37
2013-08-06,22.16
2013-08-07,41.35
2013-08-08,43.39
2013-08-09,34.58
2013-08-10,48.36
2013-08-11,53.48
2013-08-12,30.53
2013-08-13,21.92
2013-08-14,37.52
2013-08-15,31.47
2013-08-16,22.19
2013-08-17,31.54
2013-08-18,45.70
2013-08-19,48.49
2013-08-20,17.17
2013-08-21,23.98
2013-08-22,26.50
2013-08-23,16.77
2013-08-24,33.77
2013-08-25,42.94
2013-08-26,27.54
2013-08-27,24.06
2013-08-28,16.08
2013-08-29,20.33
2013-08-30,21.28
2013-08-31,23.27
2013-09-01,25.25
2013-09-02,10.52
2013-09-03,12.96
2013-09-04,22.17
2013-09-05,25.17
2013-09-06,17.81
2013-09-07,21.65
2013-09-08,43.02
2013-09-09,24.89
2013-09-10,35.09
2013-09-11,88.40
2013-09-12,74.38
2013-09-13,53.04
2013-09-14,64.94
2013-09-15,89.14
2013-09-16,47.81
2013-09-17,69.71
2013-09-18,122.61
2013-09-19,137.93
2013-09-20,99.48
2013-09-21,88.46
2013-09-22,102.62
2013-09-23,78.23
2013-09-24,72.83
2013-09-25,47.96
2013-09-26,23.67
2013-09-27,41.52
2013-09-28,46.05
2013-09-29,46.28
2013-09-30,31.22
2013-10-01,22.58
2013-10-02,20.98
2013-10-03,18.27
2013-10-04,14.90
2013-10-05,12.48
2013-10-06,53.91
2013-10-07,29.80
2013-10-08,43.48
2013-10-09,42.08
2013-10-10,97.49
2013-10-11,91.05
2013-10-12,87.58
2013-10-13,113.02
2013-10-14,58.46
2013-10-15,74.83
2013-10-16,62.16
2013-10-17,88.01
2013-10-18,92.27
2013-10-19,115.63
2013-10-20,106.84
2013-10-21,119.37
2013-10-22,103.33
2013-10-23,179.99
2013-10-24,180.31
2013-10-25,186.43
2013-10-26,245.85
2013-10-27,236.76
2013-10-28,244.81
2013-10-29,300.68
2013-10-30,287.85
2013-10-31,258.59
2013-11-01,250.90
2013-11-02,286.44
2013-11-03,505.52
2013-11-04,565.99
2013-11-05,605.55
2013-11-06,636.49
2013-11-07,657.52
2013-11-08,1011.13
2013-11-09,982.96
2013-11-10,856.99
2013-11-11,780.07
2013-11-12,636.91
2013-11-13,564.37
2013-11-14,510.20
2013-11-15,547.63
2013-11-16,507.38
2013-11-17,475.98
2013-11-18,455.28
2013-11-19,439.71
2013-11-20,397.14
2013-11-21,409.48
2013-11-22,325.26
2013-11-23,311.07
2013-11-24,323.76
2013-11-25,276.84
2013-11-26,252.67
2013-11-27,233.96
2013-11-28,237.09
2013-11-29,244.99
2013-11-30,251.72
2013-12-01,276.38
2013-12-02,207.37
2013-12-03,186.22
2013-12-04,178.36
2013-12-05,178.03
2013-12-06,171.42
2013-12-07,162.46
2013-12-08,183.39
2013-12-09,168.70
2013-12-10,142.72
2013-12-11,134.07
2013-12-12,127.41
2013-12-13,135.12
2013-12-14,131.52
2013-12-15,168.90
2013-12-16,115.49
2013-12-17,110.77
2013-12-18,118.04
2013-12-19,124.51
2013-12-20,173.62
2013-12-21,176.49
2013-12-22,216.92
2013-12-23,240.74
2013-12-24,318.69
2013-12-25,962.38
2013-12-26,1236.37
2013-12-27,803.81
2013-12-28,832.93
2013-12-29,845.10
2013-12-30,734.76
2013-12-31,671.12
2014-01-01,614.32
2014-01-02,505.48
2014-01-03,597.00
2014-01-04,538.30
2014-01-05,559.42
2014-01-06,514.10
2014-01-07,518.58
2014-01-08,582.58
2014-01-09,575.43
2014-01-10,566.19
2014-01-11,519.44
2014-01-12,497.68
2014-01-13,397.43
2014-01-14,369.86
2014-01-15,349.17
2014-01-16,365.46
2014-01-17,421.66
2014-01-18,412.70
2014-01-19,419.45
2014-01-20,367.41
2014-01-21,516.93
2014-01-22,454.69
2014-01-23,412.06
2014-01-24,417.62
2014-01-25,419.91
2014-01-26,406.55
2014-01-27,470.11
2014-01-28,511.35
2014-01-29,538.23
2014-01-30,457.71
2014-01-31,422.44
2014-02-01,420.29
2014-02-02,565.55
2014-02-03,459.67
2014-02-04,418.88
2014-02-05,372.69
2014-02-06,374.31
2014-02-07,385.06
2014-02-08,416.73
2014-02-09,556.30
2014-02-10,524.69
2014-02-11,494.89
2014-02-12,462.35
2014-02-13,484.26
2014-02-14,569.15
2014-02-15,616.38
2014-02-16,592.33
2014-02-17,499.55
2014-02-18,462.71
2014-02-19,432.01
2014-02-20,385.09
2014-02-21,427.27
2014-02-22,464.06
2014-02-23,445.49
2014-02-24,396.39
2014-02-25,355.89
2014-02-26,347.13
2014-02-27,348.45
2014-02-28,328.18
2014-03-01,385.81
2014-03-02,429.03
2014-03-03,351.43
2014-03-04,357.29
2014-03-05,333.69
2014-03-06,292.26
2014-03-07,271.82
2014-03-08,254.88
2014-03-09,243.36
2014-03-10,202.94
2014-03-11,201.21
2014-03-12,175.33
2014-03-13,165.43
2014-03-14,163.32
2014-03-15,163.53
2014-03-16,172.08
2014-03-17,149.63
2014-03-18,137.75
2014-03-19,129.81
2014-03-20,129.44
2014-03-21,125.42
2014-03-22,144.96
2014-03-23,163.73
2014-03-24,131.93
2014-03-25,115.70
2014-03-26,115.34
2014-03-27,111.94
2014-03-28,109.83
2014-03-29,123.09
2014-03-30,126.25
2014-03-31,92.55
2014-04-01,84.71
2014-04-02,82.76
2014-04-03,85.75
2014-04-04,83.12
2014-04-05,92.85
2014-04-06,104.12
2014-04-07,68.04
2014-04-08,82.15
2014-04-09,70.49
2014-04-10,58.88
2014-04-11,72.50
2014-04-12,80.05
2014-04-13,90.37
2014-04-14,40.10
2014-04-15,51.50
2014-04-16,44.42
2014-04-17,53.66
2014-04-18,56.94
2014-04-19,59.55
2014-04-20,71.16
2014-04-21,74.30
2014-04-22,64.02
2014-04-23,63.53
2014-04-24,52.52
2014-04-25,68.13
2014-04-26,65.11
2014-04-27,65.43
2014-04-28,43.35
2014-04-29,49.31
2014-04-30,30.95
2014-05-01,54.02
2014-05-02,48.65
2014-05-03,49.91
2014-05-04,64.18
2014-05-05,37.46
2014-05-06,26.38
2014-05-07,122.42
2014-05-08,93.12
2014-05-09,98.75
2014-05-10,123.48
2014-05-11,143.06
2014-05-12,131.13
2014-05-13,102.04
2014-05-14,128.33
2014-05-15,98.57
2014-05-16,66.67
2014-05-17,65.20
2014-05-18,96.79
2014-05-19,40.03
2014-05-20,46.03
2014-05-21,70.34
2014-05-22,38.53
2014-05-23,48.87
2014-05-24,64.75
2014-05-25,55.28
2014-05-26,43.75
2014-05-27,56.76
2014-05-28,36.32
2014-05-29,58.97
2014-05-30,22.21
2014-05-31,28.79
2014-06-01,43.01
2014-06-02,35.93
2014-06-03,20.19
2014-06-04,24.75
2014-06-05,49.25
2014-06-06,38.14
2014-06-07,34.67
2014-06-08,63.59
2014-06-09,86.52
2014-06-10,123.51
2014-06-11,104.24
2014-06-12,74.04
2014-06-13,53.58
2014-06-14,68.77
2014-06-15,44.14
2014-06-16,15.07
2014-06-17,23.79
2014-06-18,16.15
2014-06-19,18.03
2014-06-20,12.88
2014-06-21,34.06
2014-06-22,15.23
2014-06-23,12.43
2014-06-24,11.75
2014-06-25,10.67
2014-06-26,11.00
2014-06-27,14.59
2014-06-28,51.08
2014-06-29,58.19
2014-06-30,38.23
2014-07-01,22.61
2014-07-02,21.12
2014-07-03,24.31
2014-07-04,12.88
2014-07-05,19.72
2014-07-06,35.68
2014-07-07,26.57
2014-07-08,65.43
2014-07-09,210.74
2014-07-10,519.46
2014-07-11,316.54
2014-07-12,181.24
2014-07-13,166.89
2014-07-14,161.47
2014-07-15,120.61
2014-07-16,95.97
2014-07-17,64.85
2014-07-18,61.55
2014-07-19,51.68
2014-07-20,61.44
2014-07-21,63.96
2014-07-22,52.84
2014-07-23,44.90
2014-07-24,33.67
2014-07-25,30.51
2014-07-26,38.18
2014-07-27,27.52
2014-07-28,66.21
2014-07-29,48.15
2014-07-30,106.81
2014-07-31,52.88
2014-08-01,37.58
2014-08-02,37.20
2014-08-03,45.57
2014-08-04,73.92
2014-08-05,61.24
2014-08-06,51.57
2014-08-07,67.50
2014-08-08,84.22
2014-08-09,108.54
2014-08-10,117.91
2014-08-11,121.48
2014-08-12,143.53
2014-08-13,102.75
2014-08-14,105.57
2014-08-15,142.89
2014-08-16,125.75
2014-08-17,163.01
2014-08-18,122.82
2014-08-19,103.97
2014-08-20,75.71
2014-08-21,53.15
2014-08-22,62.98
2014-08-23,62.39
2014-08-24,75.77
2014-08-25,36.01
2014-08-26,262.19
2014-08-27,367.18
2014-08-28,179.07
2014-08-29,173.28
2014-08-30,147.09
2014-08-31,151.47
2014-09-01,121.12
2014-09-02,107.08
2014-09-03,86.84
2014-09-04,89.32
2014-09-05,75.81
2014-09-06,82.82
2014-09-07,96.48
2014-09-08,49.78
2014-09-09,38.44
2014-09-10,37.99
2014-09-11,39.71
2014-09-12,40.81
2014-09-13,44.24
2014-09-14,50.46
2014-09-15,38.43
2014-09-16,28.88
2014-09-17,27.04
2014-09-18,49.27
2014-09-19,60.22
2014-09-20,26.38
2014-09-21,372.67
2014-09-22,176.81
2014-09-23,83.69
2014-09-24,86.39
2014-09-25,75.55
2014-09-26,66.30
2014-09-27,50.40
2014-09-28,75.74
2014-09-29,31.66
2014-09-30,42.08
2014-10-01,48.24
2014-10-02,41.76
2014-10-03,36.32
2014-10-04,37.02
2014-10-05,71.32
2014-10-06,32.97
2014-10-07,92.71
2014-10-08,69.90
2014-10-09,268.08
2014-10-10,240.21
2014-10-11,239.10
2014-10-12,191.17
2014-10-13,124.55
2014-10-14,121.92
2014-10-15,105.22
2014-10-16,115.03
2014-10-17,149.66
2014-10-18,204.43
2014-10-19,196.89
2014-10-20,177.08
2014-10-21,154.82
2014-10-22,181.00
2014-10-23,156.78
2014-10-24,138.37
2014-10-25,145.90
2014-10-26,155.13
2014-10-27,130.33
2014-10-28,108.91
2014-10-29,116.90
2014-10-30,95.43
2014-10-31,84.31
2014-11-01,97.86
2014-11-02,112.42
2014-11-03,97.62
2014-11-04,150.32
2014-11-05,233.21
2014-11-06,213.60
2014-11-07,202.93
2014-11-08,216.02
2014-11-09,208.59
2014-11-10,195.75
2014-11-11,191.56
2014-11-12,206.45
2014-11-13,202.50
2014-11-14,191.80
2014-11-15,194.86
2014-11-16,264.96
2014-11-17,220.81
2014-11-18,218.60
2014-11-19,183.94
2014-11-20,189.05
2014-11-21,154.06
2014-11-22,144.84
2014-11-23,165.24
2014-11-24,137.94
2014-11-25,112.73
2014-11-26,106.40
2014-11-27,117.23
2014-11-28,111.52
2014-11-29,124.73
2014-11-30,131.26
2014-12-01,97.92
2014-12-02,94.41
2014-12-03,92.13
2014-12-04,85.94
2014-12-05,68.28
2014-12-06,73.98
2014-12-07,90.39
2014-12-08,99.38
2014-12-09,102.84
2014-12-10,121.32
2014-12-11,169.58
2014-12-12,289.06
2014-12-13,832.63
2014-12-14,1030.87
2014-12-15,765.09
2014-12-16,629.91
2014-12-17,513.43
2014-12-18,541.38
2014-12-19,611.76
2014-12-20,942.66
2014-12-21,819.95
2014-12-22,665.81
2014-12-23,572.93
2014-12-24,506.76
2014-12-25,535.55
2014-12-26,507.46
2014-12-27,515.87
2014-12-28,632.28
2014-12-29,555.29
2014-12-30,483.52
2014-12-31,442.24
2015-01-01,458.57
2015-01-02,414.14
2015-01-03,449.25
2015-01-04,718.97
2015-01-05,679.40
2015-01-06,605.08
2015-01-07,518.85
2015-01-08,568.97
2015-01-09,837.83
2015-01-10,894.71
2015-01-11,888.25
2015-01-12,803.86
2015-01-13,698.11
2015-01-14,647.97
2015-01-15,633.51
2015-01-16,791.55
2015-01-17,750.60
2015-01-18,702.23
2015-01-19,595.65
2015-01-20,548.90
2015-01-21,484.90
2015-01-22,441.12
2015-01-23,416.69
2015-01-24,396.16
2015-01-25,402.12
2015-01-26,372.53
2015-01-27,499.24
2015-01-28,475.81
2015-01-29,527.35
2015-01-30,641.04
2015-01-31,695.00
2015-02-01,639.49
2015-02-02,672.06
2015-02-03,623.77
2015-02-04,568.06
2015-02-05,496.70
2015-02-06,437.44
2015-02-07,423.44
2015-02-08,390.80
2015-02-09,350.75
2015-02-10,302.68
2015-02-11,303.82
2015-02-12,290.89
2015-02-13,294.83
2015-02-14,301.48
2015-02-15,331.20
2015-02-16,327.86
2015-02-17,308.00
2015-02-18,278.17
2015-02-19,269.45
2015-02-20,276.80
2015-02-21,460.56
2015-02-22,637.40
2015-02-23,634.22
2015-02-24,720.37
2015-02-25,672.59
2015-02-26,703.38
2015-02-27,746.17
2015-02-28,716.84
2015-03-01,683.65
2015-03-02,600.95
2015-03-03,531.94
2015-03-04,540.15
2015-03-05,486.05
2015-03-06,442.95
2015-03-07,418.32
2015-03-08,398.46
2015-03-09,351.94
2015-03-10,321.13
2015-03-11,277.70
2015-03-12,281.42
2015-03-13,259.04
2015-03-14,240.78
2015-03-15,251.70
2015-03-16,204.45
2015-03-17,202.31
2015-03-18,192.40
2015-03-19,182.20
2015-03-20,173.37
2015-03-21,153.17
2015-03-22,189.00
2015-03-23,163.12
2015-03-24,139.43
2015-03-25,183.08
2015-03-26,191.61
2015-03-27,172.22
2015-03-28,169.04
2015-03-29,218.16
2015-03-30,434.55
2015-03-31,433.67
2015-04-01,442.29
2015-04-02,517.92
2015-04-03,727.73
2015-04-04,638.15
2015-04-05,514.04
2015-04-06,425.26
2015-04-07,334.32
2015-04-08,301.53
2015-04-09,282.36
2015-04-10,258.12
2015-04-11,230.57
2015-04-12,241.27
2015-04-13,202.79
2015-04-14,166.24
2015-04-15,164.77
2015-04-16,160.13
2015-04-17,168.40
2015-04-18,142.24
2015-04-19,153.24
2015-04-20,129.92
2015-04-21,122.07
2015-04-22,130.15
2015-04-23,131.08
2015-04-24,117.19
2015-04-25,130.24
2015-04-26,181.50
2015-04-27,137.47
2015-04-28,103.83
2015-04-29,93.21
2015-04-30,121.61
2015-05-01,161.01
2015-05-02,134.99
2015-05-03,152.10
2015-05-04,150.83
2015-05-05,232.55
2015-05-06,227.34
2015-05-07,206.32
2015-05-08,195.66
2015-05-09,167.15
2015-05-10,191.85
2015-05-11,165.81
2015-05-12,168.23
2015-05-13,110.18
2015-05-14,109.86
2015-05-15,111.85
2015-05-16,112.73
2015-05-17,123.83
2015-05-18,92.34
2015-05-19,87.53
2015-05-20,71.71
2015-05-21,75.21
2015-05-22,75.21
2015-05-23,82.81
2015-05-24,88.27
2015-05-25,101.77
2015-05-26,53.78
2015-05-27,43.11
2015-05-28,53.25
2015-05-29,54.13
2015-05-30,78.30
2015-05-31,69.50
2015-06-01,64.44
2015-06-02,45.65
2015-06-03,42.92
2015-06-04,50.83
2015-06-05,50.43
2015-06-06,70.51
2015-06-07,54.37
2015-06-08,35.98
2015-06-09,25.73
2015-06-10,23.00
2015-06-11,36.99
2015-06-12,35.21
2015-06-13,18.86
2015-06-14,45.28
2015-06-15,18.18
2015-06-16,14.02
2015-06-17,17.57
2015-06-18,33.08
2015-06-19,25.04
2015-06-20,31.46
2015-06-21,42.14
2015-06-22,92.88
2015-06-23,107.68
2015-06-24,60.19
2015-06-25,38.88
2015-06-26,32.78
2015-06-27,44.04
2015-06-28,54.21
2015-06-29,34.15
2015-06-30,23.06
2015-07-01,17.29
2015-07-02,15.57
2015-07-03,17.27
2015-07-04,15.41
2015-07-05,38.29
2015-07-06,14.56
2015-07-07,13.38
2015-07-08,12.73
2015-07-09,16.74
2015-07-10,13.54
2015-07-11,13.11
2015-07-12,19.91
2015-07-13,11.35
2015-07-14,13.10
2015-07-15,15.51
2015-07-16,15.47
2015-07-17,15.55
2015-07-18,17.66
2015-07-19,61.12
2015-07-20,28.14
2015-07-21,31.43
2015-07-22,26.51
2015-07-23,15.45
2015-07-24,29.05
2015-07-25,42.24
2015-07-26,30.29
2015-07-27,34.74
2015-07-28,41.27
2015-07-29,28.55
2015-07-30,23.52
2015-07-31,24.99
2015-08-01,21.69
2015-08-02,20.37
2015-08-03,21.34
2015-08-04,18.42
2015-08-05,16.55
2015-08-06,23.50
2015-08-07,43.36
2015-08-08,29.46
2015-08-09,19.91
2015-08-10,17.82
2015-08-11,17.18
2015-08-12,20.09
2015-08-13,17.27
2015-08-14,26.97
2015-08-15,120.68
2015-08-16,66.66
2015-08-17,33.46
2015-08-18,29.72
2015-08-19,16.51
2015-08-20,16.51
2015-08-21,17.74
2015-08-22,17.04
2015-08-23,14.31
2015-08-24,44.68
2015-08-25,44.08
2015-08-26,17.57
2015-08-27,37.56
2015-08-28,85.25
2015-08-29,54.78
2015-08-30,54.63
2015-08-31,46.49
2015-09-01,44.36
2015-09-02,48.46
2015-09-03,28.49
2015-09-04,30.52
2015-09-05,38.09
2015-09-06,60.43
2015-09-07,36.28
2015-09-08,14.36
2015-09-09,27.95
2015-09-10,13.12
2015-09-11,12.91
2015-09-12,12.09
2015-09-13,24.49
2015-09-14,35.99
2015-09-15,40.05
2015-09-16,62.67
2015-09-17,200.83
2015-09-18,170.18
2015-09-19,138.19
2015-09-20,113.67
2015-09-21,93.47
2015-09-22,89.60
2015-09-23,129.26
2015-09-24,121.88
2015-09-25,101.80
2015-09-26,93.17
2015-09-27,101.65
2015-09-28,69.72
2015-09-29,27.36
2015-09-30,26.26
2015-10-01,32.25
2015-10-02,29.89
2015-10-03,45.51
2015-10-04,53.46
2015-10-05,34.25
2015-10-06,51.28
2015-10-07,26.81
2015-10-08,38.37
2015-10-09,37.55
2015-10-10,49.98
2015-10-11,55.07
2015-10-12,38.62
2015-10-13,35.65
2015-10-14,31.06
2015-10-15,23.19
2015-10-16,35.34
2015-10-17,48.49
2015-10-18,53.39
2015-10-19,31.67
2015-10-20,26.48
2015-10-21,31.83
2015-10-22,34.17
2015-10-23,28.45
2015-10-24,34.37
2015-10-25,39.70
2015-10-26,31.50
2015-10-27,22.25
2015-10-28,29.16
2015-10-29,15.30
2015-10-30,20.40
2015-10-31,17.22
2015-11-01,30.35
2015-11-02,27.97
2015-11-03,18.09
2015-11-04,21.00
2015-11-05,22.84
2015-11-06,17.90
2015-11-07,21.24
2015-11-08,18.58
2015-11-09,37.64
2015-11-10,15.17
2015-11-11,15.96
2015-11-12,19.40
2015-11-13,13.88
2015-11-14,12.30
2015-11-15,25.03
2015-11-16,13.10
2015-11-17,80.94
2015-11-18,148.74
2015-11-19,180.60
2015-11-20,280.40
2015-11-21,398.15
2015-11-22,456.20
2015-11-23,327.17
2015-11-24,254.24
2015-11-25,236.74
2015-11-26,265.20
2015-11-27,249.48
2015-11-28,216.47
2015-11-29,245.86
2015-11-30,395.26
2015-12-01,679.81
2015-12-02,676.06
2015-12-03,544.44
2015-12-04,441.24
2015-12-05,385.56
2015-12-06,341.12
2015-12-07,262.70
2015-12-08,220.25
2015-12-09,227.87
2015-12-10,217.54
2015-12-11,223.58
2015-12-12,337.97
2015-12-13,362.05
2015-12-14,324.10
2015-12-15,259.23
2015-12-16,278.66
2015-12-17,294.02
2015-12-18,289.66
2015-12-19,266.96
2015-12-20,262.29
2015-12-21,228.88
2015-12-22,218.69
2015-12-23,270.41
2015-12-24,281.80
2015-12-25,292.02
2015-12-26,260.13
2015-12-27,229.96
2015-12-28,216.69
2015-12-29,196.36
2015-12-30,165.57
2015-12-31,177.45
2016-01-01,202.05
2016-01-02,158.27
2016-01-03,197.11
2016-01-04,290.50
2016-01-05,402.98
2016-01-06,368.40
2016-01-07,358.00
2016-01-08,452.18
2016-01-09,429.21
2016-01-10,431.15
2016-01-11,429.38
2016-01-12,542.67
2016-01-13,596.67
2016-01-14,630.85
2016-01-15,667.11
2016-01-16,709.25
2016-01-17,656.26
2016-01-18,564.81
2016-01-19,471.06
2016-01-20,410.31
2016-01-21,325.83
2016-01-22,321.12
2016-01-23,344.15
2016-01-24,425.00
2016-01-25,429.60
2016-01-26,414.63
2016-01-27,395.56
2016-01-28,391.90
2016-01-29,395.39
2016-01-30,409.77
2016-01-31,768.91
2016-02-01,709.67
2016-02-02,746.01
2016-02-03,794.17
2016-02-04,720.14
2016-02-05,740.30
2016-02-06,694.37
2016-02-07,663.81
2016-02-08,632.92
2016-02-09,840.84
2016-02-10,1204.00
2016-02-11,1106.86
2016-02-12,980.89
2016-02-13,834.13
2016-02-14,826.17
2016-02-15,718.36
2016-02-16,654.02
2016-02-17,622.92
2016-02-18,613.75
2016-02-19,586.47
2016-02-20,557.18
2016-02-21,844.08
2016-02-22,882.61
2016-02-23,1107.54
2016-02-24,1125.65
2016-02-25,959.28
2016-02-26,789.71
2016-02-27,700.11
2016-02-28,612.00
2016-02-29,541.73
2016-03-01,474.81
2016-03-02,451.40
2016-03-03,485.46
2016-03-04,480.72
2016-03-05,617.93
2016-03-06,627.54
2016-03-07,670.37
2016-03-08,640.48
2016-03-09,584.96
2016-03-10,550.98
2016-03-11,497.24
2016-03-12,475.68
2016-03-13,464.48
2016-03-14,431.52
2016-03-15,380.67
2016-03-16,326.67
2016-03-17,285.89
2016-03-18,275.97
2016-03-19,276.66
2016-03-20,276.46
2016-03-21,249.84
2016-03-22,230.32
2016-03-23,201.53
2016-03-24,195.28
2016-03-25,210.07
2016-03-26,214.97
2016-03-27,251.12
2016-03-28,248.02
2016-03-29,301.08
2016-03-30,259.19
2016-03-31,306.26
2016-04-01,550.37
2016-04-02,537.21
2016-04-03,446.76
2016-04-04,381.36
2016-04-05,343.60
2016-04-06,352.69
2016-04-07,316.87
2016-04-08,306.06
2016-04-09,282.91
2016-04-10,297.48
2016-04-11,255.11
2016-04-12,216.40
2016-04-13,221.60
2016-04-14,230.93
2016-04-15,236.67
2016-04-16,226.67
2016-04-17,223.42
2016-04-18,193.06
2016-04-19,177.84
2016-04-20,189.74
2016-04-21,179.61
2016-04-22,196.75
2016-04-23,218.49
2016-04-24,225.04
2016-04-25,225.47
2016-04-26,292.38
2016-04-27,308.80
2016-04-28,325.21
2016-04-29,268.72
2016-04-30,336.79
2016-05-01,352.65
2016-05-02,267.92
2016-05-03,239.08
2016-05-04,215.13
2016-05-05,223.34
2016-05-06,195.74
2016-05-07,189.86
2016-05-08,178.33
2016-05-09,149.10
2016-05-10,128.05
2016-05-11,141.00
2016-05-12,160.84
2016-05-13,173.84
2016-05-14,175.56
2016-05-15,169.98
2016-05-16,172.74
2016-05-17,140.71
2016-05-18,114.12
2016-05-19,138.46
2016-05-20,99.96
2016-05-21,86.54
2016-05-22,152.86
2016-05-23,154.89
2016-05-24,159.79
2016-05-25,136.09
2016-05-26,110.41
2016-05-27,103.42
2016-05-28,108.30
2016-05-29,161.32
2016-05-30,306.01
2016-05-31,579.42
2016-06-01,598.23
2016-06-02,755.47
2016-06-03,836.37
2016-06-04,844.21
2016-06-05,681.87
2016-06-06,664.70
2016-06-07,669.18
2016-06-08,753.06
2016-06-09,621.03
2016-06-10,544.72
2016-06-11,490.15
2016-06-12,468.27
2016-06-13,453.25
2016-06-14,450.54
2016-06-15,465.57
2016-06-16,464.02
2016-06-17,558.34
2016-06-18,610.63
2016-06-19,591.71
2016-06-20,478.31
2016-06-21,485.81
2016-06-22,472.51
2016-06-23,408.30
2016-06-24,449.41
2016-06-25,376.26
2016-06-26,335.72
2016-06-27,305.53
2016-06-28,268.11
2016-06-29,231.48
2016-06-30,217.96
2016-07-01,217.52
2016-07-02,240.24
2016-07-03,234.99
2016-07-04,179.20
2016-07-05,170.22
2016-07-06,150.99
2016-07-07,121.09
2016-07-08,128.02
2016-07-09,114.47
2016-07-10,144.80
2016-07-11,107.70
2016-07-12,103.53
2016-07-13,115.97
2016-07-14,116.70
2016-07-15,108.12
2016-07-16,107.64
2016-07-17,114.91
2016-07-18,79.97
2016-07-19,70.26
2016-07-20,73.17
2016-07-21,87.00
2016-07-22,76.23
2016-07-23,212.01
2016-07-24,306.83
2016-07-25,169.16
2016-07-26,153.96
2016-07-27,106.61
2016-07-28,100.02
2016-07-29,132.35
2016-07-30,116.92
2016-07-31,94.36
2016-08-01,70.06
2016-08-02,107.45
2016-08-03,209.14
2016-08-04,257.20
2016-08-05,185.60
2016-08-06,143.79
2016-08-07,126.87
2016-08-08,97.51
2016-08-09,64.92
2016-08-10,67.58
2016-08-11,69.38
2016-08-12,71.45
2016-08-13,73.24
2016-08-14,93.10
2016-08-15,75.89
2016-08-16,52.89
2016-08-17,39.29
2016-08-18,40.16
2016-08-19,47.97
2016-08-20,46.00
2016-08-21,63.99
2016-08-22,51.71
2016-08-23,66.07
2016-08-24,29.36
2016-08-25,46.47
2016-08-26,37.38
2016-08-27,48.04
2016-08-28,52.97
2016-08-29,36.12
2016-08-30,28.35
2016-08-31,41.47
2016-09-01,30.07
2016-09-02,19.00
2016-09-03,31.64
2016-09-04,49.35
2016-09-05,37.97
2016-09-06,25.11
2016-09-07,31.79
2016-09-08,33.16
2016-09-09,16.40
2016-09-10,36.45
2016-09-11,31.19
2016-09-12,21.30
2016-09-13,22.18
2016-09-14,22.98
2016-09-15,17.43
2016-09-16,22.52
2016-09-17,27.44
2016-09-18,30.77
2016-09-19,32.51
2016-09-20,21.35
2016-09-21,22.35
2016-09-22,13.23
2016-09-23,20.21
2016-09-24,18.61
2016-09-25,19.78
2016-09-26,23.37
2016-09-27,17.56
2016-09-28,19.02
2016-09-29,19.04
2016-09-30,12.64
2016-10-01,24.86
2016-10-02,19.76
2016-10-03,31.38
2016-10-04,23.49
2016-10-05,20.82
2016-10-06,34.63
2016-10-07,12.94
2016-10-08,43.34
2016-10-09,48.90
2016-10-10,20.74
2016-10-11,18.39
2016-10-12,13.74
2016-10-13,14.18
2016-10-14,12.61
2016-10-15,22.73
2016-10-16,29.55
2016-10-17,15.99
2016-10-18,19.86
2016-10-19,27.44
2016-10-20,34.22
2016-10-21,38.16
2016-10-22,36.41
2016-10-23,41.52
2016-10-24,22.89
2016-10-25,26.80
2016-10-26,20.61
2016-10-27,13.24
2016-10-28,21.23
2016-10-29,17.19
2016-10-30,33.37
2016-10-31,26.02
2016-11-01,23.02
2016-11-02,25.08
2016-11-03,13.08
2016-11-04,12.64
2016-11-05,14.63
2016-11-06,37.49
2016-11-07,15.12
2016-11-08,12.88
2016-11-09,11.72
2016-11-10,56.60
2016-11-11,56.11
2016-11-12,38.83
2016-11-13,42.73
2016-11-14,54.50
2016-11-15,34.54
2016-11-16,63.48
2016-11-17,75.40
2016-11-18,96.74
2016-11-19,103.19
2016-11-20,109.95
2016-11-21,95.45
2016-11-22,84.72
2016-11-23,90.92
2016-11-24,122.68
2016-11-25,88.48
2016-11-26,74.93
2016-11-27,91.01
2016-11-28,96.41
2016-11-29,71.10
2016-11-30,73.87
2016-12-01,39.69
2016-12-02,31.54
2016-12-03,49.40
2016-12-04,46.03
2016-12-05,42.30
2016-12-06,35.90
2016-12-07,21.01
2016-12-08,21.71
2016-12-09,18.29
2016-12-10,21.01
2016-12-11,44.90
2016-12-12,38.32
2016-12-13,23.83
2016-12-14,14.24
2016-12-15,25.28
2016-12-16,22.43
2016-12-17,26.67
2016-12-18,30.19
2016-12-19,28.11
2016-12-20,20.38
2016-12-21,12.90
2016-12-22,50.05
2016-12-23,25.01
2016-12-24,47.49
2016-12-25,52.63
2016-12-26,54.46
2016-12-27,39.16
2016-12-28,35.66
2016-12-29,46.10
2016-12-30,42.24
2016-12-31,33.61
2017-01-01,47.02
2017-01-02,44.27
2017-01-03,29.18
2017-01-04,22.62
2017-01-05,32.79
2017-01-06,29.05
2017-01-07,24.15
2017-01-08,48.07
2017-01-09,29.30
2017-01-10,44.12
2017-01-11,61.26
2017-01-12,95.46
2017-01-13,137.05
2017-01-14,202.38
2017-01-15,195.43
2017-01-16,157.74
2017-01-17,120.19
2017-01-18,86.16
2017-01-19,74.96
2017-01-20,65.30
2017-01-21,59.85
2017-01-22,56.12
2017-01-23,48.36
2017-01-24,51.99
2017-01-25,55.77
2017-01-26,42.69
2017-01-27,39.70
2017-01-28,42.90
2017-01-29,73.48
2017-01-30,119.67
2017-01-31,225.35
2017-02-01,239.85
2017-02-02,190.04
2017-02-03,183.05
2017-02-04,194.27
2017-02-05,239.40
2017-02-06,241.72
2017-02-07,228.57
2017-02-08,230.91
2017-02-09,231.01
2017-02-10,215.85
2017-02-11,201.50
2017-02-12,215.18
2017-02-13,170.31
2017-02-14,144.00
2017-02-15,128.10
2017-02-16,132.22
2017-02-17,155.82
2017-02-18,159.15
2017-02-19,149.93
2017-02-20,122.89
2017-02-21,120.16
2017-02-22,190.19
2017-02-23,282.96
2017-02-24,283.50
2017-02-25,298.60
2017-02-26,260.32
2017-02-27,235.67
2017-02-28,268.55
2017-03-01,306.41
2017-03-02,347.73
2017-03-03,370.01
2017-03-04,347.65
2017-03-05,392.14
2017-03-06,471.38
2017-03-07,605.65
2017-03-08,544.44
2017-03-09,729.25
2017-03-10,879.09
2017-03-11,774.69
2017-03-12,636.83
2017-03-13,518.06
2017-03-14,420.01
2017-03-15,364.25
2017-03-16,331.74
2017-03-17,293.53
2017-03-18,285.06
2017-03-19,359.99
2017-03-20,300.49
2017-03-21,287.85
2017-03-22,238.36
2017-03-23,221.30
2017-03-24,218.50
2017-03-25,195.55
2017-03-26,199.05
2017-03-27,183.36
2017-03-28,162.66
2017-03-29,150.88
2017-03-30,130.54
2017-03-31,131.28
2017-04-01,116.03
2017-04-02,150.09
2017-04-03,119.89
2017-04-04,90.76
2017-04-05,90.43
2017-04-06,93.89
2017-04-07,73.05
2017-04-08,86.11
2017-04-09,96.14
2017-04-10,83.10
2017-04-11,57.85
2017-04-12,69.45
2017-04-13,68.18
2017-04-14,56.28
2017-04-15,62.42
2017-04-16,83.38
2017-04-17,98.86
2017-04-18,61.83
2017-04-19,54.55
2017-04-20,27.24
2017-04-21,41.61
2017-04-22,49.22
2017-04-23,55.33
2017-04-24,47.04
2017-04-25,36.63
2017-04-26,35.38
2017-04-27,49.74
2017-04-28,42.18
2017-04-29,28.12
2017-04-30,62.92
2017-05-01,44.11
2017-05-02,33.79
2017-05-03,28.47
2017-05-04,47.05
2017-05-05,35.66
2017-05-06,42.24
2017-05-07,62.79
2017-05-08,26.90
2017-05-09,31.04
2017-05-10,34.24
2017-05-11,27.07
2017-05-12,36.53
2017-05-13,31.08
2017-05-14,40.26
2017-05-15,27.25
2017-05-16,33.74
2017-05-17,23.61
2017-05-18,36.75
2017-05-19,30.25
2017-05-20,41.83
2017-05-21,45.51
2017-05-22,40.16
2017-05-23,19.22
2017-05-24,23.30
2017-05-25,21.16
2017-05-26,29.75
2017-05-27,19.93
2017-05-28,38.17
2017-05-29,26.19
2017-05-30,16.11
2017-05-31,10.90
2017-06-01,16.27
2017-06-02,14.32
2017-06-03,11.99
2017-06-04,34.91
2017-06-05,28.73
2017-06-06,13.76
2017-06-07,18.81
2017-06-08,12.53
2017-06-09,41.46
2017-06-10,27.12
2017-06-11,16.04
2017-06-12,30.47
2017-06-13,12.39
2017-06-14,16.51
2017-06-15,11.00
2017-06-16,10.92
2017-06-17,22.48
2017-06-18,18.51
2017-06-19,13.85
2017-06-20,13.15
2017-06-21,11.36
2017-06-22,13.38
2017-06-23,12.43
2017-06-24,11.07
2017-06-25,12.00
2017-06-26,14.16
2017-06-27,11.82
2017-06-28,12.91
2017-06-29,11.90
2017-06-30,12.82
2017-07-01,39.74
2017-07-02,44.82
2017-07-03,26.46
2017-07-04,18.67
2017-07-05,13.18
2017-07-06,14.17
2017-07-07,23.18
2017-07-08,14.69
2017-07-09,26.22
2017-07-10,18.63
2017-07-11,13.83
2017-07-12,12.73
2017-07-13,15.76
2017-07-14,13.38
2017-07-15,12.33
2017-07-16,25.74
2017-07-17,12.98
2017-07-18,15.92
2017-07-19,22.92
2017-07-20,20.17
2017-07-21,13.36
2017-07-22,13.63
2017-07-23,12.32
2017-07-24,23.69
2017-07-25,24.98
2017-07-26,25.22
2017-07-27,22.34
2017-07-28,18.82
2017-07-29,12.71
2017-07-30,12.39
2017-07-31,13.85
2017-08-01,12.15
2017-08-02,13.64
2017-08-03,17.99
2017-08-04,13.13
2017-08-05,13.22
2017-08-06,33.58
2017-08-07,14.39
2017-08-08,15.79
2017-08-09,17.03
2017-08-10,18.63
2017-08-11,38.91
2017-08-12,23.89
2017-08-13,29.54
2017-08-14,24.29
2017-08-15,15.16
2017-08-16,37.96
2017-08-17,34.81
2017-08-18,36.24
2017-08-19,83.69
2017-08-20,71.11
2017-08-21,33.61
2017-08-22,30.44
2017-08-23,25.65
2017-08-24,12.84
2017-08-25,13.80
2017-08-26,12.65
2017-08-27,20.46
2017-08-28,23.81
2017-08-29,11.75
2017-08-30,14.69
2017-08-31,14.78
2017-09-01,17.46
2017-09-02,19.70
2017-09-03,26.62
2017-09-04,11.75
2017-09-05,14.29
2017-09-06,16.72
2017-09-07,12.26
2017-09-08,13.37
2017-09-09,58.07
2017-09-10,112.11
2017-09-11,63.59
2017-09-12,41.98
2017-09-13,44.29
2017-09-14,70.20
2017-09-15,178.39
2017-09-16,179.90
2017-09-17,153.52
2017-09-18,96.40
2017-09-19,69.31
2017-09-20,60.04
2017-09-21,65.18
2017-09-22,59.91
2017-09-23,71.27
2017-09-24,228.37
2017-09-25,66.56
2017-09-26,25.29
2017-09-27,24.02
2017-09-28,20.52
2017-09-29,23.86
2017-09-30,67.83
2017-10-01,152.58
2017-10-02,100.86
2017-10-03,97.60
2017-10-04,87.48
2017-10-05,77.12
2017-10-06,104.65
2017-10-07,107.93
2017-10-08,109.69
2017-10-09,89.49
2017-10-10,91.54
2017-10-11,41.18
2017-10-12,39.20
2017-10-13,23.79
2017-10-14,18.88
2017-10-15,20.66
2017-10-16,36.55
2017-10-17,24.39
2017-10-18,32.87
2017-10-19,33.87
2017-10-20,27.80
2017-10-21,29.21
2017-10-22,76.63
2017-10-23,37.14
2017-10-24,28.43
2017-10-25,44.19
2017-10-26,48.49
2017-10-27,45.94
2017-10-28,39.08
2017-10-29,78.60
2017-10-30,55.38
2017-10-31,39.07
2017-11-01,60.72
2017-11-02,31.58
2017-11-03,32.28
2017-11-04,39.90
2017-11-05,73.75
2017-11-06,39.61
2017-11-07,51.50
2017-11-08,48.41
2017-11-09,28.66
2017-11-10,49.35
2017-11-11,102.32
2017-11-12,152.77
2017-11-13,250.93
2017-11-14,249.65
2017-11-15,215.40
2017-11-16,161.52
2017-11-17,176.39
2017-11-18,163.42
2017-11-19,155.57
2017-11-20,138.02
2017-11-21,141.49
2017-11-22,187.29
2017-11-23,192.05
2017-11-24,252.86
2017-11-25,259.54
2017-11-26,282.00
2017-11-27,232.06
2017-11-28,451.87
2017-11-29,744.69
2017-11-30,630.46
2017-12-01,558.86
2017-12-02,490.68
2017-12-03,430.81
2017-12-04,324.49
2017-12-05,333.75
2017-12-06,297.48
2017-12-07,256.01
2017-12-08,309.93
2017-12-09,317.16
2017-12-10,338.70
2017-12-11,386.40
2017-12-12,697.70
2017-12-13,665.07
2017-12-14,930.40
2017-12-15,1123.94
2017-12-16,1032.69
2017-12-17,907.73
2017-12-18,807.56
2017-12-19,853.93
2017-12-20,737.14
2017-12-21,684.81
2017-12-22,633.31
2017-12-23,637.23
2017-12-24,597.62
2017-12-25,514.63
2017-12-26,508.72
2017-12-27,501.12
2017-12-28,600.51
2017-12-29,556.76
2017-12-30,665.40
2017-12-31,882.54
2018-01-01,1063.27
2018-01-02,1096.64
2018-01-03,1234.32
2018-01-04,1331.93
2018-01-05,1358.58
2018-01-06,1305.33
2018-01-07,1169.56
2018-01-08,1026.01
2018-01-09,892.12
2018-01-10,758.74
2018-01-11,735.55
2018-01-12,781.20
2018-01-13,721.27
2018-01-14,659.58
2018-01-15,550.65
2018-01-16,627.03
2018-01-17,718.10
2018-01-18,673.30
2018-01-19,747.65
2018-01-20,760.92
2018-01-21,802.05
2018-01-22,827.73
2018-01-23,917.58
2018-01-24,849.78
2018-01-25,894.28
2018-01-26,956.27
2018-01-27,941.36
2018-01-28,898.13
2018-01-29,862.09
2018-01-30,861.94
2018-01-31,798.79
2018-02-01,946.60
2018-02-02,955.52
2018-02-03,974.87
2018-02-04,903.98
2018-02-05,797.58
2018-02-06,704.63
2018-02-07,661.73
2018-02-08,561.70
2018-02-09,533.28
2018-02-10,526.94
2018-02-11,513.68
2018-02-12,530.99
2018-02-13,473.02
2018-02-14,435.01
2018-02-15,403.64
2018-02-16,408.25
2018-02-17,405.11
2018-02-18,412.90
2018-02-19,367.54
2018-02-20,334.86
2018-02-21,330.49
2018-02-22,323.53
2018-02-23,312.61
2018-02-24,300.80
2018-02-25,331.78
2018-02-26,269.75
2018-02-27,234.48
2018-02-28,214.52
2018-03-01,214.61
2018-03-02,210.52
2018-03-03,197.89
2018-03-04,225.48
2018-03-05,201.44
2018-03-06,184.77
2018-03-07,205.59
2018-03-08,214.12
2018-03-09,245.99
2018-03-10,295.75
2018-03-11,345.04
2018-03-12,327.30
2018-03-13,381.29
2018-03-14,461.86
2018-03-15,409.41
2018-03-16,440.96
2018-03-17,442.92
2018-03-18,435.20
2018-03-19,356.35
2018-03-20,324.26
2018-03-21,315.82
2018-03-22,301.34
2018-03-23,310.20
2018-03-24,327.37
2018-03-25,332.56
2018-03-26,295.73
2018-03-27,258.20
2018-03-28,280.41
2018-03-29,343.78
2018-03-30,339.04
2018-03-31,340.00
2018-04-01,369.09
2018-04-02,354.95
2018-04-03,324.00
2018-04-04,335.90
2018-04-05,343.77
2018-04-06,355.01
2018-04-07,349.14
2018-04-08,321.27
2018-04-09,281.80
2018-04-10,275.75
2018-04-11,262.87
2018-04-12,245.03
2018-04-13,235.99
2018-04-14,214.27
2018-04-15,220.35
2018-04-16,184.25
2018-04-17,163.89
2018-04-18,146.26
2018-04-19,146.53
2018-04-20,133.11
2018-04-21,146.44
2018-04-22,145.15
2018-04-23,128.33
2018-04-24,109.64
2018-04-25,92.40
2018-04-26,103.94
2018-04-27,112.00
2018-04-28,100.11
2018-04-29,120.86
2018-04-30,284.44
2018-05-01,249.78
2018-05-02,174.38
2018-05-03,126.72
2018-05-04,95.77
2018-05-05,112.19
2018-05-06,127.59
2018-05-07,85.63
2018-05-08,79.99
2018-05-09,74.82
2018-05-10,103.54
2018-05-11,63.87
2018-05-12,74.93
2018-05-13,73.01
2018-05-14,81.09
2018-05-15,63.58
2018-05-16,91.71
2018-05-17,79.61
2018-05-18,68.41
2018-05-19,79.77
2018-05-20,110.48
2018-05-21,106.17
2018-05-22,87.86
2018-05-23,76.23
2018-05-24,117.24
2018-05-25,140.26
2018-05-26,99.46
2018-05-27,102.64
2018-05-28,111.22
2018-05-29,150.20
2018-05-30,160.90
2018-05-31,105.96
2018-06-01,332.52
2018-06-02,310.88
2018-06-03,204.11
2018-06-04,154.55
2018-06-05,88.25
2018-06-06,104.47
2018-06-07,122.49
2018-06-08,124.66
2018-06-09,109.97
2018-06-10,110.05
2018-06-11,82.28
2018-06-12,217.83
2018-06-13,295.36
2018-06-14,245.15
2018-06-15,182.87
2018-06-16,129.46
2018-06-17,146.87
2018-06-18,104.14
2018-06-19,75.18
2018-06-20,78.13
2018-06-21,67.62
2018-06-22,59.01
2018-06-23,42.03
2018-06-24,62.22
2018-06-25,48.32
2018-06-26,52.88
2018-06-27,43.88
2018-06-28,34.28
2018-06-29,36.49
2018-06-30,36.38
2018-07-01,42.14
2018-07-02,39.63
2018-07-03,37.40
2018-07-04,19.30
2018-07-05,44.49
2018-07-06,35.04
2018-07-07,36.41
2018-07-08,30.91
2018-07-09,25.75
2018-07-10,25.74
2018-07-11,27.82
2018-07-12,17.23
2018-07-13,17.26
2018-07-14,32.93
2018-07-15,12.88
2018-07-16,17.09
2018-07-17,15.48
2018-07-18,14.98
2018-07-19,21.83
2018-07-20,16.14
2018-07-21,16.38
2018-07-22,12.97
2018-07-23,13.81
2018-07-24,13.35
2018-07-25,13.93
2018-07-26,13.64
2018-07-27,24.43
2018-07-28,24.24
2018-07-29,21.62
2018-07-30,13.08
2018-07-31,12.77
2018-08-01,11.33
2018-08-02,12.60
2018-08-03,12.20
2018-08-04,12.25
2018-08-05,10.75
2018-08-06,12.17
2018-08-07,14.02
2018-08-08,12.51
2018-08-09,13.32
2018-08-10,27.45
2018-08-11,12.65
2018-08-12,11.79
2018-08-13,30.15
2018-08-14,43.99
2018-08-15,11.52
2018-08-16,15.57
2018-08-17,41.04
2018-08-18,27.16
2018-08-19,13.72
2018-08-20,13.43
2018-08-21,14.79
2018-08-22,13.91
2018-08-23,12.88
2018-08-24,13.27
2018-08-25,10.65
2018-08-26,11.06
2018-08-27,14.32
2018-08-28,11.61
2018-08-29,11.53
2018-08-30,11.14
2018-08-31,11.53
2018-09-01,12.24
2018-09-02,11.71
2018-09-03,11.21
2018-09-04,10.85
2018-09-05,11.22
2018-09-06,11.23
2018-09-07,21.77
2018-09-08,11.46
2018-09-09,11.46
2018-09-10,11.32
2018-09-11,12.53
2018-09-12,11.55
2018-09-13,11.27
2018-09-14,11.72
2018-09-15,11.55
2018-09-16,11.17
2018-09-17,10.91
2018-09-18,14.63
2018-09-19,15.85
2018-09-20,16.44
2018-09-21,15.16
2018-09-22,16.42
2018-09-23,103.43
2018-09-24,43.33
2018-09-25,48.06
2018-09-26,10.67
2018-09-27,10.13
2018-09-28,10.67
2018-09-29,12.59
2018-09-30,12.52
2018-10-01,10.61
2018-10-02,10.82
2018-10-03,10.10
2018-10-04,10.11
2018-10-05,10.00
2018-10-06,10.00
2018-10-07,10.00
2018-10-08,10.21
2018-10-09,10.06
2018-10-10,10.01
2018-10-11,10.32
2018-10-12,11.13
2018-10-13,10.85
2018-10-14,11.52
2018-10-15,11.60
2018-10-16,11.32
2018-10-17,11.60
2018-10-18,11.27
2018-10-19,11.64
2018-10-20,11.25
2018-10-21,10.51
2018-10-22,10.51
2018-10-23,10.37
2018-10-24,10.62
2018-10-25,10.35
2018-10-26,10.77
2018-10-27,10.46
2018-10-28,11.80
2018-10-29,10.27
2018-10-30,75.51
2018-10-31,75.86
2018-11-01,13.02
2018-11-02,12.29
2018-11-03,34.98
2018-11-04,20.29
2018-11-05,15.20
2018-11-06,13.26
2018-11-07,14.94
2018-11-08,11.96
2018-11-09,10.89
2018-11-10,10.87
2018-11-11,10.18
2018-11-12,78.07
2018-11-13,75.02
2018-11-14,48.12
2018-11-15,23.27
2018-11-16,17.57
2018-11-17,14.35
2018-11-18,11.95
2018-11-19,20.47
2018-11-20,12.20
2018-11-21,12.04
2018-11-22,15.98
2018-11-23,12.80
2018-11-24,12.07
2018-11-25,10.70
2018-11-26,14.80
2018-11-27,12.36
2018-11-28,14.70
2018-11-29,10.79
2018-11-30,17.09
2018-12-01,16.35
2018-12-02,62.46
2018-12-03,208.42
2018-12-04,379.23
2018-12-05,317.89
2018-12-06,206.01
2018-12-07,158.20
2018-12-08,250.58
2018-12-09,343.95
2018-12-10,569.02
2018-12-11,486.38
2018-12-12,350.62
2018-12-13,226.10
2018-12-14,219.26
2018-12-15,178.45
2018-12-16,166.90
2018-12-17,160.86
2018-12-18,140.00
2018-12-19,153.33
2018-12-20,138.13
2018-12-21,210.04
2018-12-22,412.16
2018-12-23,479.08
2018-12-24,717.33
2018-12-25,806.05
2018-12-26,646.79
2018-12-27,512.27
2018-12-28,391.43
2018-12-29,344.36
2018-12-30,323.73
2018-12-31,285.66
2019-01-01,276.84
2019-01-02,229.88
2019-01-03,202.17
2019-01-04,192.85
2019-01-05,166.66
2019-01-06,193.27
2019-01-07,190.98
2019-01-08,194.55
2019-01-09,208.92
2019-01-10,220.85
2019-01-11,210.24
2019-01-12,218.75
2019-01-13,299.59
2019-01-14,510.37
2019-01-15,497.30
2019-01-16,420.15
2019-01-17,371.02
2019-01-18,393.89
2019-01-19,345.23
2019-01-20,335.95
2019-01-21,265.85
2019-01-22,243.65
2019-01-23,213.20
2019-01-24,197.52
2019-01-25,187.75
2019-01-26,179.52
2019-01-27,298.48
2019-01-28,492.83
2019-01-29,562.45
2019-01-30,459.40
2019-01-31,429.02
2019-02-01,385.41
2019-02-02,469.38
2019-02-03,639.21
2019-02-04,533.87
2019-02-05,448.41
2019-02-06,397.33
2019-02-07,409.14
2019-02-08,471.67
2019-02-09,495.97
2019-02-10,695.17
2019-02-11,1191.43
2019-02-12,1063.90
2019-02-13,862.98
2019-02-14,650.44
2019-02-15,549.22
2019-02-16,457.61
2019-02-17,399.49
2019-02-18,355.95
2019-02-19,315.32
2019-02-20,270.35
2019-02-21,270.66
2019-02-22,231.63
2019-02-23,227.15
2019-02-24,224.54
2019-02-25,193.73
2019-02-26,166.90
2019-02-27,160.54
2019-02-28,149.86
2019-03-01,180.20
2019-03-02,199.38
2019-03-03,239.54
2019-03-04,197.15
2019-03-05,240.24
2019-03-06,271.55
2019-03-07,342.11
2019-03-08,475.30
2019-03-09,470.25
2019-03-10,474.23
2019-03-11,529.17
2019-03-12,471.88
2019-03-13,455.47
2019-03-14,515.31
2019-03-15,992.35
2019-03-16,1540.34
2019-03-17,1438.12
2019-03-18,1119.11
2019-03-19,885.66
2019-03-20,762.53
2019-03-21,624.26
2019-03-22,548.23
2019-03-23,502.17
2019-03-24,472.90
2019-03-25,393.22
2019-03-26,345.82
2019-03-27,293.29
2019-03-28,273.28
2019-03-29,246.76
2019-03-30,248.57
2019-03-31,228.97
2019-04-01,217.92
2019-04-02,197.31
2019-04-03,205.27
2019-04-04,207.00
2019-04-05,199.60
2019-04-06,179.11
2019-04-07,195.24
2019-04-08,185.78
2019-04-09,180.74
2019-04-10,214.30
2019-04-11,219.87
2019-04-12,182.32
2019-04-13,167.42
2019-04-14,176.92
2019-04-15,160.23
2019-04-16,121.99
2019-04-17,138.21
2019-04-18,131.50
2019-04-19,125.61
2019-04-20,116.73
2019-04-21,133.23
2019-04-22,120.08
2019-04-23,95.63
2019-04-24,90.03
2019-04-25,86.77
2019-04-26,103.31
2019-04-27,92.31
2019-04-28,148.38
2019-04-29,100.77
2019-04-30,91.18
2019-05-01,93.95
2019-05-02,93.18
2019-05-03,78.51
2019-05-04,128.95
2019-05-05,122.71
2019-05-06,107.56
2019-05-07,91.13
2019-05-08,80.24
2019-05-09,110.23
2019-05-10,135.29
2019-05-11,178.31
2019-05-12,219.86
2019-05-13,262.37
2019-05-14,241.95
2019-05-15,213.80
2019-05-16,170.52
2019-05-17,144.16
2019-05-18,148.54
2019-05-19,162.71
2019-05-20,152.62
2019-05-21,126.60
2019-05-22,97.74
2019-05-23,103.30
2019-05-24,90.79
2019-05-25,91.16
2019-05-26,107.46
2019-05-27,88.56
2019-05-28,88.62
2019-05-29,73.68
2019-05-30,80.00
2019-05-31,77.43
2019-06-01,60.33
2019-06-02,66.79
2019-06-03,82.72
2019-06-04,34.24
2019-06-05,54.63
2019-06-06,136.53
2019-06-07,66.96
2019-06-08,71.23
2019-06-09,81.24
2019-06-10,75.62
2019-06-11,77.36
2019-06-12,61.77
2019-06-13,69.56
2019-06-14,56.56
2019-06-15,110.64
2019-06-16,122.46
2019-06-17,68.99
2019-06-18,67.28
2019-06-19,70.81
2019-06-20,102.02
2019-06-21,71.33
2019-06-22,46.97
2019-06-23,55.18
2019-06-24,49.46
2019-06-25,23.43
2019-06-26,20.46
2019-06-27,20.17
2019-06-28,21.16
2019-06-29,17.86
2019-06-30,20.38
2019-07-01,18.80
2019-07-02,13.32
2019-07-03,12.18
2019-07-04,11.93
2019-07-05,13.92
2019-07-06,14.19
2019-07-07,15.66
2019-07-08,15.38
2019-07-09,12.86
2019-07-10,13.01
2019-07-11,12.34
2019-07-12,13.91
2019-07-13,14.39
2019-07-14,33.91
2019-07-15,26.41
2019-07-16,16.48
2019-07-17,15.63
2019-07-18,14.17
2019-07-19,13.13
2019-07-20,12.09
2019-07-21,13.72
2019-07-22,17.27
2019-07-23,13.53
2019-07-24,13.22
2019-07-25,13.80
2019-07-26,15.73
2019-07-27,43.31
2019-07-28,96.40
2019-07-29,47.54
2019-07-30,44.72
2019-07-31,46.32
2019-08-01,19.17
2019-08-02,10.83
2019-08-03,12.13
2019-08-04,15.24
2019-08-05,21.60
2019-08-06,14.38
2019-08-07,11.83
2019-08-08,11.28
2019-08-09,12.41
2019-08-10,46.37
2019-08-11,13.43
2019-08-12,11.99
2019-08-13,13.69
2019-08-14,16.70
2019-08-15,24.11
2019-08-16,52.62
2019-08-17,46.12
2019-08-18,125.75
2019-08-19,43.26
2019-08-20,63.88
2019-08-21,63.34
2019-08-22,28.85
2019-08-23,13.77
2019-08-24,12.54
2019-08-25,24.94
2019-08-26,16.71
2019-08-27,12.11
2019-08-28,11.74
2019-08-29,11.00
2019-08-30,11.18
2019-08-31,10.72
2019-09-01,10.59
2019-09-02,10.77
2019-09-03,10.95
2019-09-04,10.40
2019-09-05,10.57
2019-09-06,10.53
2019-09-07,10.61
2019-09-08,10.53
2019-09-09,11.07
2019-09-10,11.68
2019-09-11,11.81
2019-09-12,12.56
2019-09-13,14.97
2019-09-14,12.56
2019-09-15,11.66
2019-09-16,12.65
2019-09-17,11.48
2019-09-18,11.65
2019-09-19,12.07
2019-09-20,11.64
2019-09-21,11.32
2019-09-22,10.57
2019-09-23,12.42
2019-09-24,18.79
2019-09-25,16.54
2019-09-26,12.34
2019-09-27,12.76
2019-09-28,13.18
2019-09-29,36.78
2019-09-30,37.12
2019-10-01,17.52
2019-10-02,81.10
2019-10-03,48.73
2019-10-04,26.59
2019-10-05,41.84
2019-10-06,51.31
2019-10-07,74.17
2019-10-08,55.58
2019-10-09,90.62
2019-10-10,68.60
2019-10-11,87.67
2019-10-12,81.83
2019-10-13,71.82
2019-10-14,47.25
2019-10-15,36.93
2019-10-16,22.51
2019-10-17,117.92
2019-10-18,129.05
2019-10-19,112.93
2019-10-20,171.63
2019-10-21,175.80
2019-10-22,192.45
2019-10-23,160.68
2019-10-24,120.08
2019-10-25,95.46
2019-10-26,84.70
2019-10-27,129.49
2019-10-28,93.41
2019-10-29,75.16
2019-10-30,59.48
2019-10-31,56.34
2019-11-01,65.85
2019-11-02,94.36
2019-11-03,150.91
2019-11-04,220.42
2019-11-05,298.00
2019-11-06,297.29
2019-11-07,256.51
2019-11-08,273.99
2019-11-09,258.65
2019-11-10,236.85
2019-11-11,227.42
2019-11-12,194.19
2019-11-13,199.73
2019-11-14,215.40
2019-11-15,193.77
2019-11-16,167.13
2019-11-17,182.10
2019-11-18,170.28
2019-11-19,335.63
2019-11-20,305.50
2019-11-21,285.83
2019-11-22,241.64
2019-11-23,219.32
2019-11-24,243.17
2019-11-25,171.15
2019-11-26,153.58
2019-11-27,167.93
2019-11-28,274.63
2019-11-29,362.68
2019-11-30,385.98
2019-12-01,325.70
2019-12-02,302.55
2019-12-03,271.71
2019-12-04,258.32
2019-12-05,261.51
2019-12-06,226.22
2019-12-07,264.21
2019-12-08,293.92
2019-12-09,382.33
2019-12-10,456.84
2019-12-11,473.13
2019-12-12,560.77
2019-12-13,603.79
2019-12-14,953.81
2019-12-15,1015.32
2019-12-16,891.48
2019-12-17,766.86
2019-12-18,809.30
2019-12-19,755.46
2019-12-20,675.03
2019-12-21,715.11
2019-12-22,701.60
2019-12-23,863.11
2019-12-24,829.92
2019-12-25,864.85
2019-12-26,864.66
2019-12-27,787.20
2019-12-28,832.75
2019-12-29,735.20
2019-12-30,620.80
2019-12-31,556.29
2020-01-01,525.94
2020-01-02,440.24
2020-01-03,415.17
2020-01-04,435.44
2020-01-05,409.03
2020-01-06,331.84
2020-01-07,299.64
2020-01-08,288.71
2020-01-09,298.72
2020-01-10,424.26
2020-01-11,552.30
2020-01-12,491.98
2020-01-13,425.26
2020-01-14,418.29
2020-01-15,413.03
2020-01-16,381.78
2020-01-17,358.68
2020-01-18,349.77
2020-01-19,333.78
2020-01-20,309.25
2020-01-21,260.64
2020-01-22,242.07
2020-01-23,233.55
2020-01-24,215.16
2020-01-25,219.00
2020-01-26,223.42
2020-01-27,193.77
2020-01-28,393.31
2020-01-29,488.06
2020-01-30,476.71
2020-01-31,479.42
2020-02-01,607.11
2020-02-02,965.05
2020-02-03,1097.23
2020-02-04,1448.65
2020-02-05,1616.40
2020-02-06,1326.81
2020-02-07,1106.97
2020-02-08,949.62
2020-02-09,780.26
2020-02-10,943.97
2020-02-11,1101.19
2020-02-12,989.21
2020-02-13,948.78
2020-02-14,1004.25
2020-02-15,932.54
2020-02-16,845.81
2020-02-17,911.10
2020-02-18,859.52
2020-02-19,770.99
2020-02-20,741.79
2020-02-21,733.28
2020-02-22,657.95
2020-02-23,632.81
2020-02-24,683.88
2020-02-25,686.53
2020-02-26,816.14
2020-02-27,805.67
2020-02-28,878.51
2020-02-29,947.66
2020-03-01,1073.07
2020-03-02,1176.93
2020-03-03,1246.59
2020-03-04,1141.57
2020-03-05,1004.92
2020-03-06,1229.36
2020-03-07,1423.47
2020-03-08,1260.78
2020-03-09,1156.97
2020-03-10,1154.33
2020-03-11,1432.77
2020-03-12,1413.32
2020-03-13,1198.60
2020-03-14,1119.02
2020-03-15,1010.41
2020-03-16,851.23
2020-03-17,718.65
2020-03-18,627.48
2020-03-19,566.15
2020-03-20,538.34
2020-03-21,494.16
2020-03-22,495.08
2020-03-23,410.05
2020-03-24,357.08
2020-03-25,321.36
2020-03-26,290.91
2020-03-27,275.08
2020-03-28,283.67
2020-03-29,262.16
2020-03-30,245.56
2020-03-31,217.29
2020-04-01,208.86
2020-04-02,212.34
2020-04-03,192.81
2020-04-04,198.87
2020-04-05,176.42
2020-04-06,189.28
2020-04-07,145.46
2020-04-08,144.14
2020-04-09,140.05
2020-04-10,136.73
2020-04-11,139.09
2020-04-12,153.59
2020-04-13,128.87
2020-04-14,121.25
2020-04-15,125.63
2020-04-16,104.44
2020-04-17,102.97
2020-04-18,108.67
2020-04-19,130.04
2020-04-20,108.82
2020-04-21,85.27
2020-04-22,84.95
2020-04-23,68.85
2020-04-24,88.01
2020-04-25,82.93
2020-04-26,103.81
2020-04-27,76.70
2020-04-28,77.55
2020-04-29,75.75
2020-04-30,95.15
2020-05-01,125.76
2020-05-02,127.83
2020-05-03,123.36
2020-05-04,106.32
2020-05-05,79.51
2020-05-06,75.50
2020-05-07,59.04
2020-05-08,72.80
2020-05-09,67.24
2020-05-10,99.33
2020-05-11,66.78
2020-05-12,52.19
2020-05-13,58.99
2020-05-14,55.11
2020-05-15,51.13
2020-05-16,61.28
2020-05-17,67.40
2020-05-18,72.97
2020-05-19,41.44
2020-05-20,46.26
2020-05-21,45.08
2020-05-22,50.72
2020-05-23,42.26
2020-05-24,55.72
2020-05-25,55.18
2020-05-26,28.60
2020-05-27,30.65
2020-05-28,31.35
2020-05-29,37.12
2020-05-30,35.38
2020-05-31,40.23
2020-06-01,40.65
2020-06-02,42.23
2020-06-03,22.17
2020-06-04,17.40
2020-06-05,43.94
2020-06-06,66.31
2020-06-07,63.88
2020-06-08,34.43
2020-06-09,47.35
2020-06-10,35.21
2020-06-11,24.67
2020-06-12,35.13
2020-06-13,61.22
2020-06-14,70.03
2020-06-15,52.92
2020-06-16,43.63
2020-06-17,64.31
2020-06-18,119.61
2020-06-19,96.61
2020-06-20,68.34
2020-06-21,79.65
2020-06-22,74.07
2020-06-23,24.15
2020-06-24,36.25
2020-06-25,46.57
2020-06-26,32.11
2020-06-27,27.87
2020-06-28,43.78
2020-06-29,40.61
2020-06-30,23.61
2020-07-01,15.89
2020-07-02,50.39
2020-07-03,20.08
2020-07-04,35.13
2020-07-05,41.03
2020-07-06,30.08
2020-07-07,15.95
2020-07-08,13.14
2020-07-09,19.08
2020-07-10,23.67
2020-07-11,30.09
2020-07-12,35.12
2020-07-13,24.24
2020-07-14,15.91
2020-07-15,12.42
2020-07-16,11.99
2020-07-17,16.44
2020-07-18,27.85
2020-07-19,20.94
2020-07-20,18.33
2020-07-21,12.97
2020-07-22,12.72
2020-07-23,13.11
2020-07-24,13.97
2020-07-25,15.66
2020-07-26,30.93
2020-07-27,38.39
2020-07-28,32.78
2020-07-29,17.32
2020-07-30,18.15
2020-07-31,13.51
2020-08-01,12.74
2020-08-02,11.48
2020-08-03,14.07
2020-08-04,11.82
2020-08-05,14.55
2020-08-06,15.43
2020-08-07,12.18
2020-08-08,16.74
2020-08-09,18.27
2020-08-10,16.61
2020-08-11,14.59
2020-08-12,18.98
2020-08-13,20.62
2020-08-14,20.61
2020-08-15,23.42
2020-08-16,25.52
2020-08-17,18.27
2020-08-18,16.92
2020-08-19,16.44
2020-08-20,19.31
2020-08-21,17.94
2020-08-22,20.52
2020-08-23,10.44
2020-08-24,10.30
2020-08-25,10.53
2020-08-26,10.64
2020-08-27,12.74
2020-08-28,13.65
2020-08-29,10.21
2020-08-30,12.63
2020-08-31,45.75
2020-09-01,15.06
2020-09-02,16.46
2020-09-03,13.52
2020-09-04,13.76
2020-09-05,18.18
2020-09-06,14.33
2020-09-07,17.96
2020-09-08,15.85
2020-09-09,17.67
2020-09-10,15.96
2020-09-11,13.38
2020-09-12,14.83
2020-09-13,15.55
2020-09-14,13.24
2020-09-15,13.65
2020-09-16,11.27
2020-09-17,13.60
2020-09-18,12.09
2020-09-19,15.01
2020-09-20,14.22
2020-09-21,13.38
2020-09-22,13.55
2020-09-23,10.75
2020-09-24,11.17
2020-09-25,11.47
2020-09-26,62.01
2020-09-27,218.43
2020-09-28,68.68
2020-09-29,95.42
2020-09-30,50.93
2020-10-01,37.69
2020-10-02,53.91
2020-10-03,55.46
2020-10-04,54.42
2020-10-05,65.51
2020-10-06,72.89
2020-10-07,106.23
2020-10-08,87.04
2020-10-09,122.98
2020-10-10,162.50
2020-10-11,125.44
2020-10-12,92.30
2020-10-13,66.51
2020-10-14,56.99
2020-10-15,48.69
2020-10-16,39.76
2020-10-17,42.61
2020-10-18,48.90
2020-10-19,36.74
2020-10-20,22.03
2020-10-21,25.12
2020-10-22,33.98
2020-10-23,67.95
2020-10-24,53.10
2020-10-25,71.85
2020-10-26,102.32
2020-10-27,73.27
2020-10-28,81.14
2020-10-29,140.60
2020-10-30,113.17
2020-10-31,142.65
2020-11-01,133.97
2020-11-02,131.15
2020-11-03,155.07
2020-11-04,134.59
2020-11-05,121.53
2020-11-06,92.31
2020-11-07,80.56
2020-11-08,85.73
2020-11-09,73.40
2020-11-10,58.98
2020-11-11,59.94
2020-11-12,57.78
2020-11-13,43.00
2020-11-14,48.56
2020-11-15,60.04
2020-11-16,92.89
2020-11-17,76.82
2020-11-18,56.57
2020-11-19,69.63
2020-11-20,58.08
2020-11-21,63.08
2020-11-22,76.25
2020-11-23,63.11
2020-11-24,52.99
2020-11-25,55.90
2020-11-26,26.17
2020-11-27,49.15
2020-11-28,49.43
2020-11-29,44.32
2020-11-30,49.15
2020-12-01,93.64
2020-12-02,159.27
2020-12-03,113.88
2020-12-04,219.36
2020-12-05,246.32
2020-12-06,209.75
2020-12-07,167.75
2020-12-08,133.15
2020-12-09,114.76
2020-12-10,109.32
2020-12-11,93.95
2020-12-12,141.97
2020-12-13,156.39
2020-12-14,164.10
2020-12-15,174.49
2020-12-16,259.94
2020-12-17,259.33
2020-12-18,229.60
2020-12-19,212.21
2020-12-20,201.88
2020-12-21,184.58
2020-12-22,227.83
2020-12-23,677.05
2020-12-24,1226.78
2020-12-25,1173.22
2020-12-26,897.99
2020-12-27,722.48
2020-12-28,952.32
2020-12-29,994.36
2020-12-30,834.91
2020-12-31,726.89
2021-01-01,732.52
2021-01-02,627.08
2021-01-03,568.40
2021-01-04,459.94
2021-01-05,401.14
2021-01-06,355.31
2021-01-07,334.30
2021-01-08,307.97
2021-01-09,270.10
2021-01-10,257.46
2021-01-11,221.01
2021-01-12,308.45
2021-01-13,534.14
2021-01-14,533.61
2021-01-15,623.18
2021-01-16,541.04
2021-01-17,500.44
2021-01-18,541.02
2021-01-19,546.61
2021-01-20,711.48
2021-01-21,694.03
2021-01-22,906.76
2021-01-23,997.31
2021-01-24,1008.49
2021-01-25,897.26
2021-01-26,759.06
2021-01-27,649.49
2021-01-28,771.71
2021-01-29,1445.17
2021-01-30,1729.84
2021-01-31,1657.82
2021-02-01,1367.51
2021-02-02,1181.47
2021-02-03,1127.27
2021-02-04,1337.78
2021-02-05,1185.42
2021-02-06,1083.30
2021-02-07,1207.97
2021-02-08,1176.56
2021-02-09,1062.30
2021-02-10,943.23
2021-02-11,842.23
2021-02-12,756.39
2021-02-13,670.63
2021-02-14,560.42
2021-02-15,515.36
2021-02-16,483.34
2021-02-17,482.47
2021-02-18,424.32
2021-02-19,429.26
2021-02-20,416.74
2021-02-21,389.19
2021-02-22,341.47
2021-02-23,295.91
2021-02-24,270.68
2021-02-25,264.54
2021-02-26,258.20
2021-02-27,236.74
2021-02-28,232.53
2021-03-01,205.26
2021-03-02,193.02
2021-03-03,186.70
2021-03-04,206.67
2021-03-05,201.35
2021-03-06,179.69
2021-03-07,191.71
2021-03-08,175.37
2021-03-09,148.65
2021-03-10,163.25
2021-03-11,162.06
2021-03-12,167.83
2021-03-13,259.88
2021-03-14,314.85
2021-03-15,357.39
2021-03-16,358.37
2021-03-17,419.36
2021-03-18,428.40
2021-03-19,410.18
2021-03-20,376.12
2021-03-21,359.80
2021-03-22,342.80
2021-03-23,304.94
2021-03-24,283.43
2021-03-25,241.44
2021-03-26,242.88
2021-03-27,235.57
2021-03-28,220.89
2021-03-29,185.41
2021-03-30,185.92
2021-03-31,163.04
2021-04-01,157.76
2021-04-02,142.54
2021-04-03,141.52
2021-04-04,161.83
2021-04-05,146.79
2021-04-06,143.80
2021-04-07,102.36
2021-04-08,112.60
2021-04-09,124.53
2021-04-10,191.30
2021-04-11,289.58
2021-04-12,310.93
2021-04-13,290.49
2021-04-14,211.83
2021-04-15,188.80
2021-04-16,185.16
2021-04-17,173.08
2021-04-18,165.38
2021-04-19,142.41
2021-04-20,123.61
2021-04-21,117.93
2021-04-22,117.79
2021-04-23,108.17
2021-04-24,103.11
2021-04-25,102.55
2021-04-26,98.36
2021-04-27,89.87
2021-04-28,96.65
2021-04-29,75.95
2021-04-30,79.55
2021-05-01,79.48
2021-05-02,94.73
2021-05-03,64.95
2021-05-04,81.06
2021-05-05,77.86
2021-05-06,69.60
2021-05-07,85.79
2021-05-08,68.38
2021-05-09,83.71
2021-05-10,72.35
2021-05-11,87.02
2021-05-12,78.76
2021-05-13,79.13
2021-05-14,89.86
2021-05-15,76.93
2021-05-16,107.76
2021-05-17,139.05
2021-05-18,140.81
2021-05-19,147.35
2021-05-20,161.57
2021-05-21,149.15
2021-05-22,160.08
2021-05-23,137.80
2021-05-24,144.01
2021-05-25,173.29
2021-05-26,215.09
2021-05-27,231.97
2021-05-28,241.00
2021-05-29,194.45
2021-05-30,164.60
2021-05-31,143.82
2021-06-01,104.44
2021-06-02,111.98
2021-06-03,135.49
2021-06-04,109.00
2021-06-05,223.28
2021-06-06,176.92
2021-06-07,144.13
2021-06-08,98.78
2021-06-09,91.47
2021-06-10,79.39
2021-06-11,60.81
2021-06-12,71.99
2021-06-13,78.51
2021-06-14,77.91
2021-06-15,67.48
2021-06-16,89.84
2021-06-17,57.85
2021-06-18,94.86
2021-06-19,70.75
2021-06-20,165.14
2021-06-21,216.84
2021-06-22,202.55
2021-06-23,227.69
2021-06-24,181.39
2021-06-25,141.07
2021-06-26,128.34
2021-06-27,160.72
2021-06-28,122.25
2021-06-29,187.21
2021-06-30,351.33
2021-07-01,368.35
2021-07-02,261.20
2021-07-03,177.61
2021-07-04,224.32
2021-07-05,242.36
2021-07-06,195.15
2021-07-07,162.03
2021-07-08,136.08
2021-07-09,119.07
2021-07-10,108.21
2021-07-11,158.20
2021-07-12,104.87
2021-07-13,107.01
2021-07-14,1097.98
2021-07-15,2672.90
2021-07-16,3017.38
2021-07-17,1764.82
2021-07-18,1144.18
2021-07-19,853.56
2021-07-20,681.24
2021-07-21,476.32
2021-07-22,388.84
2021-07-23,351.34
2021-07-24,348.09
2021-07-25,474.83
2021-07-26,368.52
2021-07-27,364.94
2021-07-28,295.62
2021-07-29,251.70
2021-07-30,223.00
2021-07-31,189.12
2021-08-01,201.08
2021-08-02,176.56
2021-08-03,250.78
2021-08-04,230.31
2021-08-05,190.27
2021-08-06,185.27
2021-08-07,215.97
2021-08-08,238.26
2021-08-09,188.11
2021-08-10,205.60
2021-08-11,175.91
2021-08-12,142.74
2021-08-13,132.05
2021-08-14,126.89
2021-08-15,127.24
2021-08-16,110.56
2021-08-17,116.14
2021-08-18,117.08
2021-08-19,99.44
2021-08-20,101.94
2021-08-21,107.99
2021-08-22,135.42
2021-08-23,170.06
2021-08-24,127.64
2021-08-25,100.98
2021-08-26,84.52
2021-08-27,83.62
2021-08-28,95.66
2021-08-29,122.34
2021-08-30,150.06
2021-08-31,108.33
2021-09-01,98.07
2021-09-02,84.71
2021-09-03,67.29
2021-09-04,75.49
2021-09-05,78.47
2021-09-06,78.96
2021-09-07,41.85
2021-09-08,45.21
2021-09-09,50.70
2021-09-10,88.30
2021-09-11,91.17
2021-09-12,88.26
2021-09-13,59.80
2021-09-14,55.68
2021-09-15,84.83
2021-09-16,98.08
2021-09-17,85.37
2021-09-18,70.45
2021-09-19,82.65
2021-09-20,82.03
2021-09-21,37.91
2021-09-22,52.60
2021-09-23,48.70
2021-09-24,41.27
2021-09-25,51.53
2021-09-26,58.71
2021-09-27,45.26
2021-09-28,47.01
2021-09-29,62.99
2021-09-30,55.54
2021-10-01,50.09
2021-10-02,52.79
2021-10-03,163.66
2021-10-04,212.43
2021-10-05,132.92
2021-10-06,165.35
2021-10-07,146.24
2021-10-08,130.00
2021-10-09,126.99
2021-10-10,98.90
2021-10-11,92.03
2021-10-12,88.20
2021-10-13,86.00
2021-10-14,78.80
2021-10-15,79.91
2021-10-16,75.44
2021-10-17,80.67
2021-10-18,62.12
2021-10-19,65.76
2021-10-20,57.82
2021-10-21,87.98
2021-10-22,118.57
2021-10-23,99.90
2021-10-24,101.34
2021-10-25,83.76
2021-10-26,82.69
2021-10-27,62.50
2021-10-28,66.07
2021-10-29,62.15
2021-10-30,92.71
2021-10-31,177.89
2021-11-01,254.99
2021-11-02,249.90
2021-11-03,196.21
2021-11-04,346.13
2021-11-05,339.73
2021-11-06,285.38
2021-11-07,249.20
2021-11-08,218.06
2021-11-09,187.70
2021-11-10,168.75
2021-11-11,155.07
2021-11-12,123.90
2021-11-13,147.16
2021-11-14,172.67
2021-11-15,149.36
2021-11-16,133.04
2021-11-17,122.29
2021-11-18,106.78
2021-11-19,114.10
2021-11-20,105.29
2021-11-21,122.09
2021-11-22,112.35
2021-11-23,99.15
2021-11-24,90.51
2021-11-25,83.76
2021-11-26,90.56
2021-11-27,142.85
2021-11-28,170.39
2021-11-29,169.01
2021-11-30,160.14
2021-12-01,290.84
2021-12-02,520.19
2021-12-03,469.58
2021-12-04,420.67
2021-12-05,491.39
2021-12-06,454.55
2021-12-07,441.37
2021-12-08,432.27
2021-12-09,405.67
2021-12-10,394.97
2021-12-11,618.29
2021-12-12,606.47
2021-12-13,533.74
2021-12-14,450.86
2021-12-15,412.14
2021-12-16,366.67
2021-12-17,320.06
2021-12-18,291.68
2021-12-19,283.84
2021-12-20,248.88
2021-12-21,213.88
2021-12-22,210.97
2021-12-23,198.11
2021-12-24,196.17
2021-12-25,239.90
2021-12-26,234.33
2021-12-27,218.02
2021-12-28,271.77
2021-12-29,404.56
2021-12-30,444.77
2021-12-31,455.05
2022-01-01,436.20
2022-01-02,396.18
2022-01-03,404.66
2022-01-04,706.34
2022-01-05,1099.09
2022-01-06,974.27
2022-01-07,846.44
2022-01-08,842.70
2022-01-09,1181.33
2022-01-10,1313.62
2022-01-11,1063.51
2022-01-12,870.64
2022-01-13,726.52
2022-01-14,639.03
2022-01-15,554.67
2022-01-16,491.52
2022-01-17,467.85
2022-01-18,441.55
2022-01-19,353.30
2022-01-20,347.09
2022-01-21,302.14
2022-01-22,297.54
2022-01-23,290.26
2022-01-24,250.86
2022-01-25,229.47
2022-01-26,214.87
2022-01-27,206.20
2022-01-28,204.59
2022-01-29,194.06
2022-01-30,225.38
2022-01-31,220.17
2022-02-01,230.95
2022-02-02,246.74
2022-02-03,246.04
2022-02-04,236.72
2022-02-05,238.83
2022-02-06,307.63
2022-02-07,639.78
2022-02-08,630.76
2022-02-09,583.60
2022-02-10,519.80
2022-02-11,553.25
2022-02-12,507.51
2022-02-13,466.47
2022-02-14,400.92
2022-02-15,357.91
2022-02-16,418.26
2022-02-17,590.21
2022-02-18,642.02
2022-02-19,589.73
2022-02-20,545.54
2022-02-21,570.33
2022-02-22,696.87
2022-02-23,673.11
2022-02-24,642.33
2022-02-25,589.99
2022-02-26,517.75
2022-02-27,455.89
2022-02-28,396.27
2022-03-01,362.41
2022-03-02,313.19
2022-03-03,290.45
2022-03-04,277.48
2022-03-05,250.04
2022-03-06,248.82
2022-03-07,222.35
2022-03-08,192.44
2022-03-09,173.15
2022-03-10,174.95
2022-03-11,159.14
2022-03-12,175.14
2022-03-13,151.11
2022-03-14,154.02
2022-03-15,134.61
2022-03-16,177.44
2022-03-17,171.03
2022-03-18,150.85
2022-03-19,130.53
2022-03-20,138.73
2022-03-21,130.10
2022-03-22,131.48
2022-03-23,120.65
2022-03-24,114.06
2022-03-25,110.84
2022-03-26,119.58
2022-03-27,124.33
2022-03-28,106.46
2022-03-29,95.63
2022-03-30,102.38
2022-03-31,102.45
2022-04-01,95.14
2022-04-02,102.73
2022-04-03,104.79
2022-04-04,92.79
2022-04-05,125.86
2022-04-06,122.40
2022-04-07,152.08
2022-04-08,205.71
2022-04-09,265.28
2022-04-10,291.05
2022-04-11,276.44
2022-04-12,254.44
2022-04-13,221.11
2022-04-14,221.29
2022-04-15,188.54
2022-04-16,178.21
2022-04-17,171.63
2022-04-18,158.41
2022-04-19,138.15
2022-04-20,123.43
2022-04-21,111.96
2022-04-22,118.72
2022-04-23,117.90
2022-04-24,113.55
2022-04-25,101.29
2022-04-26,93.73
2022-04-27,83.29
2022-04-28,92.75
2022-04-29,82.27
2022-04-30,95.98
2022-05-01,95.02
2022-05-02,65.56
2022-05-03,80.53
2022-05-04,58.06
2022-05-05,61.36
2022-05-06,71.15
2022-05-07,61.27
2022-05-08,74.58
2022-05-09,76.86
2022-05-10,56.90
2022-05-11,49.61
2022-05-12,47.10
2022-05-13,49.73
2022-05-14,60.98
2022-05-15,53.14
2022-05-16,59.58
2022-05-17,39.36
2022-05-18,31.41
2022-05-19,51.43
2022-05-20,38.34
2022-05-21,64.80
2022-05-22,54.46
2022-05-23,41.55
2022-05-24,85.97
2022-05-25,46.13
2022-05-26,50.60
2022-05-27,44.67
2022-05-28,49.24
2022-05-29,45.80
2022-05-30,42.00
2022-05-31,47.07
2022-06-01,30.59
2022-06-02,28.00
2022-06-03,32.00
2022-06-04,39.42
2022-06-05,112.50
2022-06-06,48.12
2022-06-07,81.33
2022-06-08,93.70
2022-06-09,76.32
2022-06-10,61.43
2022-06-11,57.30
2022-06-12,48.95
2022-06-13,45.13
2022-06-14,19.40
2022-06-15,26.33
2022-06-16,27.66
2022-06-17,26.66
2022-06-18,23.22
2022-06-19,40.13
2022-06-20,38.63
2022-06-21,28.93
2022-06-22,36.44
2022-06-23,26.04
2022-06-24,89.81
2022-06-25,65.03
2022-06-26,59.55
2022-06-27,49.41
2022-06-28,46.26
2022-06-29,26.88
2022-06-30,37.61
2022-07-01,54.18
2022-07-02,28.72
2022-07-03,34.11
2022-07-04,36.65
2022-07-05,16.15
2022-07-06,15.19
2022-07-07,18.85
2022-07-08,18.32
2022-07-09,35.31
2022-07-10,25.09
2022-07-11,29.06
2022-07-12,13.60
2022-07-13,18.38
2022-07-14,34.33
2022-07-15,14.36
2022-07-16,12.31
2022-07-17,14.52
2022-07-18,19.40
2022-07-19,48.31
2022-07-20,12.82
2022-07-21,13.54
2022-07-22,12.13
2022-07-23,12.80
2022-07-24,20.89
2022-07-25,11.10
2022-07-26,12.82
2022-07-27,11.62
2022-07-28,10.66
2022-07-29,11.62
2022-07-30,10.92
2022-07-31,17.51
2022-08-01,11.37
2022-08-02,10.09
2022-08-03,14.31
2022-08-04,10.54
2022-08-05,10.00
2022-08-06,10.90
2022-08-07,10.46
2022-08-08,14.24
2022-08-09,14.29
2022-08-10,13.06
2022-08-11,14.93
2022-08-12,11.25
2022-08-13,10.94
2022-08-14,18.84
2022-08-15,10.00
2022-08-16,13.09
2022-08-17,10.48
2022-08-18,29.04
2022-08-19,10.94
2022-08-20,16.48
2022-08-21,11.41
2022-08-22,19.36
2022-08-23,13.75
2022-08-24,17.21
2022-08-25,11.93
2022-08-26,10.77
2022-08-27,10.00
2022-08-28,12.68
2022-08-29,11.86
2022-08-30,12.25
2022-08-31,12.92
2022-09-01,13.13
2022-09-02,11.48
2022-09-03,10.99
2022-09-04,19.77
2022-09-05,12.89
2022-09-06,14.14
2022-09-07,39.02
2022-09-08,12.62
2022-09-09,11.19
2022-09-10,38.59
2022-09-11,31.93
2022-09-12,18.32
2022-09-13,11.02
2022-09-14,85.71
2022-09-15,58.30
2022-09-16,39.85
2022-09-17,41.75
2022-09-18,40.05
2022-09-19,37.81
2022-09-20,12.76
2022-09-21,13.91
2022-09-22,10.00
2022-09-23,11.15
2022-09-24,12.37
2022-09-25,164.41
2022-09-26,60.61
2022-09-27,21.67
2022-09-28,32.74
2022-09-29,25.23
2022-09-30,28.66
2022-10-01,30.05
2022-10-02,54.94
2022-10-03,81.39
2022-10-04,48.67
2022-10-05,49.27
2022-10-06,18.31
2022-10-07,15.30
2022-10-08,11.11
2022-10-09,10.00
2022-10-10,33.14
2022-10-11,18.73
2022-10-12,10.80
2022-10-13,10.16
2022-10-14,10.32
2022-10-15,10.00
2022-10-16,10.00
2022-10-17,28.34
2022-10-18,30.21
2022-10-19,16.27
2022-10-20,16.84
2022-10-21,37.01
2022-10-22,39.02
2022-10-23,40.60
2022-10-24,34.71
2022-10-25,21.50
2022-10-26,22.78
2022-10-27,18.15
2022-10-28,26.04
2022-10-29,20.80
2022-10-30,29.34
2022-10-31,39.77
2022-11-01,15.71
2022-11-02,18.20
2022-11-03,14.31
2022-11-04,17.39
2022-11-05,17.99
2022-11-06,35.14
2022-11-07,31.91
2022-11-08,14.01
2022-11-09,10.00
2022-11-10,25.88
2022-11-11,10.63
2022-11-12,23.70
2022-11-13,26.19
2022-11-14,12.17
2022-11-15,16.67
2022-11-16,16.44
2022-11-17,77.33
2022-11-18,73.10
2022-11-19,97.84
2022-11-20,103.43
2022-11-21,75.69
2022-11-22,87.62
2022-11-23,86.20
2022-11-24,125.39
2022-11-25,102.81
2022-11-26,100.34
2022-11-27,96.73
2022-11-28,77.03
2022-11-29,81.17
2022-11-30,66.12
2022-12-01,63.93
2022-12-02,62.16
2022-12-03,59.63
2022-12-04,64.76
2022-12-05,80.75
2022-12-06,42.32
2022-12-07,49.86
2022-12-08,42.07
2022-12-09,58.08
2022-12-10,60.25
2022-12-11,61.75
2022-12-12,44.64
2022-12-13,39.86
2022-12-14,42.71
2022-12-15,37.89
2022-12-16,29.71
2022-12-17,42.41
2022-12-18,28.52
2022-12-19,42.81
2022-12-20,32.97
2022-12-21,81.82
2022-12-22,185.18
2022-12-23,406.22
2022-12-24,517.97
2022-12-25,461.64
2022-12-26,398.75
2022-12-27,349.13
2022-12-28,313.87
2022-12-29,309.03
2022-12-30,363.58
2022-12-31,410.68
2023-01-01,440.04
2023-01-02,440.84
2023-01-03,454.77
2023-01-04,409.12
2023-01-05,447.58
2023-01-06,477.76
2023-01-07,463.36
2023-01-08,414.83
2023-01-09,436.47
2023-01-10,526.55
2023-01-11,568.56
2023-01-12,746.73
2023-01-13,767.36
2023-01-14,800.15
2023-01-15,1043.39
2023-01-16,1267.26
2023-01-17,1274.67
2023-01-18,1111.40
2023-01-19,852.49
2023-01-20,687.68
2023-01-21,593.24
2023-01-22,522.15
2023-01-23,472.84
2023-01-24,438.79
2023-01-25,394.51
2023-01-26,344.67
2023-01-27,312.21
2023-01-28,296.65
2023-01-29,259.67
2023-01-30,246.46
2023-01-31,232.70
2023-02-01,227.83
2023-02-02,226.05
2023-02-03,238.81
2023-02-04,221.80
2023-02-05,257.49
2023-02-06,235.68
2023-02-07,200.67
2023-02-08,183.18
2023-02-09,183.92
2023-02-10,162.91
2023-02-11,175.21
2023-02-12,156.47
2023-02-13,128.34
2023-02-14,122.92
2023-02-15,123.88
2023-02-16,123.08
2023-02-17,118.11
2023-02-18,127.33
2023-02-19,149.80
2023-02-20,142.62
2023-02-21,118.56
2023-02-22,116.05
2023-02-23,123.30
2023-02-24,111.94
2023-02-25,101.79
2023-02-26,117.19
2023-02-27,103.92
2023-02-28,77.60
2023-03-01,80.70
2023-03-02,83.71
2023-03-03,85.96
2023-03-04,89.36
2023-03-05,85.05
2023-03-06,80.47
2023-03-07,84.60
2023-03-08,150.54
2023-03-09,526.89
2023-03-10,758.02
2023-03-11,732.11
2023-03-12,601.63
2023-03-13,485.39
2023-03-14,477.09
2023-03-15,629.92
2023-03-16,554.83
2023-03-17,469.08
2023-03-18,443.76
2023-03-19,420.03
2023-03-20,424.27
2023-03-21,319.10
2023-03-22,316.53
2023-03-23,270.88
2023-03-24,268.83
2023-03-25,339.34
2023-03-26,383.02
2023-03-27,535.07
2023-03-28,467.39
2023-03-29,410.01
2023-03-30,391.34
2023-03-31,413.50
2023-04-01,606.81
2023-04-02,880.62
2023-04-03,825.07
2023-04-04,671.26
2023-04-05,547.10
2023-04-06,458.05
2023-04-07,489.12
2023-04-08,414.93
2023-04-09,379.24
2023-04-10,346.83
2023-04-11,341.11
2023-04-12,331.83
2023-04-13,423.46
2023-04-14,410.55
2023-04-15,342.31
2023-04-16,327.95
2023-04-17,277.50
2023-04-18,251.46
2023-04-19,232.20
2023-04-20,216.11
2023-04-21,210.07
2023-04-22,212.64
2023-04-23,218.10
2023-04-24,209.75
2023-04-25,217.28
2023-04-26,237.56
2023-04-27,207.17
2023-04-28,212.47
2023-04-29,224.15
2023-04-30,214.19
2023-05-01,202.34
2023-05-02,171.62
2023-05-03,155.99
2023-05-04,155.46
2023-05-05,139.06
2023-05-06,141.24
2023-05-07,162.41
2023-05-08,137.73
2023-05-09,150.70
2023-05-10,224.86
2023-05-11,292.60
2023-05-12,309.17
2023-05-13,284.15
2023-05-14,258.77
2023-05-15,208.53
2023-05-16,189.56
2023-05-17,166.34
2023-05-18,153.97
2023-05-19,136.56
2023-05-20,134.68
2023-05-21,114.86
2023-05-22,103.23
2023-05-23,95.58
2023-05-24,88.78
2023-05-25,71.69
2023-05-26,78.06
2023-05-27,72.66
2023-05-28,91.02
2023-05-29,85.96
2023-05-30,56.74
2023-05-31,45.74
2023-06-01,42.24
2023-06-02,43.88
2023-06-03,57.52
2023-06-04,53.54
2023-06-05,47.90
2023-06-06,21.86
2023-06-07,44.12
2023-06-08,46.30
2023-06-09,35.27
2023-06-10,40.61
2023-06-11,42.52
2023-06-12,47.52
2023-06-13,27.61
2023-06-14,26.49
2023-06-15,20.26
2023-06-16,30.45
2023-06-17,27.89
2023-06-18,59.06
2023-06-19,34.43
2023-06-20,31.34
2023-06-21,47.01
2023-06-22,168.62
2023-06-23,105.18
2023-06-24,57.39
2023-06-25,55.49
2023-06-26,44.03
2023-06-27,39.81
2023-06-28,43.15
2023-06-29,30.69
2023-06-30,45.70
2023-07-01,51.02
2023-07-02,51.16
2023-07-03,43.86
2023-07-04,32.67
2023-07-05,43.19
2023-07-06,50.42
2023-07-07,35.73
2023-07-08,37.47
2023-07-09,48.41
2023-07-10,37.92
2023-07-11,28.56
2023-07-12,13.55
2023-07-13,12.28
2023-07-14,10.76
2023-07-15,10.00
2023-07-16,22.19
2023-07-17,39.69
2023-07-18,23.19
2023-07-19,34.88
2023-07-20,38.47
2023-07-21,24.88
2023-07-22,30.66
2023-07-23,27.44
2023-07-24,56.84
2023-07-25,55.14
2023-07-26,44.19
2023-07-27,83.96
2023-07-28,70.22
2023-07-29,91.99
2023-07-30,73.08
2023-07-31,53.08
2023-08-01,153.19
2023-08-02,128.84
2023-08-03,189.45
2023-08-04,256.93
2023-08-05,169.64
2023-08-06,212.92
2023-08-07,262.64
2023-08-08,169.94
2023-08-09,156.22
2023-08-10,111.86
2023-08-11,93.56
2023-08-12,125.17
2023-08-13,119.67
2023-08-14,95.43
2023-08-15,85.34
2023-08-16,94.33
2023-08-17,69.26
2023-08-18,70.96
2023-08-19,74.56
2023-08-20,80.46
2023-08-21,58.66
2023-08-22,64.09
2023-08-23,44.62
2023-08-24,60.31
2023-08-25,107.96
2023-08-26,76.83
2023-08-27,65.13
2023-08-28,61.07
2023-08-29,43.67
2023-08-30,54.59
2023-08-31,60.24
2023-09-01,73.90
2023-09-02,86.23
2023-09-03,80.70
2023-09-04,63.70
2023-09-05,48.47
2023-09-06,53.09
2023-09-07,45.63
2023-09-08,49.92
2023-09-09,44.24
2023-09-10,59.32
2023-09-11,46.31
2023-09-12,156.11
2023-09-13,118.10
2023-09-14,60.75
2023-09-15,50.80
2023-09-16,45.05
2023-09-17,78.48
2023-09-18,54.42
2023-09-19,57.16
2023-09-20,42.95
2023-09-21,52.74
2023-09-22,82.31
2023-09-23,99.64
2023-09-24,67.77
2023-09-25,62.66
2023-09-26,45.99
2023-09-27,41.83
2023-09-28,37.65
2023-09-29,36.95
2023-09-30,52.16
2023-10-01,57.66
2023-10-02,45.12
2023-10-03,28.08
2023-10-04,28.25
2023-10-05,35.43
2023-10-06,40.46
2023-10-07,49.92
2023-10-08,49.13
2023-10-09,25.15
2023-10-10,30.92
2023-10-11,37.32
2023-10-12,42.54
2023-10-13,41.22
2023-10-14,45.27
2023-10-15,59.76
2023-10-16,42.68
2023-10-17,39.82
2023-10-18,26.00
2023-10-19,43.76
2023-10-20,69.13
2023-10-21,70.87
2023-10-22,115.89
2023-10-23,93.01
2023-10-24,97.67
2023-10-25,127.67
2023-10-26,184.71
2023-10-27,275.83
2023-10-28,403.50
2023-10-29,400.39
2023-10-30,405.76
2023-10-31,441.70
2023-11-01,440.18
2023-11-02,377.82
2023-11-03,363.19
2023-11-04,333.39
2023-11-05,396.53
2023-11-06,460.66
2023-11-07,445.37
2023-11-08,429.52
2023-11-09,444.86
2023-11-10,639.26
2023-11-11,725.81
2023-11-12,693.03
2023-11-13,583.31
2023-11-14,699.65
2023-11-15,770.43
2023-11-16,771.68
2023-11-17,755.27
2023-11-18,732.24
2023-11-19,738.81
2023-11-20,754.99
2023-11-21,764.14
2023-11-22,718.63
2023-11-23,664.63
2023-11-24,633.26
2023-11-25,653.87
2023-11-26,648.61
2023-11-27,636.07
2023-11-28,809.74
2023-11-29,743.80
2023-11-30,658.56
2023-12-01,547.09
2023-12-02,503.35
2023-12-03,449.73
2023-12-04,413.51
2023-12-05,489.34
2023-12-06,628.27
2023-12-07,611.72
2023-12-08,535.91
2023-12-09,471.38
2023-12-10,621.02
2023-12-11,649.29
2023-12-12,595.55
2023-12-13,564.79
2023-12-14,564.87
2023-12-15,546.30
2023-12-16,488.38
2023-12-17,468.31
2023-12-18,439.69
2023-12-19,436.10
2023-12-20,532.57
2023-12-21,582.55
2023-12-22,708.91
2023-12-23,791.72
2023-12-24,810.31
2023-12-25,979.69
2023-12-26,1042.24
2023-12-27,980.19
2023-12-28,838.51
2023-12-29,732.87
2023-12-30,646.62
2023-12-31,581.07
2024-01-01,560.49
2024-01-02,647.02
2024-01-03,1385.93
2024-01-04,1577.15
2024-01-05,1503.72
2024-01-06,1371.79
2024-01-07,1198.74
2024-01-08,985.01
2024-01-09,790.74
2024-01-10,687.34
2024-01-11,623.28
2024-01-12,618.87
2024-01-13,564.76
2024-01-14,490.98
2024-01-15,434.26
2024-01-16,367.71
2024-01-17,352.00
2024-01-18,401.71
2024-01-19,412.06
2024-01-20,373.54
2024-01-21,355.25
2024-01-22,416.47
2024-01-23,607.05
2024-01-24,573.59
2024-01-25,552.87
2024-01-26,536.14
2024-01-27,527.11
2024-01-28,495.86
2024-01-29,445.70
2024-01-30,407.22
2024-01-31,399.87
2024-02-01,383.73
2024-02-02,378.48
2024-02-03,347.02
2024-02-04,382.35
2024-02-05,368.05
2024-02-06,397.53
2024-02-07,488.94
2024-02-08,1113.94
2024-02-09,1427.29
2024-02-10,1408.51
2024-02-11,1188.68
2024-02-12,1055.04
2024-02-13,911.63
2024-02-14,781.59
2024-02-15,733.77
2024-02-16,672.09
2024-02-17,623.94
2024-02-18,555.07
2024-02-19,554.27
2024-02-20,525.04
2024-02-21,490.20
2024-02-22,600.24
2024-02-23,1064.09
2024-02-24,1112.53
2024-02-25,981.95
2024-02-26,970.97
2024-02-27,964.17
2024-02-28,845.22
2024-02-29,768.93
2024-03-01,720.94
2024-03-02,731.06
2024-03-03,714.21
2024-03-04,649.79
2024-03-05,559.11
2024-03-06,480.23
2024-03-07,431.60
2024-03-08,393.03
2024-03-09,362.74
2024-03-10,350.28
2024-03-11,386.91
2024-03-12,508.14
2024-03-13,716.00
2024-03-14,662.45
2024-03-15,571.51
2024-03-16,614.01
2024-03-17,539.06
2024-03-18,497.92
2024-03-19,435.26
2024-03-20,367.83
2024-03-21,355.30
2024-03-22,316.64
2024-03-23,376.65
2024-03-24,385.64
2024-03-25,340.99
2024-03-26,316.76
2024-03-27,295.48
2024-03-28,271.34
2024-03-29,290.66
2024-03-30,299.14
2024-03-31,342.34
2024-04-01,347.94
2024-04-02,343.01
2024-04-03,341.91
2024-04-04,438.80
2024-04-05,631.94
2024-04-06,602.32
2024-04-07,561.27
2024-04-08,496.50
2024-04-09,479.20
2024-04-10,468.79
2024-04-11,437.93
2024-04-12,387.56
2024-04-13,362.10
2024-04-14,305.71
2024-04-15,301.30
2024-04-16,295.96
2024-04-17,355.63
2024-04-18,312.47
2024-04-19,317.39
2024-04-20,375.99
2024-04-21,366.54
2024-04-22,307.98
2024-04-23,277.22
2024-04-24,273.10
2024-04-25,263.45
2024-04-26,230.89
2024-04-27,217.77
2024-04-28,222.95
2024-04-29,193.47
2024-04-30,171.34
2024-05-01,205.61
2024-05-02,172.97
2024-05-03,228.20
2024-05-04,233.58
2024-05-05,231.93
2024-05-06,207.97
2024-05-07,246.68
2024-05-08,215.82
2024-05-09,210.27
2024-05-10,219.77
2024-05-11,227.59
2024-05-12,204.49
2024-05-13,196.92
2024-05-14,187.96
2024-05-15,209.10
2024-05-16,260.97
2024-05-17,338.22
2024-05-18,693.68
2024-05-19,443.37
2024-05-20,408.76
2024-05-21,366.37
2024-05-22,459.37
2024-05-23,377.31
2024-05-24,358.58
2024-05-25,437.92
2024-05-26,374.76
2024-05-27,329.58
2024-05-28,303.36
2024-05-29,310.17
2024-05-30,647.33
2024-05-31,690.65
2024-06-01,649.28
2024-06-02,560.56
2024-06-03,469.52
2024-06-04,386.83
2024-06-05,345.29
2024-06-06,287.81
2024-06-07,247.02
2024-06-08,220.07
2024-06-09,199.63
2024-06-10,180.76
2024-06-11,154.50
2024-06-12,151.71
2024-06-13,144.17
2024-06-14,122.69
2024-06-15,158.17
2024-06-16,157.49
2024-06-17,156.10
2024-06-18,149.92
2024-06-19,227.99
2024-06-20,174.61
2024-06-21,202.26
2024-06-22,242.97
2024-06-23,259.29
2024-06-24,174.33
2024-06-25,143.93
2024-06-26,143.90
2024-06-27,120.90
2024-06-28,126.63
2024-06-29,107.28
2024-06-30,201.90
2024-07-01,205.86
2024-07-02,202.22
2024-07-03,158.74
2024-07-04,181.25
2024-07-05,169.10
2024-07-06,185.07
2024-07-07,161.15
2024-07-08,152.12
2024-07-09,137.10
2024-07-10,145.83
2024-07-11,107.99
2024-07-12,247.73
2024-07-13,264.92
2024-07-14,156.91
2024-07-15,127.45
2024-07-16,115.02
2024-07-17,129.18
2024-07-18,101.21
2024-07-19,94.59
2024-07-20,102.15
2024-07-21,101.02
2024-07-22,88.72
2024-07-23,75.50
2024-07-24,76.71
2024-07-25,68.33
2024-07-26,80.90
2024-07-27,107.53
2024-07-28,107.53
2024-07-29,136.16
2024-07-30,99.52
2024-07-31,100.90
2024-08-01,139.53
2024-08-02,154.91
2024-08-03,188.01
2024-08-04,155.81
2024-08-05,112.39
2024-08-06,98.01
2024-08-07,94.08
2024-08-08,65.80
2024-08-09,81.27
2024-08-10,77.55
2024-08-11,66.07
2024-08-12,64.95
2024-08-13,65.80
2024-08-14,85.45
2024-08-15,90.53
2024-08-16,71.09
2024-08-17,84.66
2024-08-18,161.45
2024-08-19,116.70
2024-08-20,88.09
2024-08-21,75.55
2024-08-22,70.60
2024-08-23,57.54
2024-08-24,79.85
2024-08-25,89.47
2024-08-26,81.04
2024-08-27,65.14
2024-08-28,67.56
2024-08-29,58.70
2024-08-30,31.99
2024-08-31,72.40
2024-09-01,72.15
2024-09-02,59.17
2024-09-03,73.55
2024-09-04,91.34
2024-09-05,47.73
2024-09-06,115.74
2024-09-07,78.08
2024-09-08,166.02
2024-09-09,143.47
2024-09-10,146.27
2024-09-11,160.90
2024-09-12,163.19
2024-09-13,133.28
2024-09-14,91.09
2024-09-15,84.96
2024-09-16,82.60
2024-09-17,66.64
2024-09-18,72.57
2024-09-19,59.15
2024-09-20,66.58
2024-09-21,74.30
2024-09-22,69.06
2024-09-23,68.32
2024-09-24,48.73
2024-09-25,105.82
2024-09-26,245.44
2024-09-27,391.72
2024-09-28,370.84
2024-09-29,321.45
2024-09-30,246.62
2024-10-01,231.55
2024-10-02,236.02
2024-10-03,222.66
2024-10-04,188.87
2024-10-05,161.98
2024-10-06,145.47
2024-10-07,155.64
2024-10-08,177.30
2024-10-09,226.62
2024-10-10,1106.67
2024-10-11,1507.86
2024-10-12,1082.20
2024-10-13,825.24
2024-10-14,687.55
2024-10-15,591.87
2024-10-16,485.86
2024-10-17,430.47
2024-10-18,353.21
2024-10-19,377.95
2024-10-20,489.59
2024-10-21,420.33
2024-10-22,346.74
2024-10-23,322.90
2024-10-24,274.28
2024-10-25,276.99
2024-10-26,237.72
2024-10-27,238.72
2024-10-28,209.23
2024-10-29,206.46
2024-10-30,181.25
2024-10-31,168.68
2024-11-01,173.73
2024-11-02,163.60
2024-11-03,146.57
2024-11-04,147.46
2024-11-05,138.36
2024-11-06,130.54
2024-11-07,114.72
2024-11-08,110.40
2024-11-09,122.23
2024-11-10,111.78
2024-11-11,124.91
2024-11-12,117.19
2024-11-13,126.59
2024-11-14,99.93
2024-11-15,110.29
2024-11-16,93.45
2024-11-17,107.20
2024-11-18,129.67
2024-11-19,282.99
2024-11-20,756.35
2024-11-21,646.21
2024-11-22,524.51
2024-11-23,418.81
2024-11-24,402.80
2024-11-25,399.11
2024-11-26,397.30
2024-11-27,355.85
2024-11-28,364.50
2024-11-29,321.50
2024-11-30,280.51
2024-12-01,273.66
2024-12-02,280.20
2024-12-03,278.39
2024-12-04,261.77
2024-12-05,239.43
2024-12-06,404.89
2024-12-07,488.44
2024-12-08,671.99
2024-12-09,779.92
2024-12-10,652.69
2024-12-11,569.67
2024-12-12,457.93
2024-12-13,411.23
2024-12-14,381.29
2024-12-15,363.78
2024-12-16,335.36
2024-12-17,302.44
2024-12-18,276.60
2024-12-19,349.15
2024-12-20,545.17
2024-12-21,448.96
2024-12-22,573.39
2024-12-23,790.20
2024-12-24,911.26
2024-12-25,812.92
2024-12-26,693.46
2024-12-27,620.08
2024-12-28,547.97
2024-12-29,482.99
2024-12-30,478.64
2024-12-31,469.99
